"('NP', 'np')","('NP', ('NP', 'NP'))","('S', ('NP', 'S'))","('S', ('NP', 'VP'))","('S', ('S', 'NP'))","('S', ('VP', 'NP'))","('S', ('VP',))","('V', 'v')","('VP', ('NP', 'V'))","('VP', ('NP', 'VP'))","('VP', ('V', 'NP'))","('VP', ('V',))","('VP', ('VP', 'NP'))",
0.8823529411764706,0.11764705882352941,0,0,0,0.5,0.5,1,0.8,0,0,0.2,0,0
0.8823529411764706,0.11764705882352941,0,0,0,0.5,0.5,1,0.8,0,0,0.2,0,1
0.8823529411764706,0.11764705882352941,0,0,0,0.5,0.5,1,0.8,0,0,0.2,0,2
0.8823529411764706,0.11764705882352941,0,0.8,0,0,0.2,1,0,0,0.5,0.5,0,3
0.8823529411764706,0.11764705882352941,0,0,0,0.5,0.5,1,0.8,0,0,0.2,0,4
0.8823529411764706,0.11764705882352941,0,0,0,0.5,0.5,1,0.8,0,0,0.2,0,5
0.8823529411764706,0.11764705882352941,0,0,0,0.5,0.5,1,0.8,0,0,0.2,0,6
0.8823529411764706,0.11764705882352941,0,0.8,0,0,0.2,1,0,0,0.5,0.5,0,7
0.8823529411764706,0.11764705882352941,0,0.8,0,0,0.2,1,0,0,0.5,0.5,0,8
0.8823529411764706,0.11764705882352941,0,0.8,0,0,0.2,1,0,0,0.5,0.5,0,9
0.8823529411764706,0.11764705882352941,0,0.8,0,0,0.2,1,0,0,0.5,0.5,0,10
0.8823529411764706,0.11764705882352941,0,0.8,0,0,0.2,1,0,0,0.5,0.5,0,11
0.8823529411764706,0.11764705882352941,0,0,0,0.5,0.5,1,0.8,0,0,0.2,0,12
0.8823529411764706,0.11764705882352941,0,0,0,0.5,0.5,1,0.8,0,0,0.2,0,13
0.8823529411764706,0.11764705882352941,0,0,0,0.5,0.5,1,0.8,0,0,0.2,0,14
0.8823529411764706,0.11764705882352941,0,0,0,0.5,0.5,1,0.8,0,0,0.2,0,15
0.8823529411764706,0.11764705882352941,0,0,0,0.5,0.5,1,0.8,0,0,0.2,0,16
0.8823529411764706,0.11764705882352941,0,0,0,0.5,0.5,1,0.8,0,0,0.2,0,17
0.8823529411764706,0.11764705882352941,0,0,0,0.5,0.5,1,0.8,0,0,0.2,0,18
0.8823529411764706,0.11764705882352941,0,0.8,0,0,0.2,1,0,0,0.5,0.5,0,19
0.8823529411764706,0.11764705882352941,0,0.8,0,0,0.2,1,0,0,0.5,0.5,0,20
0.8823529411764706,0.11764705882352941,0,0.8,0,0,0.2,1,0,0,0.5,0.5,0,21
0.8823529411764706,0.11764705882352941,0,0.8,0,0,0.2,1,0,0,0.5,0.5,0,22
1,0,0,0.1,0,0,0.9,1,0.5,0,0,0.125,0.375,23
0.8823529411764706,0.11764705882352941,0,0.8,0,0,0.2,1,0,0,0.5,0.5,0,24
0.8823529411764706,0.11764705882352941,0,0,0,0.5,0.5,1,0.8,0,0,0.2,0,25
0.8823529411764706,0.11764705882352941,0,0,0,0.5,0.5,1,0.8,0,0,0.2,0,26
0.8823529411764706,0.11764705882352941,0,0.8,0,0,0.2,1,0,0,0.5,0.5,0,27
0.8823529411764706,0.11764705882352941,0,0.8,0,0,0.2,1,0,0,0.5,0.5,0,28
1,0,0.090909091,0,0,0,0.9090909090909091,1,0.5,0,0,0.125,0.375,29
0.8823529411764706,0.11764705882352941,0,0.8,0,0,0.2,1,0,0,0.5,0.5,0,30
0.8823529411764706,0.11764705882352941,0,0.8,0,0,0.2,1,0,0,0.5,0.5,0,31
1,0,0,0,0,0,1,1,0.47058823529411764,0.058823529411764705,0,0.11764705882352941,0.35294117647058826,32
1,0,0,0.1,0,0,0.9,1,0.5,0,0,0.125,0.375,33
0.8823529411764706,0.11764705882352941,0,0.8,0,0,0.2,1,0,0,0.5,0.5,0,34
0.8823529411764706,0.11764705882352941,0,0.8,0,0,0.2,1,0,0,0.5,0.5,0,35
0.8823529411764706,0.11764705882352941,0,0.8,0,0,0.2,1,0,0,0.5,0.5,0,36
0.8823529411764706,0.11764705882352941,0,0,0,0.5,0.5,1,0.8,0,0,0.2,0,37
0.8823529411764706,0.11764705882352941,0,0,0,0.5,0.5,1,0.8,0,0,0.2,0,38
0.8823529411764706,0.11764705882352941,0,0.8,0,0,0.2,1,0,0,0.5,0.5,0,39
1,0,0.058823529411764705,0.47058823529411764,0.35294117647058826,0,0.11764705882352941,1,0,0,0,1,0,40
0.8823529411764706,0.11764705882352941,0,0.8,0,0,0.2,1,0,0,0.5,0.5,0,41
0.8823529411764706,0.11764705882352941,0,0.8,0,0,0.2,1,0,0,0.5,0.5,0,42
0.8823529411764706,0.11764705882352941,0,0,0,0.5,0.5,1,0.8,0,0,0.2,0,43
0.8823529411764706,0.11764705882352941,0,0.8,0,0,0.2,1,0,0,0.5,0.5,0,44
0.8823529411764706,0.11764705882352941,0,0,0,0.5,0.5,1,0.8,0,0,0.2,0,45
0.9375,0.0625,0,0.1,0,0.5,0.4,1,0.8,0,0,0.2,0,46
1,0,0,0.0625,0.375,0,0.5625,1,0.8,0,0,0.2,0,47
0.9375,0.0625,0,0,0.375,0,0.625,1,0.8,0,0,0.2,0,48
0.8823529411764706,0.11764705882352941,0,0,0,0.5,0.5,1,0.8,0,0,0.2,0,49
0.8823529411764706,0.11764705882352941,0,0.8,0,0,0.2,1,0,0,0.5,0.5,0,50
0.8823529411764706,0.11764705882352941,0,0.8,0,0,0.2,1,0,0,0.5,0.5,0,51
0.8823529411764706,0.11764705882352941,0,0.8,0,0,0.2,1,0,0,0.5,0.5,0,52
0.8823529411764706,0.11764705882352941,0,0,0,0.5,0.5,1,0.8,0,0,0.2,0,53
0.8823529411764706,0.11764705882352941,0,0,0,0.5,0.5,1,0.8,0,0,0.2,0,54
1,0,0,0,0.090909091,0.45454545454545453,0.45454545454545453,1,0.7272727272727273,0.090909091,0,0.18181818181818182,0,55
1,0,0,0,0.23076923076923078,0.23076923076923078,0.5384615384615384,1,0.7272727272727273,0.090909091,0,0.18181818181818182,0,56
1,0,0,0.083333333,0.16666666666666666,0.3333333333333333,0.4166666666666667,1,0.8,0,0,0.2,0,57
1,0,0,0.0625,0.375,0,0.5625,1,0.8,0,0,0.2,0,58
0.8823529411764706,0.11764705882352941,0,0.8,0,0,0.2,1,0,0,0.5,0.5,0,59
0.8823529411764706,0.11764705882352941,0,0,0,0.5,0.5,1,0.8,0,0,0.2,0,60
1,0,0,0.0625,0.375,0,0.5625,1,0.8,0,0,0.2,0,61
0.8823529411764706,0.11764705882352941,0,0,0,0.5,0.5,1,0.8,0,0,0.2,0,62
0.8823529411764706,0.11764705882352941,0,0,0,0.5,0.5,1,0.8,0,0,0.2,0,63
0.8823529411764706,0.11764705882352941,0,0,0,0.5,0.5,1,0.8,0,0,0.2,0,64
0.8823529411764706,0.11764705882352941,0,0,0,0.5,0.5,1,0.8,0,0,0.2,0,65
0.8823529411764706,0.11764705882352941,0,0,0,0.5,0.5,1,0.8,0,0,0.2,0,66
0.8823529411764706,0.11764705882352941,0,0,0,0.5,0.5,1,0.8,0,0,0.2,0,67
0.8823529411764706,0.11764705882352941,0,0.8,0,0,0.2,1,0,0,0.5,0.5,0,68
0.8823529411764706,0.11764705882352941,0,0.8,0,0,0.2,1,0,0,0.5,0.5,0,69
1,0,0,0.7,0,0,0.3,1,0.125,0,0,0.5,0.375,70
0.8823529411764706,0.11764705882352941,0,0.8,0,0,0.2,1,0,0,0.5,0.5,0,71
0.8823529411764706,0.11764705882352941,0,0.8,0,0,0.2,1,0,0,0.5,0.5,0,72
0.8823529411764706,0.11764705882352941,0,0.8,0,0,0.2,1,0,0,0.5,0.5,0,73
0.8823529411764706,0.11764705882352941,0,0,0,0.5,0.5,1,0.8,0,0,0.2,0,74
0.8823529411764706,0.11764705882352941,0,0.8,0,0,0.2,1,0,0,0.5,0.5,0,75
0.8823529411764706,0.11764705882352941,0,0,0,0.5,0.5,1,0.8,0,0,0.2,0,76
0.8823529411764706,0.11764705882352941,0,0,0,0.5,0.5,1,0.8,0,0,0.2,0,77
0.8823529411764706,0.11764705882352941,0,0,0,0.5,0.5,1,0.8,0,0,0.2,0,78
1,0,0.090909091,0,0,0,0.9090909090909091,1,0.5,0,0,0.125,0.375,79
1,0,0,0.1,0,0,0.9,1,0.5,0,0,0.125,0.375,80
0.8823529411764706,0.11764705882352941,0,0.8,0,0,0.2,1,0,0,0.5,0.5,0,81
1,0,0.090909091,0.7272727272727273,0,0,0.18181818181818182,1,0,0,0,0.625,0.375,82
0.8823529411764706,0.11764705882352941,0,0,0,0.5,0.5,1,0.8,0,0,0.2,0,83
0.8823529411764706,0.11764705882352941,0,0,0,0.5,0.5,1,0.8,0,0,0.2,0,84
0.8823529411764706,0.11764705882352941,0,0,0.3333333333333333,0,0.6666666666666666,1,0.8,0,0,0.2,0,85
0.8823529411764706,0.11764705882352941,0,0.8,0,0,0.2,1,0,0,0.5,0.5,0,86
0.8823529411764706,0.11764705882352941,0,0,0,0.5,0.5,1,0.8,0,0,0.2,0,87
0.8823529411764706,0.11764705882352941,0,0,0,0.5,0.5,1,0.8,0,0,0.2,0,88
0.8823529411764706,0.11764705882352941,0,0,0,0.5,0.5,1,0.8,0,0,0.2,0,89
0.8823529411764706,0.11764705882352941,0,0,0,0.5,0.5,1,0.8,0,0,0.2,0,90
1,0,0,0.0625,0.375,0,0.5625,1,0.8,0,0,0.2,0,91
1,0,0,0,0.375,0,0.625,1,0.7272727272727273,0.090909091,0,0.18181818181818182,0,92
0.8823529411764706,0.11764705882352941,0,0,0.3333333333333333,0,0.6666666666666666,1,0.8,0,0,0.2,0,93
0.8823529411764706,0.11764705882352941,0,0,0.3333333333333333,0,0.6666666666666666,1,0.8,0,0,0.2,0,94
0.8823529411764706,0.11764705882352941,0,0,0,0.5,0.5,1,0.8,0,0,0.2,0,95
0.8823529411764706,0.11764705882352941,0,0,0,0.5,0.5,1,0.8,0,0,0.2,0,96
1,0,0,0,0.375,0,0.625,1,0.7272727272727273,0.090909091,0,0.18181818181818182,0,97
0.8823529411764706,0.11764705882352941,0,0.8,0,0,0.2,1,0,0,0.5,0.5,0,98
0.8823529411764706,0.11764705882352941,0,0,0,0.5,0.5,1,0.8,0,0,0.2,0,99
0.8823529411764706,0.11764705882352941,0,0,0,0.5,0.5,1,0.8,0,0,0.2,0,100
1,0,0,0.0625,0.375,0,0.5625,1,0.8,0,0,0.2,0,101
1,0,0,0,0.375,0,0.625,1,0.7272727272727273,0.090909091,0,0.18181818181818182,0,102
1,0,0,0.0625,0.375,0,0.5625,1,0.8,0,0,0.2,0,103
0.9375,0.0625,0,0,0.375,0,0.625,1,0.8,0,0,0.2,0,104
0.8823529411764706,0.11764705882352941,0,0,0,0.5,0.5,1,0.8,0,0,0.2,0,105
1,0,0.058823529411764705,0,0.35294117647058826,0,0.5882352941176471,1,0.8,0,0,0.2,0,106
0.8823529411764706,0.11764705882352941,0,0,0,0.5,0.5,1,0.8,0,0,0.2,0,107
0.8823529411764706,0.11764705882352941,0,0.8,0,0,0.2,1,0,0,0.5,0.5,0,108
0.8823529411764706,0.11764705882352941,0,0,0,0.5,0.5,1,0.8,0,0,0.2,0,109
1,0,0.090909091,0.7272727272727273,0,0,0.18181818181818182,1,0,0,0,0.625,0.375,110
0.8823529411764706,0.11764705882352941,0,0,0,0.5,0.5,1,0.8,0,0,0.2,0,111
0.8823529411764706,0.11764705882352941,0,0,0,0.5,0.5,1,0.8,0,0,0.2,0,112
0.8823529411764706,0.11764705882352941,0,0,0,0.5,0.5,1,0.8,0,0,0.2,0,113
0.8823529411764706,0.11764705882352941,0,0,0,0.5,0.5,1,0.8,0,0,0.2,0,114
1,0,0,0.0625,0.375,0,0.5625,1,0.8,0,0,0.2,0,115
0.8823529411764706,0.11764705882352941,0,0.8,0,0,0.2,1,0,0,0.5,0.5,0,116
0.8823529411764706,0.11764705882352941,0,0.8,0,0,0.2,1,0,0,0.5,0.5,0,117
1,0,0,0.8,0,0,0.2,1,0.0625,0,0,0.5625,0.375,118
0.8823529411764706,0.11764705882352941,0,0,0,0.5,0.5,1,0.8,0,0,0.2,0,119
0.8823529411764706,0.11764705882352941,0,0,0,0.5,0.5,1,0.8,0,0,0.2,0,120
0.9375,0.0625,0,0.8,0,0,0.2,1,0,0,0,0.625,0.375,121
0.8823529411764706,0.11764705882352941,0,0.8,0,0,0.2,1,0,0,0,0.6666666666666666,0.3333333333333333,122
1,0,0.090909091,0.7272727272727273,0,0,0.18181818181818182,1,0,0,0,0.625,0.375,123
0.8823529411764706,0.11764705882352941,0,0,0,0.5,0.5,1,0.8,0,0,0.2,0,124
0.8823529411764706,0.11764705882352941,0,0.8,0,0,0.2,1,0,0,0.5,0.5,0,125
0.8823529411764706,0.11764705882352941,0,0,0,0.5,0.5,1,0.8,0,0,0.2,0,126
0.8823529411764706,0.11764705882352941,0,0,0,0.5,0.5,1,0.8,0,0,0.2,0,127
0.8823529411764706,0.11764705882352941,0,0,0,0.5,0.5,1,0.8,0,0,0.2,0,128
0.8823529411764706,0.11764705882352941,0,0,0,0.5,0.5,1,0.8,0,0,0.2,0,129
1,0,0,0.8,0,0,0.2,1,0,0.058823529411764705,0,0.5882352941176471,0.35294117647058826,130
0.8823529411764706,0.11764705882352941,0,0.8,0,0,0.2,1,0,0,0.5,0.5,0,131
0.8823529411764706,0.11764705882352941,0,0.8,0,0,0.2,1,0,0,0.5,0.5,0,132
0.8823529411764706,0.11764705882352941,0,0.8,0,0,0.2,1,0,0,0.5,0.5,0,133
0.8823529411764706,0.11764705882352941,0,0.8,0,0,0.2,1,0,0,0.5,0.5,0,134
0.8823529411764706,0.11764705882352941,0,0.8,0,0,0.2,1,0,0,0.5,0.5,0,135
0.8823529411764706,0.11764705882352941,0,0,0,0.5,0.5,1,0.8,0,0,0.2,0,136
0.8823529411764706,0.11764705882352941,0,0,0,0.5,0.5,1,0.8,0,0,0.2,0,137
0.8823529411764706,0.11764705882352941,0,0,0,0.5,0.5,1,0.8,0,0,0.2,0,138
1,0,0,0.1,0,0,0.9,1,0.5,0,0,0.125,0.375,139
1,0,0,0.1,0,0,0.9,1,0.5,0,0,0.125,0.375,140
1,0,0,0,0,0,1,1,0.47058823529411764,0.058823529411764705,0,0.11764705882352941,0.35294117647058826,141
1,0,0,0,0,0,1,1,0.47058823529411764,0.058823529411764705,0,0.11764705882352941,0.35294117647058826,142
0.8823529411764706,0.11764705882352941,0,0,0,0.5,0.5,1,0.8,0,0,0.2,0,143
1,0,0,0.1,0,0,0.9,1,0.5,0,0,0.125,0.375,144
0.8823529411764706,0.11764705882352941,0,0,0,0.5,0.5,1,0.8,0,0,0.2,0,145
0.8823529411764706,0.11764705882352941,0,0,0,0.5,0.5,1,0.8,0,0,0.2,0,146
0.8823529411764706,0.11764705882352941,0,0,0,0.5,0.5,1,0.8,0,0,0.2,0,147
0.8823529411764706,0.11764705882352941,0,0,0,0.5,0.5,1,0.8,0,0,0.2,0,148
1,0,0,0.4375,0.375,0,0.1875,1,0,0.16666666666666666,0,0.8333333333333334,0,149
0.8823529411764706,0.11764705882352941,0,0,0,0.5,0.5,1,0.8,0,0,0.2,0,150
0.8823529411764706,0.11764705882352941,0,0,0,0.5,0.5,1,0.8,0,0,0.2,0,151
0.8823529411764706,0.11764705882352941,0,0,0,0.5,0.5,1,0.8,0,0,0.2,0,152
0.8823529411764706,0.11764705882352941,0,0,0,0.5,0.5,1,0.8,0,0,0.2,0,153
0.8823529411764706,0.11764705882352941,0,0,0,0.5,0.5,1,0.8,0,0,0.2,0,154
0.8823529411764706,0.11764705882352941,0,0,0,0.5,0.5,1,0.8,0,0,0.2,0,155
0.8823529411764706,0.11764705882352941,0,0,0,0.5,0.5,1,0.8,0,0,0.2,0,156
0.8823529411764706,0.11764705882352941,0,0,0,0.5,0.5,1,0.8,0,0,0.2,0,157
0.8823529411764706,0.11764705882352941,0,0,0,0.5,0.5,1,0.8,0,0,0.2,0,158
0.8823529411764706,0.11764705882352941,0,0,0,0.5,0.5,1,0.8,0,0,0.2,0,159
0.8823529411764706,0.11764705882352941,0,0,0,0.5,0.5,1,0.8,0,0,0.2,0,160
0.8823529411764706,0.11764705882352941,0,0,0,0.5,0.5,1,0.8,0,0,0.2,0,161
0.8823529411764706,0.11764705882352941,0,0.8,0,0,0.2,1,0,0,0.5,0.5,0,162
0.8823529411764706,0.11764705882352941,0,0,0,0.5,0.5,1,0.8,0,0,0.2,0,163
0.8823529411764706,0.11764705882352941,0,0,0,0.5,0.5,1,0.8,0,0,0.2,0,164
0.8823529411764706,0.11764705882352941,0,0,0,0.5,0.5,1,0.8,0,0,0.2,0,165
0.8823529411764706,0.11764705882352941,0,0,0,0.5,0.5,1,0.8,0,0,0.2,0,166
0.8823529411764706,0.11764705882352941,0,0,0,0.5,0.5,1,0.8,0,0,0.2,0,167
0.8823529411764706,0.11764705882352941,0,0.8,0,0,0.2,1,0,0,0.5,0.5,0,168
0.8823529411764706,0.11764705882352941,0,0.8,0,0,0.2,1,0,0,0.5,0.5,0,169
0.8823529411764706,0.11764705882352941,0,0,0,0.5,0.5,1,0.8,0,0,0.2,0,170
0.8823529411764706,0.11764705882352941,0,0,0,0.5,0.5,1,0.8,0,0,0.2,0,171
0.8823529411764706,0.11764705882352941,0,0.8,0,0,0.2,1,0,0,0.5,0.5,0,172
0.8823529411764706,0.11764705882352941,0,0.8,0,0,0.2,1,0,0,0.5,0.5,0,173
0.8823529411764706,0.11764705882352941,0,0.8,0,0,0.2,1,0,0,0.5,0.5,0,174
0.8823529411764706,0.11764705882352941,0,0.8,0,0,0.2,1,0,0,0.5,0.5,0,175
1,0,0,0,0.375,0,0.625,1,0.7272727272727273,0.090909091,0,0.18181818181818182,0,176
0.8823529411764706,0.11764705882352941,0,0,0,0.5,0.5,1,0.8,0,0,0.2,0,177
1,0,0,0.125,0.375,0,0.5,1,0.7,0,0,0.3,0,178
1,0,0,0,0.375,0,0.625,1,0.7272727272727273,0.090909091,0,0.18181818181818182,0,179
0.8823529411764706,0.11764705882352941,0,0,0,0.5,0.5,1,0.8,0,0,0.2,0,180
0.8823529411764706,0.11764705882352941,0,0.8,0,0,0.2,1,0,0,0.5,0.5,0,181
0.9375,0.0625,0,0,0.375,0,0.625,1,0.8,0,0,0.2,0,182
1,0,0,0.0625,0.375,0,0.5625,1,0.8,0,0,0.2,0,183
1,0,0,0.0625,0.375,0,0.5625,1,0.8,0,0,0.2,0,184
0.8823529411764706,0.11764705882352941,0,0.8,0,0,0.2,1,0,0,0.5,0.5,0,185
1,0,0,0.7,0,0,0.3,1,0,0.1111111111111111,0,0.5555555555555556,0.3333333333333333,186
0.8823529411764706,0.11764705882352941,0,0,0,0.5,0.5,1,0.8,0,0,0.2,0,187
0.8823529411764706,0.11764705882352941,0,0,0,0.5,0.5,1,0.8,0,0,0.2,0,188
0.8823529411764706,0.11764705882352941,0,0,0,0.5,0.5,1,0.8,0,0,0.2,0,189
0.8823529411764706,0.11764705882352941,0,0,0,0.5,0.5,1,0.8,0,0,0.2,0,190
0.8823529411764706,0.11764705882352941,0,0,0,0.5,0.5,1,0.8,0,0,0.2,0,191
0.8823529411764706,0.11764705882352941,0,0.8,0,0,0.2,1,0,0,0.5,0.5,0,192
0.8823529411764706,0.11764705882352941,0,0,0,0.5,0.5,1,0.8,0,0,0.2,0,193
0.8823529411764706,0.11764705882352941,0,0,0,0.5,0.5,1,0.8,0,0,0.2,0,194
1,0,0,0.8,0,0,0.2,1,0.0625,0,0,0.5625,0.375,195
0.9375,0.0625,0,0.8,0,0,0.2,1,0,0,0,0.625,0.375,196
0.8823529411764706,0.11764705882352941,0,0,0,0.5,0.5,1,0.8,0,0,0.2,0,197
0.8823529411764706,0.11764705882352941,0,0,0,0.5,0.5,1,0.8,0,0,0.2,0,198
0.8823529411764706,0.11764705882352941,0,0,0,0.5,0.5,1,0.8,0,0,0.2,0,199
1,0,0,0,0.375,0,0.625,1,0.46153846153846156,0.23076923076923078,0,0.3076923076923077,0,200
0.8823529411764706,0.11764705882352941,0,0,0,0.5,0.5,1,0.8,0,0,0.2,0,201
0.8823529411764706,0.11764705882352941,0,0,0,0.5,0.5,1,0.8,0,0,0.2,0,202
0.8823529411764706,0.11764705882352941,0,0,0,0.5,0.5,1,0.8,0,0,0.2,0,203
0.8823529411764706,0.11764705882352941,0,0,0.3333333333333333,0,0.6666666666666666,1,0.8,0,0,0.2,0,204
0.8823529411764706,0.11764705882352941,0,0.8,0,0,0.2,1,0,0,0.5,0.5,0,205
0.8823529411764706,0.11764705882352941,0,0,0,0.5,0.5,1,0.8,0,0,0.2,0,206
0.8823529411764706,0.11764705882352941,0,0,0,0.5,0.5,1,0.8,0,0,0.2,0,207
0.8823529411764706,0.11764705882352941,0,0,0,0.5,0.5,1,0.8,0,0,0.2,0,208
0.8823529411764706,0.11764705882352941,0,0,0,0.5,0.5,1,0.8,0,0,0.2,0,209
0.8823529411764706,0.11764705882352941,0,0,0,0.5,0.5,1,0.8,0,0,0.2,0,210
0.8823529411764706,0.11764705882352941,0,0,0,0.5,0.5,1,0.8,0,0,0.2,0,211
0.8823529411764706,0.11764705882352941,0,0,0,0.5,0.5,1,0.8,0,0,0.2,0,212
0.8823529411764706,0.11764705882352941,0,0,0,0.5,0.5,1,0.8,0,0,0.2,0,213
0.8823529411764706,0.11764705882352941,0,0,0,0.5,0.5,1,0.8,0,0,0.2,0,214
0.8823529411764706,0.11764705882352941,0,0,0,0.5,0.5,1,0.8,0,0,0.2,0,215
0.8823529411764706,0.11764705882352941,0,0,0,0.5,0.5,1,0.8,0,0,0.2,0,216
0.8823529411764706,0.11764705882352941,0,0,0,0.5,0.5,1,0.8,0,0,0.2,0,217
0.8823529411764706,0.11764705882352941,0,0,0,0.5,0.5,1,0.8,0,0,0.2,0,218
0.8823529411764706,0.11764705882352941,0,0,0,0.5,0.5,1,0.8,0,0,0.2,0,219
0.8823529411764706,0.11764705882352941,0,0.8,0,0,0.2,1,0,0,0.5,0.5,0,220
0.8823529411764706,0.11764705882352941,0,0.8,0,0,0.2,1,0,0,0.5,0.5,0,221
0.8823529411764706,0.11764705882352941,0,0,0,0.5,0.5,1,0.8,0,0,0.2,0,222
0.8823529411764706,0.11764705882352941,0,0,0,0.5,0.5,1,0.8,0,0,0.2,0,223
0.8823529411764706,0.11764705882352941,0,0,0,0.5,0.5,1,0.8,0,0,0.2,0,224
0.8823529411764706,0.11764705882352941,0,0.8,0,0,0.2,1,0,0,0.5,0.5,0,225
0.8823529411764706,0.11764705882352941,0,0.8,0,0,0.2,1,0,0,0.5,0.5,0,226
0.8823529411764706,0.11764705882352941,0,0.8,0,0,0.2,1,0,0,0.5,0.5,0,227
0.8823529411764706,0.11764705882352941,0,0.8,0,0,0.2,1,0,0,0.5,0.5,0,228
0.8823529411764706,0.11764705882352941,0,0,0,0.5,0.5,1,0.8,0,0,0.2,0,229
1,0,0,0.2,0,0,0.8,1,0.4375,0,0,0.1875,0.375,230
0.8823529411764706,0.11764705882352941,0,0.8,0,0,0.2,1,0,0,0.5,0.5,0,231
0.8823529411764706,0.11764705882352941,0,0.8,0,0,0.2,1,0,0,0.5,0.5,0,232
0.8823529411764706,0.11764705882352941,0,0.8,0,0,0.2,1,0,0,0.5,0.5,0,233
0.8823529411764706,0.11764705882352941,0,0,0,0.5,0.5,1,0.8,0,0,0.2,0,234
1,0,0.090909091,0,0,0,0.9090909090909091,1,0.5,0,0,0.125,0.375,235
1,0,0.090909091,0,0,0,0.9090909090909091,1,0.5,0,0,0.125,0.375,236
0.8823529411764706,0.11764705882352941,0,0.8,0,0,0.2,1,0,0,0.5,0.5,0,237
0.8823529411764706,0.11764705882352941,0,0,0,0.5,0.5,1,0.8,0,0,0.2,0,238
0.8823529411764706,0.11764705882352941,0,0,0,0.5,0.5,1,0.8,0,0,0.2,0,239
0.8823529411764706,0.11764705882352941,0,0,0,0.5,0.5,1,0.8,0,0,0.2,0,240
0.8823529411764706,0.11764705882352941,0,0.8,0,0,0.2,1,0,0,0.5,0.5,0,241
1,0,0,0.5,0.375,0,0.125,1,0,0.090909091,0,0.9090909090909091,0,242
0.8823529411764706,0.11764705882352941,0,0,0,0.5,0.5,1,0.8,0,0,0.2,0,243
0.8823529411764706,0.11764705882352941,0,0,0,0.5,0.5,1,0.8,0,0,0.2,0,244
0.8823529411764706,0.11764705882352941,0,0.8,0,0,0.2,1,0,0,0.5,0.5,0,245
1,0,0.058823529411764705,0.47058823529411764,0.35294117647058826,0,0.11764705882352941,1,0,0,0,1,0,246
0.8823529411764706,0.11764705882352941,0,0.8,0,0,0.2,1,0,0,0.5,0.5,0,247
0.8823529411764706,0.11764705882352941,0,0.8,0,0,0.2,1,0,0,0.5,0.5,0,248
0.8823529411764706,0.11764705882352941,0,0.8,0,0,0.2,1,0,0,0.5,0.5,0,249
0.8823529411764706,0.11764705882352941,0,0.8,0,0,0.2,1,0,0,0.5,0.5,0,250
0.8823529411764706,0.11764705882352941,0,0.8,0,0,0.2,1,0,0,0.5,0.5,0,251
0.8823529411764706,0.11764705882352941,0,0.8,0,0,0.2,1,0,0,0.5,0.5,0,252
0.8823529411764706,0.11764705882352941,0,0.8,0,0,0.2,1,0,0,0.5,0.5,0,253
0.8823529411764706,0.11764705882352941,0,0,0,0.5,0.5,1,0.8,0,0,0.2,0,254
1,0,0.090909091,0.7272727272727273,0,0,0.18181818181818182,1,0,0,0,0.625,0.375,255
1,0,0.090909091,0.7272727272727273,0,0,0.18181818181818182,1,0,0,0,0.625,0.375,256
0.8823529411764706,0.11764705882352941,0,0.8,0,0,0.2,1,0,0,0.5,0.5,0,257
0.9375,0.0625,0,0.8,0,0,0.2,1,0,0,0,0.625,0.375,258
0.9375,0.0625,0,0.8,0,0,0.2,1,0,0,0,0.625,0.375,259
1,0,0,0,0,0,1,1,0.47058823529411764,0.058823529411764705,0,0.11764705882352941,0.35294117647058826,260
1,0,0,0.5,0.375,0,0.125,1,0.1,0,0,0.9,0,261
1,0,0.090909091,0,0,0,0.9090909090909091,1,0.5,0,0,0.125,0.375,262
0.8823529411764706,0.11764705882352941,0,0.8,0,0,0.2,1,0,0,0.5,0.5,0,263
1,0,0.090909091,0.7272727272727273,0,0,0.18181818181818182,1,0,0,0,0.625,0.375,264
1,0,0,0.8,0,0,0.2,1,0.0625,0,0,0.5625,0.375,265
0.8823529411764706,0.11764705882352941,0,0.8,0,0,0.2,1,0,0,0.5,0.5,0,266
0.8823529411764706,0.11764705882352941,0,0,0,0.5,0.5,1,0.8,0,0,0.2,0,267
0.8823529411764706,0.11764705882352941,0,0,0,0.5,0.5,1,0.8,0,0,0.2,0,268
0.8823529411764706,0.11764705882352941,0,0,0,0.5,0.5,1,0.8,0,0,0.2,0,269
0.8823529411764706,0.11764705882352941,0,0.8,0,0,0.2,1,0,0,0.5,0.5,0,270
0.8823529411764706,0.11764705882352941,0,0,0,0.5,0.5,1,0.8,0,0,0.2,0,271
0.8823529411764706,0.11764705882352941,0,0,0,0.5,0.5,1,0.8,0,0,0.2,0,272
0.8823529411764706,0.11764705882352941,0,0,0,0.5,0.5,1,0.8,0,0,0.2,0,273
0.8823529411764706,0.11764705882352941,0,0,0,0.5,0.5,1,0.8,0,0,0.2,0,274
0.8823529411764706,0.11764705882352941,0,0,0,0.5,0.5,1,0.8,0,0,0.2,0,275
0.8823529411764706,0.11764705882352941,0,0,0,0.5,0.5,1,0.8,0,0,0.2,0,276
0.8823529411764706,0.11764705882352941,0,0,0,0.5,0.5,1,0.8,0,0,0.2,0,277
0.8823529411764706,0.11764705882352941,0,0.8,0,0,0.2,1,0,0,0.5,0.5,0,278
0.8823529411764706,0.11764705882352941,0,0.8,0,0,0.2,1,0,0,0.5,0.5,0,279
0.8823529411764706,0.11764705882352941,0,0.8,0,0,0.2,1,0,0,0.5,0.5,0,280
0.8823529411764706,0.11764705882352941,0,0.8,0,0,0.2,1,0,0,0.5,0.5,0,281
0.8823529411764706,0.11764705882352941,0,0.8,0,0,0.2,1,0,0,0.5,0.5,0,282
0.8823529411764706,0.11764705882352941,0,0.8,0,0,0.2,1,0,0,0.5,0.5,0,283
0.8823529411764706,0.11764705882352941,0,0.8,0,0,0.2,1,0,0,0.5,0.5,0,284
0.8823529411764706,0.11764705882352941,0,0,0,0.5,0.5,1,0.8,0,0,0.2,0,285
0.8823529411764706,0.11764705882352941,0,0,0,0.5,0.5,1,0.8,0,0,0.2,0,286
0.8823529411764706,0.11764705882352941,0,0,0,0.5,0.5,1,0.8,0,0,0.2,0,287
0.8823529411764706,0.11764705882352941,0,0,0,0.5,0.5,1,0.8,0,0,0.2,0,288
1,0,0.090909091,0.7272727272727273,0,0,0.18181818181818182,1,0,0,0,0.625,0.375,289
1,0,0.090909091,0.7272727272727273,0,0,0.18181818181818182,1,0,0,0,0.625,0.375,290
0.8823529411764706,0.11764705882352941,0,0.8,0,0,0.2,1,0,0,0.5,0.5,0,291
0.8823529411764706,0.11764705882352941,0,0,0,0.5,0.5,1,0.8,0,0,0.2,0,292
0.8823529411764706,0.11764705882352941,0,0,0,0.5,0.5,1,0.8,0,0,0.2,0,293
1,0,0,0.1875,0.375,0,0.4375,1,0.6,0,0,0.4,0,294
0.8823529411764706,0.11764705882352941,0,0.8,0,0,0.2,1,0,0,0.5,0.5,0,295
0.8823529411764706,0.11764705882352941,0,0,0,0.5,0.5,1,0.8,0,0,0.2,0,296
1,0,0.1111111111111111,0.3888888888888889,0.3333333333333333,0,0.16666666666666666,1,0,0,0,1,0,297
1,0,0,0.5,0.375,0,0.125,1,0,0.090909091,0,0.9090909090909091,0,298
0.8823529411764706,0.11764705882352941,0,0.8,0,0,0.2,1,0,0,0.5,0.5,0,299
0.8823529411764706,0.11764705882352941,0,0.8,0,0,0.2,1,0,0,0.5,0.5,0,300
0.9375,0.0625,0,0.5,0.375,0,0.125,1,0,0,0,1,0,301
1,0,0,0.4375,0.375,0,0.1875,1,0.2,0,0,0.8,0,302
0.8823529411764706,0.11764705882352941,0,0.8,0,0,0.2,1,0,0,0.5,0.5,0,303
0.8823529411764706,0.11764705882352941,0,0.8,0,0,0.2,1,0,0,0.5,0.5,0,304
0.8823529411764706,0.11764705882352941,0,0.8,0,0,0.2,1,0,0,0.5,0.5,0,305
0.8823529411764706,0.11764705882352941,0,0.8,0,0,0.2,1,0,0,0.5,0.5,0,306
0.8823529411764706,0.11764705882352941,0,0,0,0.5,0.5,1,0.8,0,0,0.2,0,307
0.8823529411764706,0.11764705882352941,0,0,0,0.5,0.5,1,0.8,0,0,0.2,0,308
0.8823529411764706,0.11764705882352941,0,0,0,0.5,0.5,1,0.8,0,0,0.2,0,309
0.8823529411764706,0.11764705882352941,0,0,0,0.5,0.5,1,0.8,0,0,0.2,0,310
0.8823529411764706,0.11764705882352941,0,0,0,0.5,0.5,1,0.8,0,0,0.2,0,311
0.8823529411764706,0.11764705882352941,0,0,0,0.5,0.5,1,0.8,0,0,0.2,0,312
0.8823529411764706,0.11764705882352941,0,0,0,0.5,0.5,1,0.8,0,0,0.2,0,313
1,0,0,0.5,0.375,0,0.125,1,0,0.090909091,0,0.9090909090909091,0,314
1,0,0,0.5,0.375,0,0.125,1,0.1,0,0,0.9,0,315
0.9375,0.0625,0,0.5,0.375,0,0.125,1,0,0,0,1,0,316
0.8823529411764706,0.11764705882352941,0,0,0,0.5,0.5,1,0.8,0,0,0.2,0,317
1,0,0,0.5,0.375,0,0.125,1,0,0.090909091,0,0.9090909090909091,0,318
1,0,0.090909091,0.7272727272727273,0,0,0.18181818181818182,1,0,0,0,0.625,0.375,319
1,0,0,0.8,0,0,0.2,1,0.090909091,0,0.45454545454545453,0.36363636363636365,0.090909091,320
0.8823529411764706,0.11764705882352941,0,0.8,0,0,0.2,1,0,0,0.5,0.5,0,321
0.8823529411764706,0.11764705882352941,0,0.8,0,0,0.2,1,0,0,0.5,0.5,0,322
1,0,0.058823529411764705,0.47058823529411764,0.35294117647058826,0,0.11764705882352941,1,0,0,0,1,0,323
1,0,0,0.5,0.375,0,0.125,1,0,0.090909091,0,0.9090909090909091,0,324
1,0,0,0.5,0.375,0,0.125,1,0,0.090909091,0,0.9090909090909091,0,325
0.8823529411764706,0.11764705882352941,0,0.8,0,0,0.2,1,0,0,0.5,0.5,0,326
1,0,0.058823529411764705,0.47058823529411764,0.35294117647058826,0,0.11764705882352941,1,0,0,0,1,0,327
1,0,0,0.8,0,0,0.2,1,0.0625,0,0,0.5625,0.375,328
1,0,0.16666666666666666,0.5833333333333334,0,0,0.25,1,0,0,0,0.625,0.375,329
1,0,0.090909091,0.7272727272727273,0,0,0.18181818181818182,1,0,0,0,0.625,0.375,330
0.8823529411764706,0.11764705882352941,0,0,0,0.5,0.5,1,0.8,0,0,0.2,0,331
0.8823529411764706,0.11764705882352941,0,0,0,0.5,0.5,1,0.8,0,0,0.2,0,332
1,0,0,0.4375,0.375,0,0.1875,1,0,0.16666666666666666,0,0.8333333333333334,0,333
1,0,0,0.4375,0.375,0,0.1875,1,0,0.16666666666666666,0,0.8333333333333334,0,334
0.8823529411764706,0.11764705882352941,0,0.8,0,0,0.2,1,0,0,0.5,0.5,0,335
1,0,0.090909091,0.7272727272727273,0,0,0.18181818181818182,1,0,0,0,0.625,0.375,336
1,0,0.090909091,0.7272727272727273,0,0,0.18181818181818182,1,0,0,0,0.625,0.375,337
0.8823529411764706,0.11764705882352941,0,0.8,0,0,0.2,1,0,0,0.5,0.5,0,338
1,0,0,0.5,0.375,0,0.125,1,0,0.090909091,0,0.9090909090909091,0,339
0.8823529411764706,0.11764705882352941,0,0,0,0.5,0.5,1,0.8,0,0,0.2,0,340
1,0,0,0.25,0.375,0,0.375,1,0.5,0,0,0.5,0,341
0.8823529411764706,0.11764705882352941,0,0,0,0.5,0.5,1,0.8,0,0,0.2,0,342
0.8823529411764706,0.11764705882352941,0,0,0,0.5,0.5,1,0.8,0,0,0.2,0,343
0.8823529411764706,0.11764705882352941,0,0,0,0.5,0.5,1,0.8,0,0,0.2,0,344
0.8823529411764706,0.11764705882352941,0,0,0,0.5,0.5,1,0.8,0,0,0.2,0,345
0.8823529411764706,0.11764705882352941,0,0.8,0,0,0.2,1,0,0,0.5,0.5,0,346
0.8823529411764706,0.11764705882352941,0,0,0,0.5,0.5,1,0.8,0,0,0.2,0,347
0.8823529411764706,0.11764705882352941,0,0,0,0.5,0.5,1,0.8,0,0,0.2,0,348
0.8823529411764706,0.11764705882352941,0,0.8,0,0,0.2,1,0,0,0.5,0.5,0,349
0.8823529411764706,0.11764705882352941,0,0,0,0.5,0.5,1,0.8,0,0,0.2,0,350
0.8823529411764706,0.11764705882352941,0,0,0,0.5,0.5,1,0.8,0,0,0.2,0,351
0.8823529411764706,0.11764705882352941,0,0,0,0.5,0.5,1,0.8,0,0,0.2,0,352
0.8823529411764706,0.11764705882352941,0,0,0,0.5,0.5,1,0.8,0,0,0.2,0,353
0.8823529411764706,0.11764705882352941,0,0,0,0.5,0.5,1,0.8,0,0,0.2,0,354
0.8823529411764706,0.11764705882352941,0,0,0,0.5,0.5,1,0.8,0,0,0.2,0,355
0.8823529411764706,0.11764705882352941,0,0,0,0.5,0.5,1,0.8,0,0,0.2,0,356
0.8823529411764706,0.11764705882352941,0,0,0,0.5,0.5,1,0.8,0,0,0.2,0,357
0.8823529411764706,0.11764705882352941,0,0,0,0.5,0.5,1,0.8,0,0,0.2,0,358
0.8823529411764706,0.11764705882352941,0,0,0,0.5,0.5,1,0.8,0,0,0.2,0,359
0.8823529411764706,0.11764705882352941,0,0,0,0.5,0.5,1,0.8,0,0,0.2,0,360
0.8823529411764706,0.11764705882352941,0,0,0,0.5,0.5,1,0.8,0,0,0.2,0,361
0.8823529411764706,0.11764705882352941,0,0,0,0.5,0.5,1,0.8,0,0,0.2,0,362
1,0,0,0.8,0,0,0.2,1,0.0625,0,0,0.5625,0.375,363
1,0,0.16666666666666666,0.5833333333333334,0,0,0.25,1,0,0,0,0.625,0.375,364
1,0,0.090909091,0.7272727272727273,0,0,0.18181818181818182,1,0,0,0,0.625,0.375,365
0.8823529411764706,0.11764705882352941,0,0,0,0.5,0.5,1,0.8,0,0,0.2,0,366
0.8823529411764706,0.11764705882352941,0,0,0,0.5,0.5,1,0.8,0,0,0.2,0,367
0.8823529411764706,0.11764705882352941,0,0,0,0.5,0.5,1,0.8,0,0,0.2,0,368
0.8823529411764706,0.11764705882352941,0,0,0,0.5,0.5,1,0.8,0,0,0.2,0,369
1,0,0,0.8,0,0,0.2,1,0,0.058823529411764705,0,0.5882352941176471,0.35294117647058826,370
1,0,0,0.8,0,0,0.2,1,0.0625,0,0,0.5625,0.375,371
0.9375,0.0625,0,0.8,0,0,0.2,1,0,0,0,0.625,0.375,372
0.8823529411764706,0.11764705882352941,0,0,0,0.5,0.5,1,0.8,0,0,0.2,0,373
0.8823529411764706,0.11764705882352941,0,0,0,0.5,0.5,1,0.8,0,0,0.2,0,374
0.8823529411764706,0.11764705882352941,0,0.8,0,0,0.2,1,0,0,0.5,0.5,0,375
0.8823529411764706,0.11764705882352941,0,0,0,0.5,0.5,1,0.8,0,0,0.2,0,376
0.8823529411764706,0.11764705882352941,0,0,0,0.5,0.5,1,0.8,0,0,0.2,0,377
0.8823529411764706,0.11764705882352941,0,0,0,0.5,0.5,1,0.8,0,0,0.2,0,378
0.8823529411764706,0.11764705882352941,0,0,0,0.5,0.5,1,0.8,0,0,0.2,0,379
0.8823529411764706,0.11764705882352941,0,0,0,0.5,0.5,1,0.8,0,0,0.2,0,380
0.8823529411764706,0.11764705882352941,0,0,0,0.5,0.5,1,0.8,0,0,0.2,0,381
0.8823529411764706,0.11764705882352941,0,0,0,0.5,0.5,1,0.8,0,0,0.2,0,382
0.8823529411764706,0.11764705882352941,0,0,0,0.5,0.5,1,0.8,0,0,0.2,0,383
0.8823529411764706,0.11764705882352941,0,0,0,0.5,0.5,1,0.8,0,0,0.2,0,384
0.8823529411764706,0.11764705882352941,0,0,0,0.5,0.5,1,0.8,0,0,0.2,0,385
1,0,0.090909091,0.7272727272727273,0,0,0.18181818181818182,1,0,0,0,0.625,0.375,386
0.8823529411764706,0.11764705882352941,0,0,0,0.5,0.5,1,0.8,0,0,0.2,0,387
0.8823529411764706,0.11764705882352941,0,0,0,0.5,0.5,1,0.8,0,0,0.2,0,388
0.8823529411764706,0.11764705882352941,0,0,0,0.5,0.5,1,0.8,0,0,0.2,0,389
0.8823529411764706,0.11764705882352941,0,0,0,0.5,0.5,1,0.8,0,0,0.2,0,390
0.8823529411764706,0.11764705882352941,0,0,0,0.5,0.5,1,0.8,0,0,0.2,0,391
0.8823529411764706,0.11764705882352941,0,0,0,0.5,0.5,1,0.8,0,0,0.2,0,392
1,0,0,0.8,0,0,0.2,1,0.0625,0,0,0.5625,0.375,393
0.8823529411764706,0.11764705882352941,0,0,0,0.5,0.5,1,0.8,0,0,0.2,0,394
0.8823529411764706,0.11764705882352941,0,0,0,0.5,0.5,1,0.8,0,0,0.2,0,395
0.8823529411764706,0.11764705882352941,0,0,0,0.5,0.5,1,0.8,0,0,0.2,0,396
0.8823529411764706,0.11764705882352941,0,0,0,0.5,0.5,1,0.8,0,0,0.2,0,397
1,0,0,0.8,0,0,0.2,1,0,0.058823529411764705,0,0.5882352941176471,0.35294117647058826,398
0.8823529411764706,0.11764705882352941,0,0.8,0,0,0.2,1,0,0,0.5,0.5,0,399
0.8823529411764706,0.11764705882352941,0,0.8,0,0,0.2,1,0,0,0.5,0.5,0,400
0.8823529411764706,0.11764705882352941,0,0,0,0.5,0.5,1,0.8,0,0,0.2,0,401
0.8823529411764706,0.11764705882352941,0,0,0,0.5,0.5,1,0.8,0,0,0.2,0,402
0.8823529411764706,0.11764705882352941,0,0,0,0.5,0.5,1,0.8,0,0,0.2,0,403
0.8823529411764706,0.11764705882352941,0,0,0,0.5,0.5,1,0.8,0,0,0.2,0,404
1,0,0,0.5,0.375,0,0.125,1,0,0.090909091,0,0.9090909090909091,0,405
0.8823529411764706,0.11764705882352941,0,0,0,0.5,0.5,1,0.8,0,0,0.2,0,406
0.8823529411764706,0.11764705882352941,0,0,0,0.5,0.5,1,0.8,0,0,0.2,0,407
0.8823529411764706,0.11764705882352941,0,0,0,0.5,0.5,1,0.8,0,0,0.2,0,408
0.8823529411764706,0.11764705882352941,0,0.8,0,0,0.2,1,0,0,0.5,0.5,0,409
0.8823529411764706,0.11764705882352941,0,0.8,0,0,0.2,1,0,0,0.5,0.5,0,410
0.8823529411764706,0.11764705882352941,0,0.8,0,0,0.2,1,0,0,0.5,0.5,0,411
0.8823529411764706,0.11764705882352941,0,0,0,0.5,0.5,1,0.8,0,0,0.2,0,412
0.8823529411764706,0.11764705882352941,0,0,0,0.5,0.5,1,0.8,0,0,0.2,0,413
0.8823529411764706,0.11764705882352941,0,0,0,0.5,0.5,1,0.8,0,0,0.2,0,414
0.8823529411764706,0.11764705882352941,0,0,0,0.5,0.5,1,0.8,0,0,0.2,0,415
0.8823529411764706,0.11764705882352941,0,0.8,0,0,0.2,1,0,0,0.5,0.5,0,416
0.8823529411764706,0.11764705882352941,0,0,0,0.5,0.5,1,0.8,0,0,0.2,0,417
0.8823529411764706,0.11764705882352941,0,0,0,0.5,0.5,1,0.8,0,0,0.2,0,418
0.8823529411764706,0.11764705882352941,0,0,0,0.5,0.5,1,0.8,0,0,0.2,0,419
1,0,0,0.125,0.375,0,0.5,1,0.7,0,0,0.3,0,420
0.8823529411764706,0.11764705882352941,0,0,0,0.5,0.5,1,0.8,0,0,0.2,0,421
0.8823529411764706,0.11764705882352941,0,0.8,0,0,0.2,1,0,0,0.5,0.5,0,422
1,0,0,0.125,0.375,0,0.5,1,0.7,0,0,0.3,0,423
0.8823529411764706,0.11764705882352941,0,0.8,0,0,0.2,1,0,0,0.5,0.5,0,424
0.8823529411764706,0.11764705882352941,0,0.8,0,0,0.2,1,0,0,0.5,0.5,0,425
0.8823529411764706,0.11764705882352941,0,0,0,0.5,0.5,1,0.8,0,0,0.2,0,426
1,0,0,0,0.375,0,0.625,1,0.7272727272727273,0.090909091,0,0.18181818181818182,0,427
1,0,0.058823529411764705,0,0.35294117647058826,0,0.5882352941176471,1,0.8,0,0,0.2,0,428
0.8823529411764706,0.11764705882352941,0,0.8,0,0,0.2,1,0,0,0.5,0.5,0,429
0.8823529411764706,0.11764705882352941,0,0.8,0,0,0.2,1,0,0,0.5,0.5,0,430
0.8823529411764706,0.11764705882352941,0,0.8,0,0,0.2,1,0,0,0.5,0.5,0,431
0.8823529411764706,0.11764705882352941,0,0,0,0.5,0.5,1,0.8,0,0,0.2,0,432
0.8823529411764706,0.11764705882352941,0,0,0,0.5,0.5,1,0.8,0,0,0.2,0,433
0.8823529411764706,0.11764705882352941,0,0,0,0.5,0.5,1,0.8,0,0,0.2,0,434
1,0,0,0.0625,0.375,0,0.5625,1,0.8,0,0,0.2,0,435
0.8823529411764706,0.11764705882352941,0,0.8,0,0,0.2,1,0,0,0.5,0.5,0,436
0.8823529411764706,0.11764705882352941,0,0.8,0,0,0.2,1,0,0,0.5,0.5,0,437
0.8823529411764706,0.11764705882352941,0,0.8,0,0,0.2,1,0,0,0.5,0.5,0,438
0.9375,0.0625,0,0,0.375,0,0.625,1,0.8,0,0,0.2,0,439
1,0,0,0.0625,0.375,0,0.5625,1,0.8,0,0,0.2,0,440
0.8823529411764706,0.11764705882352941,0,0,0,0.5,0.5,1,0.8,0,0,0.2,0,441
1,0,0,0,0.375,0,0.625,1,0.7272727272727273,0.090909091,0,0.18181818181818182,0,442
0.8823529411764706,0.11764705882352941,0,0,0,0.5,0.5,1,0.8,0,0,0.2,0,443
0.8823529411764706,0.11764705882352941,0,0.8,0,0,0.2,1,0,0,0.5,0.5,0,444
0.8823529411764706,0.11764705882352941,0,0,0,0.5,0.5,1,0.8,0,0,0.2,0,445
0.8823529411764706,0.11764705882352941,0,0.8,0,0,0.2,1,0,0,0.5,0.5,0,446
0.8823529411764706,0.11764705882352941,0,0,0,0.5,0.5,1,0.8,0,0,0.2,0,447
0.8823529411764706,0.11764705882352941,0,0,0,0.5,0.5,1,0.8,0,0,0.2,0,448
0.8823529411764706,0.11764705882352941,0,0,0,0.5,0.5,1,0.8,0,0,0.2,0,449
0.8823529411764706,0.11764705882352941,0,0,0,0.5,0.5,1,0.8,0,0,0.2,0,450
0.8823529411764706,0.11764705882352941,0,0,0,0.5,0.5,1,0.8,0,0,0.2,0,451
0.8823529411764706,0.11764705882352941,0,0,0,0.5,0.5,1,0.8,0,0,0.2,0,452
0.9375,0.0625,0,0.8,0,0,0.2,1,0,0,0,0.625,0.375,453
0.8823529411764706,0.11764705882352941,0,0.8,0,0,0.2,1,0,0,0.5,0.5,0,454
0.8823529411764706,0.11764705882352941,0,0.8,0,0,0.2,1,0,0,0.5,0.5,0,455
0.8823529411764706,0.11764705882352941,0,0,0,0.5,0.5,1,0.8,0,0,0.2,0,456
0.8823529411764706,0.11764705882352941,0,0.8,0,0,0.2,1,0,0,0.5,0.5,0,457
0.8823529411764706,0.11764705882352941,0,0.8,0,0,0.2,1,0,0,0.5,0.5,0,458
1,0,0,0.5,0.375,0,0.125,1,0.1,0,0,0.9,0,459
1,0,0,0.5,0.375,0,0.125,1,0,0.090909091,0,0.9090909090909091,0,460
0.8823529411764706,0.11764705882352941,0,0.8,0,0,0.2,1,0,0,0.5,0.5,0,461
0.8823529411764706,0.11764705882352941,0,0.8,0,0,0.2,1,0,0,0.5,0.5,0,462
0.8823529411764706,0.11764705882352941,0,0.8,0,0,0.2,1,0,0,0.5,0.5,0,463
0.8823529411764706,0.11764705882352941,0,0.8,0,0,0.2,1,0,0,0.5,0.5,0,464
0.8823529411764706,0.11764705882352941,0,0.8,0,0,0.2,1,0,0,0.5,0.5,0,465
0.8823529411764706,0.11764705882352941,0,0,0,0.5,0.5,1,0.8,0,0,0.2,0,466
0.8823529411764706,0.11764705882352941,0,0,0,0.5,0.5,1,0.8,0,0,0.2,0,467
0.8823529411764706,0.11764705882352941,0,0,0,0.5,0.5,1,0.8,0,0,0.2,0,468
0.8823529411764706,0.11764705882352941,0,0.8,0,0,0.2,1,0,0,0.5,0.5,0,469
0.8823529411764706,0.11764705882352941,0,0,0,0.5,0.5,1,0.8,0,0,0.2,0,470
0.8823529411764706,0.11764705882352941,0,0,0,0.5,0.5,1,0.8,0,0,0.2,0,471
0.8823529411764706,0.11764705882352941,0,0,0,0.5,0.5,1,0.8,0,0,0.2,0,472
0.8823529411764706,0.11764705882352941,0,0.8,0,0,0.2,1,0,0,0.5,0.5,0,473
0.8823529411764706,0.11764705882352941,0,0.8,0,0,0.2,1,0,0,0.5,0.5,0,474
0.8823529411764706,0.11764705882352941,0,0.8,0,0,0.2,1,0,0,0.5,0.5,0,475
0.8823529411764706,0.11764705882352941,0,0.8,0,0,0.2,1,0,0,0.5,0.5,0,476
0.8823529411764706,0.11764705882352941,0,0.8,0,0,0.2,1,0,0,0.5,0.5,0,477
0.8823529411764706,0.11764705882352941,0,0.8,0,0,0.2,1,0,0,0.5,0.5,0,478
0.8823529411764706,0.11764705882352941,0,0.8,0,0,0.2,1,0,0,0.5,0.5,0,479
0.8823529411764706,0.11764705882352941,0,0.8,0,0,0.2,1,0,0,0.5,0.5,0,480
0.8823529411764706,0.11764705882352941,0,0.8,0,0,0.2,1,0,0,0.5,0.5,0,481
0.8823529411764706,0.11764705882352941,0,0.8,0,0,0.2,1,0,0,0.5,0.5,0,482
0.8823529411764706,0.11764705882352941,0,0,0,0.5,0.5,1,0.8,0,0,0.2,0,483
0.8823529411764706,0.11764705882352941,0,0,0,0.5,0.5,1,0.8,0,0,0.2,0,484
0.8823529411764706,0.11764705882352941,0,0,0,0.5,0.5,1,0.8,0,0,0.2,0,485
1,0,0,0.5,0.375,0,0.125,1,0,0.090909091,0,0.9090909090909091,0,486
0.8823529411764706,0.11764705882352941,0,0.8,0,0,0.2,1,0,0,0.5,0.5,0,487
0.8823529411764706,0.11764705882352941,0,0,0,0.5,0.5,1,0.8,0,0,0.2,0,488
0.8823529411764706,0.11764705882352941,0,0,0,0.5,0.5,1,0.8,0,0,0.2,0,489
0.8823529411764706,0.11764705882352941,0,0,0,0.5,0.5,1,0.8,0,0,0.2,0,490
0.8823529411764706,0.11764705882352941,0,0,0,0.5,0.5,1,0.8,0,0,0.2,0,491
0.8823529411764706,0.11764705882352941,0,0.8,0,0,0.2,1,0,0,0.5,0.5,0,492
0.8823529411764706,0.11764705882352941,0,0.8,0,0,0.2,1,0,0,0.5,0.5,0,493
0.8823529411764706,0.11764705882352941,0,0.8,0,0,0.2,1,0,0,0.5,0.5,0,494
0.8823529411764706,0.11764705882352941,0,0.8,0,0,0.2,1,0,0,0.5,0.5,0,495
0.8823529411764706,0.11764705882352941,0,0.8,0,0,0.2,1,0,0,0.5,0.5,0,496
0.8823529411764706,0.11764705882352941,0,0.8,0,0,0.2,1,0,0,0.5,0.5,0,497
0.8823529411764706,0.11764705882352941,0,0.8,0,0,0.2,1,0,0,0.5,0.5,0,498
0.8823529411764706,0.11764705882352941,0,0.8,0,0,0.2,1,0,0,0.5,0.5,0,499
0.8823529411764706,0.11764705882352941,0,0,0,0.5,0.5,1,0.8,0,0,0.2,0,500
0.8823529411764706,0.11764705882352941,0,0,0,0.5,0.5,1,0.8,0,0,0.2,0,501
0.8823529411764706,0.11764705882352941,0,0,0,0.5,0.5,1,0.8,0,0,0.2,0,502
0.9375,0.0625,0,0.8,0,0,0.2,1,0,0,0,0.625,0.375,503
0.9375,0.0625,0,0.8,0,0,0.2,1,0,0,0,0.625,0.375,504
0.9375,0.0625,0,0.8,0,0,0.2,1,0,0,0,0.625,0.375,505
0.8823529411764706,0.11764705882352941,0,0,0,0.5,0.5,1,0.8,0,0,0.2,0,506
1,0,0,0.8,0,0,0.2,1,0,0.058823529411764705,0,0.5882352941176471,0.35294117647058826,507
0.8823529411764706,0.11764705882352941,0,0,0,0.5,0.5,1,0.8,0,0,0.2,0,508
0.8823529411764706,0.11764705882352941,0,0,0,0.5,0.5,1,0.8,0,0,0.2,0,509
0.8823529411764706,0.11764705882352941,0,0,0,0.5,0.5,1,0.8,0,0,0.2,0,510
0.8823529411764706,0.11764705882352941,0,0,0,0.5,0.5,1,0.8,0,0,0.2,0,511
0.8823529411764706,0.11764705882352941,0,0,0,0.5,0.5,1,0.8,0,0,0.2,0,512
1,0,0,0.8,0,0,0.2,1,0.0625,0,0,0.5625,0.375,513
0.8823529411764706,0.11764705882352941,0,0.8,0,0,0.2,1,0,0,0.5,0.5,0,514
0.8823529411764706,0.11764705882352941,0,0.8,0,0,0.2,1,0,0,0.5,0.5,0,515
0.8823529411764706,0.11764705882352941,0,0,0,0.5,0.5,1,0.8,0,0,0.2,0,516
0.8823529411764706,0.11764705882352941,0,0.8,0,0,0.2,1,0,0,0.5,0.5,0,517
0.8823529411764706,0.11764705882352941,0,0.8,0,0,0.2,1,0,0,0.5,0.5,0,518
0.8823529411764706,0.11764705882352941,0,0,0,0.5,0.5,1,0.8,0,0,0.2,0,519
0.8823529411764706,0.11764705882352941,0,0,0,0.5,0.5,1,0.8,0,0,0.2,0,520
0.8823529411764706,0.11764705882352941,0,0.8,0,0,0.2,1,0,0,0.5,0.5,0,521
0.8823529411764706,0.11764705882352941,0,0,0,0.5,0.5,1,0.8,0,0,0.2,0,522
0.8823529411764706,0.11764705882352941,0,0,0,0.5,0.5,1,0.8,0,0,0.2,0,523
0.8823529411764706,0.11764705882352941,0,0.8,0,0,0.2,1,0,0,0.5,0.5,0,524
0.8823529411764706,0.11764705882352941,0,0.8,0,0,0.2,1,0,0,0.5,0.5,0,525
0.8823529411764706,0.11764705882352941,0,0,0,0.5,0.5,1,0.8,0,0,0.2,0,526
0.8823529411764706,0.11764705882352941,0,0.8,0,0,0.2,1,0,0,0.5,0.5,0,527
0.8823529411764706,0.11764705882352941,0,0.8,0,0,0.2,1,0,0,0.5,0.5,0,528
0.8823529411764706,0.11764705882352941,0,0,0,0.5,0.5,1,0.8,0,0,0.2,0,529
0.8823529411764706,0.11764705882352941,0,0.8,0,0,0.2,1,0,0,0.5,0.5,0,530
0.8823529411764706,0.11764705882352941,0,0.8,0,0,0.2,1,0,0,0.5,0.5,0,531
0.8823529411764706,0.11764705882352941,0,0.8,0,0,0.2,1,0,0,0.5,0.5,0,532
1,0,0,0.125,0.375,0,0.5,1,0.7,0,0,0.3,0,533
0.8823529411764706,0.11764705882352941,0,0.8,0,0,0.2,1,0,0,0.5,0.5,0,534
1,0,0,0.0625,0.375,0,0.5625,1,0.8,0,0,0.2,0,535
0.8823529411764706,0.11764705882352941,0,0,0,0.5,0.5,1,0.8,0,0,0.2,0,536
0.8823529411764706,0.11764705882352941,0,0,0,0.5,0.5,1,0.8,0,0,0.2,0,537
0.8823529411764706,0.11764705882352941,0,0,0,0.5,0.5,1,0.8,0,0,0.2,0,538
0.8823529411764706,0.11764705882352941,0,0,0,0.5,0.5,1,0.8,0,0,0.2,0,539
0.8823529411764706,0.11764705882352941,0,0,0,0.5,0.5,1,0.8,0,0,0.2,0,540
0.8823529411764706,0.11764705882352941,0,0,0,0.5,0.5,1,0.8,0,0,0.2,0,541
0.8823529411764706,0.11764705882352941,0,0,0,0.5,0.5,1,0.8,0,0,0.2,0,542
0.8823529411764706,0.11764705882352941,0,0,0,0.5,0.5,1,0.8,0,0,0.2,0,543
0.8823529411764706,0.11764705882352941,0,0,0,0.5,0.5,1,0.8,0,0,0.2,0,544
0.8823529411764706,0.11764705882352941,0,0,0,0.5,0.5,1,0.8,0,0,0.2,0,545
0.8823529411764706,0.11764705882352941,0,0,0,0.5,0.5,1,0.8,0,0,0.2,0,546
0.8823529411764706,0.11764705882352941,0,0,0,0.5,0.5,1,0.8,0,0,0.2,0,547
0.8823529411764706,0.11764705882352941,0,0,0,0.5,0.5,1,0.8,0,0,0.2,0,548
0.8823529411764706,0.11764705882352941,0,0,0,0.5,0.5,1,0.8,0,0,0.2,0,549
0.8823529411764706,0.11764705882352941,0,0,0,0.5,0.5,1,0.8,0,0,0.2,0,550
0.9375,0.0625,0,0,0.090909091,0.45454545454545453,0.45454545454545453,1,0.8,0,0,0.2,0,551
1,0,0,0,0,0.5,0.5,1,0.6666666666666666,0.083333333,0,0.16666666666666666,0.083333333,552
1,0,0,0.7,0,0,0.3,1,0,0.1111111111111111,0,0.5555555555555556,0.3333333333333333,553
1,0,0.16666666666666666,0.5833333333333334,0,0,0.25,1,0,0,0,0.625,0.375,554
0.8823529411764706,0.11764705882352941,0,0,0,0.5,0.5,1,0.8,0,0,0.2,0,555
0.8823529411764706,0.11764705882352941,0,0,0,0.5,0.5,1,0.8,0,0,0.2,0,556
0.8823529411764706,0.11764705882352941,0,0,0,0.5,0.5,1,0.8,0,0,0.2,0,557
0.8823529411764706,0.11764705882352941,0,0,0,0.5,0.5,1,0.8,0,0,0.2,0,558
1,0,0,0,0.375,0,0.625,1,0.5833333333333334,0.16666666666666666,0,0.25,0,559
0.9375,0.0625,0,0,0.375,0,0.625,1,0.8,0,0,0.2,0,560
0.8823529411764706,0.11764705882352941,0,0,0,0.5,0.5,1,0.8,0,0,0.2,0,561
0.8823529411764706,0.11764705882352941,0,0,0,0.5,0.5,1,0.8,0,0,0.2,0,562
0.8823529411764706,0.11764705882352941,0,0,0,0.5,0.5,1,0.8,0,0,0.2,0,563
0.8823529411764706,0.11764705882352941,0,0,0,0.5,0.5,1,0.8,0,0,0.2,0,564
0.8823529411764706,0.11764705882352941,0,0,0,0.5,0.5,1,0.8,0,0,0.2,0,565
0.8823529411764706,0.11764705882352941,0,0,0,0.5,0.5,1,0.8,0,0,0.2,0,566
0.8823529411764706,0.11764705882352941,0,0,0,0.5,0.5,1,0.8,0,0,0.2,0,567
0.8823529411764706,0.11764705882352941,0,0,0,0.5,0.5,1,0.8,0,0,0.2,0,568
0.8823529411764706,0.11764705882352941,0,0,0,0.5,0.5,1,0.8,0,0,0.2,0,569
0.9375,0.0625,0,0.8,0,0,0.2,1,0,0,0,0.625,0.375,570
1,0,0,0.8,0,0,0.2,1,0,0.058823529411764705,0,0.5882352941176471,0.35294117647058826,571
1,0,0,0.8,0,0,0.2,1,0.0625,0,0,0.5625,0.375,572
0.8823529411764706,0.11764705882352941,0,0,0,0.5,0.5,1,0.8,0,0,0.2,0,573
0.8823529411764706,0.11764705882352941,0,0,0,0.5,0.5,1,0.8,0,0,0.2,0,574
0.8823529411764706,0.11764705882352941,0,0,0,0.5,0.5,1,0.8,0,0,0.2,0,575
0.8823529411764706,0.11764705882352941,0,0,0,0.5,0.5,1,0.8,0,0,0.2,0,576
0.8823529411764706,0.11764705882352941,0,0,0,0.5,0.5,1,0.8,0,0,0.2,0,577
1,0,0,0,0,0,1,1,0.47058823529411764,0.058823529411764705,0,0.11764705882352941,0.35294117647058826,578
0.9375,0.0625,0,0,0,0,1,1,0.5,0,0,0.125,0.375,579
0.9375,0.0625,0,0,0.375,0,0.625,1,0.8,0,0,0.2,0,580
0.9375,0.0625,0,0,0.375,0,0.625,1,0.8,0,0,0.2,0,581
0.8823529411764706,0.11764705882352941,0,0.8,0,0,0.2,1,0,0,0.5,0.5,0,582
0.8823529411764706,0.11764705882352941,0,0.8,0,0,0.2,1,0,0,0.5,0.5,0,583
0.8823529411764706,0.11764705882352941,0,0.8,0,0,0.2,1,0,0,0.5,0.5,0,584
0.8823529411764706,0.11764705882352941,0,0,0,0.5,0.5,1,0.8,0,0,0.2,0,585
1,0,0,0.0625,0.375,0,0.5625,1,0.8,0,0,0.2,0,586
1,0,0.058823529411764705,0,0.35294117647058826,0,0.5882352941176471,1,0.8,0,0,0.2,0,587
0.8823529411764706,0.11764705882352941,0,0,0,0.5,0.5,1,0.8,0,0,0.2,0,588
0.8823529411764706,0.11764705882352941,0,0.8,0,0,0.2,1,0,0,0.5,0.5,0,589
1,0,0,0.8,0,0,0.2,1,0.0625,0,0,0.5625,0.375,590
0.8823529411764706,0.11764705882352941,0,0,0,0.5,0.5,1,0.8,0,0,0.2,0,591
0.8823529411764706,0.11764705882352941,0,0,0,0.5,0.5,1,0.8,0,0,0.2,0,592
0.8823529411764706,0.11764705882352941,0,0,0,0.5,0.5,1,0.8,0,0,0.2,0,593
0.8823529411764706,0.11764705882352941,0,0,0,0.5,0.5,1,0.8,0,0,0.2,0,594
0.8823529411764706,0.11764705882352941,0,0,0,0.5,0.5,1,0.8,0,0,0.2,0,595
1,0,0,0.8,0,0,0.2,1,0.0625,0,0,0.5625,0.375,596
1,0,0,0.8,0,0,0.2,1,0,0.058823529411764705,0,0.5882352941176471,0.35294117647058826,597
0.8823529411764706,0.11764705882352941,0,0.8,0,0,0.2,1,0,0,0.5,0.5,0,598
1,0,0,0.8,0,0,0.2,1,0.0625,0,0,0.5625,0.375,599
0.8823529411764706,0.11764705882352941,0,0.8,0,0,0.2,1,0,0,0.5,0.5,0,600
0.8823529411764706,0.11764705882352941,0,0,0,0.5,0.5,1,0.8,0,0,0.2,0,601
0.8823529411764706,0.11764705882352941,0,0.8,0,0,0.2,1,0,0,0.5,0.5,0,602
0.8823529411764706,0.11764705882352941,0,0.8,0,0,0.2,1,0,0,0.5,0.5,0,603
0.8823529411764706,0.11764705882352941,0,0.8,0,0,0.2,1,0,0,0.5,0.5,0,604
1,0,0.090909091,0,0,0,0.9090909090909091,1,0.5,0,0,0.125,0.375,605
0.8823529411764706,0.11764705882352941,0,0,0,0.5,0.5,1,0.8,0,0,0.2,0,606
0.8823529411764706,0.11764705882352941,0,0.8,0,0,0.2,1,0,0,0.5,0.5,0,607
0.8823529411764706,0.11764705882352941,0,0.8,0,0,0.2,1,0,0,0.5,0.5,0,608
0.8823529411764706,0.11764705882352941,0,0,0,0.5,0.5,1,0.8,0,0,0.2,0,609
0.8823529411764706,0.11764705882352941,0,0,0,0.5,0.5,1,0.8,0,0,0.2,0,610
0.8823529411764706,0.11764705882352941,0,0,0,0.5,0.5,1,0.8,0,0,0.2,0,611
1,0,0.058823529411764705,0.47058823529411764,0.35294117647058826,0,0.11764705882352941,1,0,0,0,1,0,612
1,0,0.058823529411764705,0.47058823529411764,0.35294117647058826,0,0.11764705882352941,1,0,0,0,1,0,613
0.8823529411764706,0.11764705882352941,0,0.8,0,0,0.2,1,0,0,0.5,0.5,0,614
0.8823529411764706,0.11764705882352941,0,0,0,0.5,0.5,1,0.8,0,0,0.2,0,615
0.8823529411764706,0.11764705882352941,0,0,0,0.5,0.5,1,0.8,0,0,0.2,0,616
0.8823529411764706,0.11764705882352941,0,0.8,0,0,0.2,1,0,0,0.5,0.5,0,617
0.8823529411764706,0.11764705882352941,0,0.8,0,0,0.2,1,0,0,0.5,0.5,0,618
1,0,0,0.5,0.375,0,0.125,1,0.1,0,0,0.9,0,619
0.8823529411764706,0.11764705882352941,0,0,0,0.5,0.5,1,0.8,0,0,0.2,0,620
0.8823529411764706,0.11764705882352941,0,0,0,0.5,0.5,1,0.8,0,0,0.2,0,621
0.8823529411764706,0.11764705882352941,0,0,0,0.5,0.5,1,0.8,0,0,0.2,0,622
0.8823529411764706,0.11764705882352941,0,0,0,0.5,0.5,1,0.8,0,0,0.2,0,623
0.8823529411764706,0.11764705882352941,0,0,0,0.5,0.5,1,0.8,0,0,0.2,0,624
0.8823529411764706,0.11764705882352941,0,0,0,0.5,0.5,1,0.8,0,0,0.2,0,625
0.8823529411764706,0.11764705882352941,0,0,0,0.5,0.5,1,0.8,0,0,0.2,0,626
0.8823529411764706,0.11764705882352941,0,0,0,0.5,0.5,1,0.8,0,0,0.2,0,627
0.8823529411764706,0.11764705882352941,0,0,0,0.5,0.5,1,0.8,0,0,0.2,0,628
0.8823529411764706,0.11764705882352941,0,0,0,0.5,0.5,1,0.8,0,0,0.2,0,629
0.8823529411764706,0.11764705882352941,0,0,0,0.5,0.5,1,0.8,0,0,0.2,0,630
0.8823529411764706,0.11764705882352941,0,0,0,0.5,0.5,1,0.8,0,0,0.2,0,631
0.8823529411764706,0.11764705882352941,0,0,0,0.5,0.5,1,0.8,0,0,0.2,0,632
1,0,0,0.0625,0.375,0,0.5625,1,0.8,0,0,0.2,0,633
0.8823529411764706,0.11764705882352941,0,0,0,0.5,0.5,1,0.8,0,0,0.2,0,634
0.8823529411764706,0.11764705882352941,0,0,0,0.5,0.5,1,0.8,0,0,0.2,0,635
1,0,0.15789473684210525,0.3157894736842105,0.3157894736842105,0,0.21052631578947367,1,0,0,0,1,0,636
1,0,0,0.5,0.375,0,0.125,1,0,0.090909091,0,0.9090909090909091,0,637
1,0,0,0.5,0.375,0,0.125,1,0,0.090909091,0,0.9090909090909091,0,638
1,0,0.058823529411764705,0.47058823529411764,0.35294117647058826,0,0.11764705882352941,1,0,0,0,1,0,639
1,0,0,0.5,0.375,0,0.125,1,0.1,0,0,0.9,0,640
0.8823529411764706,0.11764705882352941,0,0,0,0.5,0.5,1,0.8,0,0,0.2,0,641
1,0,0,0.4375,0.375,0,0.1875,1,0.2,0,0,0.8,0,642
0.8823529411764706,0.11764705882352941,0,0,0,0.5,0.5,1,0.8,0,0,0.2,0,643
0.8823529411764706,0.11764705882352941,0,0,0,0.5,0.5,1,0.8,0,0,0.2,0,644
0.8823529411764706,0.11764705882352941,0,0,0,0.5,0.5,1,0.8,0,0,0.2,0,645
1,0,0,0,0.375,0,0.625,1,0.5833333333333334,0.16666666666666666,0,0.25,0,646
1,0,0,0,0.375,0,0.625,1,0.46153846153846156,0.23076923076923078,0,0.3076923076923077,0,647
1,0,0,0,0.375,0,0.625,1,0.7272727272727273,0.090909091,0,0.18181818181818182,0,648
0.8823529411764706,0.11764705882352941,0,0,0,0.5,0.5,1,0.8,0,0,0.2,0,649
0.8823529411764706,0.11764705882352941,0,0,0,0.5,0.5,1,0.8,0,0,0.2,0,650
1,0,0,0.0625,0.375,0,0.5625,1,0.8,0,0,0.2,0,651
1,0,0,0.0625,0.375,0,0.5625,1,0.8,0,0,0.2,0,652
0.8823529411764706,0.11764705882352941,0,0,0,0.5,0.5,1,0.8,0,0,0.2,0,653
0.8823529411764706,0.11764705882352941,0,0,0,0.5,0.5,1,0.8,0,0,0.2,0,654
0.8823529411764706,0.11764705882352941,0,0,0,0.5,0.5,1,0.8,0,0,0.2,0,655
1,0,0,0.5,0.375,0,0.125,1,0,0.090909091,0,0.9090909090909091,0,656
0.9375,0.0625,0,0.5,0.375,0,0.125,1,0,0,0,1,0,657
1,0,0,0.5,0.375,0,0.125,1,0.1,0,0,0.9,0,658
1,0,0,0.5,0.375,0,0.125,1,0,0.090909091,0,0.9090909090909091,0,659
0.8823529411764706,0.11764705882352941,0,0,0,0.5,0.5,1,0.8,0,0,0.2,0,660
0.8823529411764706,0.11764705882352941,0,0,0,0.5,0.5,1,0.8,0,0,0.2,0,661
0.8823529411764706,0.11764705882352941,0,0,0,0.5,0.5,1,0.8,0,0,0.2,0,662
0.8823529411764706,0.11764705882352941,0,0,0,0.5,0.5,1,0.8,0,0,0.2,0,663
0.8823529411764706,0.11764705882352941,0,0.8,0,0,0.2,1,0,0,0.5,0.5,0,664
0.8823529411764706,0.11764705882352941,0,0,0,0.5,0.5,1,0.8,0,0,0.2,0,665
0.8823529411764706,0.11764705882352941,0,0,0,0.5,0.5,1,0.8,0,0,0.2,0,666
0.8823529411764706,0.11764705882352941,0,0,0,0.5,0.5,1,0.8,0,0,0.2,0,667
0.8823529411764706,0.11764705882352941,0,0,0,0.5,0.5,1,0.8,0,0,0.2,0,668
0.8823529411764706,0.11764705882352941,0,0.8,0,0,0.2,1,0,0,0.5,0.5,0,669
0.8823529411764706,0.11764705882352941,0,0,0,0.5,0.5,1,0.8,0,0,0.2,0,670
0.8823529411764706,0.11764705882352941,0,0.8,0,0,0.2,1,0,0,0.5,0.5,0,671
0.8823529411764706,0.11764705882352941,0,0,0,0.5,0.5,1,0.8,0,0,0.2,0,672
0.8823529411764706,0.11764705882352941,0,0,0,0.5,0.5,1,0.8,0,0,0.2,0,673
0.8823529411764706,0.11764705882352941,0,0,0,0.5,0.5,1,0.8,0,0,0.2,0,674
0.8823529411764706,0.11764705882352941,0,0.8,0,0,0.2,1,0,0,0.5,0.5,0,675
0.8823529411764706,0.11764705882352941,0,0.8,0,0,0.2,1,0,0,0.5,0.5,0,676
0.8823529411764706,0.11764705882352941,0,0,0,0.5,0.5,1,0.8,0,0,0.2,0,677
0.8823529411764706,0.11764705882352941,0,0.8,0,0,0.2,1,0,0,0.5,0.5,0,678
0.8823529411764706,0.11764705882352941,0,0.8,0,0,0.2,1,0,0,0.5,0.5,0,679
0.8823529411764706,0.11764705882352941,0,0,0,0.5,0.5,1,0.8,0,0,0.2,0,680
0.8823529411764706,0.11764705882352941,0,0.8,0,0,0.2,1,0,0,0.5,0.5,0,681
0.8823529411764706,0.11764705882352941,0,0.8,0,0,0.2,1,0,0,0.5,0.5,0,682
0.8823529411764706,0.11764705882352941,0,0.8,0,0,0.2,1,0,0,0.5,0.5,0,683
0.8823529411764706,0.11764705882352941,0,0.8,0,0,0.2,1,0,0,0.5,0.5,0,684
0.8823529411764706,0.11764705882352941,0,0.8,0,0,0.2,1,0,0,0.5,0.5,0,685
0.8823529411764706,0.11764705882352941,0,0,0,0.5,0.5,1,0.8,0,0,0.2,0,686
0.8823529411764706,0.11764705882352941,0,0,0,0.5,0.5,1,0.8,0,0,0.2,0,687
0.8823529411764706,0.11764705882352941,0,0,0,0.5,0.5,1,0.8,0,0,0.2,0,688
0.8823529411764706,0.11764705882352941,0,0.8,0,0,0.2,1,0,0,0.5,0.5,0,689
0.8823529411764706,0.11764705882352941,0,0,0,0.5,0.5,1,0.8,0,0,0.2,0,690
0.8823529411764706,0.11764705882352941,0,0,0,0.5,0.5,1,0.8,0,0,0.2,0,691
0.8823529411764706,0.11764705882352941,0,0,0,0.5,0.5,1,0.8,0,0,0.2,0,692
0.8823529411764706,0.11764705882352941,0,0,0,0.5,0.5,1,0.8,0,0,0.2,0,693
0.8823529411764706,0.11764705882352941,0,0,0,0.5,0.5,1,0.8,0,0,0.2,0,694
0.8823529411764706,0.11764705882352941,0,0,0,0.5,0.5,1,0.8,0,0,0.2,0,695
0.8823529411764706,0.11764705882352941,0,0,0,0.5,0.5,1,0.8,0,0,0.2,0,696
0.8823529411764706,0.11764705882352941,0,0,0,0.5,0.5,1,0.8,0,0,0.2,0,697
0.8823529411764706,0.11764705882352941,0,0,0,0.5,0.5,1,0.8,0,0,0.2,0,698
0.8823529411764706,0.11764705882352941,0,0.8,0,0,0.2,1,0,0,0.5,0.5,0,699
0.8823529411764706,0.11764705882352941,0,0,0,0.5,0.5,1,0.8,0,0,0.2,0,700
0.8823529411764706,0.11764705882352941,0,0,0,0.5,0.5,1,0.8,0,0,0.2,0,701
0.8823529411764706,0.11764705882352941,0,0,0,0.5,0.5,1,0.8,0,0,0.2,0,702
0.8823529411764706,0.11764705882352941,0,0.8,0,0,0.2,1,0,0,0.5,0.5,0,703
0.8823529411764706,0.11764705882352941,0,0.8,0,0,0.2,1,0,0,0.5,0.5,0,704
0.8823529411764706,0.11764705882352941,0,0.8,0,0,0.2,1,0,0,0.5,0.5,0,705
0.8823529411764706,0.11764705882352941,0,0,0,0.5,0.5,1,0.8,0,0,0.2,0,706
0.8823529411764706,0.11764705882352941,0,0,0,0.5,0.5,1,0.8,0,0,0.2,0,707
0.8823529411764706,0.11764705882352941,0,0,0,0.5,0.5,1,0.8,0,0,0.2,0,708
0.8823529411764706,0.11764705882352941,0,0.8,0,0,0.2,1,0,0,0.5,0.5,0,709
0.8823529411764706,0.11764705882352941,0,0,0,0.5,0.5,1,0.8,0,0,0.2,0,710
0.8823529411764706,0.11764705882352941,0,0,0,0.5,0.5,1,0.8,0,0,0.2,0,711
0.8823529411764706,0.11764705882352941,0,0,0,0.5,0.5,1,0.8,0,0,0.2,0,712
0.8823529411764706,0.11764705882352941,0,0,0,0.5,0.5,1,0.8,0,0,0.2,0,713
0.8823529411764706,0.11764705882352941,0,0.8,0,0,0.2,1,0,0,0.5,0.5,0,714
0.8823529411764706,0.11764705882352941,0,0,0,0.5,0.5,1,0.8,0,0,0.2,0,715
0.8823529411764706,0.11764705882352941,0,0.8,0,0,0.2,1,0,0,0.5,0.5,0,716
0.8823529411764706,0.11764705882352941,0,0.8,0,0,0.2,1,0,0,0.5,0.5,0,717
0.8823529411764706,0.11764705882352941,0,0,0,0.5,0.5,1,0.8,0,0,0.2,0,718
0.8823529411764706,0.11764705882352941,0,0,0,0.5,0.5,1,0.8,0,0,0.2,0,719
0.8823529411764706,0.11764705882352941,0,0,0,0.5,0.5,1,0.8,0,0,0.2,0,720
0.8823529411764706,0.11764705882352941,0,0,0,0.5,0.5,1,0.8,0,0,0.2,0,721
0.8823529411764706,0.11764705882352941,0,0.8,0,0,0.2,1,0,0,0.5,0.5,0,722
0.8823529411764706,0.11764705882352941,0,0.8,0,0,0.2,1,0,0,0.5,0.5,0,723
0.8823529411764706,0.11764705882352941,0,0.8,0,0,0.2,1,0,0,0.5,0.5,0,724
0.8823529411764706,0.11764705882352941,0,0.8,0,0,0.2,1,0,0,0.5,0.5,0,725
0.8823529411764706,0.11764705882352941,0,0.8,0,0,0.2,1,0,0,0.5,0.5,0,726
0.8823529411764706,0.11764705882352941,0,0,0,0.5,0.5,1,0.8,0,0,0.2,0,727
0.8823529411764706,0.11764705882352941,0,0,0,0.5,0.5,1,0.8,0,0,0.2,0,728
0.8823529411764706,0.11764705882352941,0,0.8,0,0,0.2,1,0,0,0.5,0.5,0,729
0.8823529411764706,0.11764705882352941,0,0.8,0,0,0.2,1,0,0,0.5,0.5,0,730
0.8823529411764706,0.11764705882352941,0,0,0,0.5,0.5,1,0.8,0,0,0.2,0,731
0.8823529411764706,0.11764705882352941,0,0,0,0.5,0.5,1,0.8,0,0,0.2,0,732
0.8823529411764706,0.11764705882352941,0,0,0,0.5,0.5,1,0.8,0,0,0.2,0,733
0.8823529411764706,0.11764705882352941,0,0,0,0.5,0.5,1,0.8,0,0,0.2,0,734
0.8823529411764706,0.11764705882352941,0,0,0,0.5,0.5,1,0.8,0,0,0.2,0,735
0.8823529411764706,0.11764705882352941,0,0,0,0.5,0.5,1,0.8,0,0,0.2,0,736
0.8823529411764706,0.11764705882352941,0,0,0,0.5,0.5,1,0.8,0,0,0.2,0,737
0.8823529411764706,0.11764705882352941,0,0.8,0,0,0.2,1,0,0,0.5,0.5,0,738
0.8823529411764706,0.11764705882352941,0,0.8,0,0,0.2,1,0,0,0.5,0.5,0,739
1,0,0,0.0625,0.375,0,0.5625,1,0.8,0,0,0.2,0,740
0.8823529411764706,0.11764705882352941,0,0,0,0.5,0.5,1,0.8,0,0,0.2,0,741
0.8823529411764706,0.11764705882352941,0,0.8,0,0,0.2,1,0,0,0.5,0.5,0,742
0.8823529411764706,0.11764705882352941,0,0.8,0,0,0.2,1,0,0,0.5,0.5,0,743
0.8823529411764706,0.11764705882352941,0,0,0,0.5,0.5,1,0.8,0,0,0.2,0,744
0.8823529411764706,0.11764705882352941,0,0,0,0.5,0.5,1,0.8,0,0,0.2,0,745
0.8823529411764706,0.11764705882352941,0,0.8,0,0,0.2,1,0,0,0.5,0.5,0,746
0.8823529411764706,0.11764705882352941,0,0.8,0,0,0.2,1,0,0,0.5,0.5,0,747
0.8823529411764706,0.11764705882352941,0,0,0,0.5,0.5,1,0.8,0,0,0.2,0,748
0.8823529411764706,0.11764705882352941,0,0,0,0.5,0.5,1,0.8,0,0,0.2,0,749
0.8823529411764706,0.11764705882352941,0,0,0,0.5,0.5,1,0.8,0,0,0.2,0,750
0.8823529411764706,0.11764705882352941,0,0,0,0.5,0.5,1,0.8,0,0,0.2,0,751
1,0,0,0.3125,0.375,0,0.3125,1,0.4,0,0,0.6,0,752
0.8823529411764706,0.11764705882352941,0,0.8,0,0,0.2,1,0,0,0.5,0.5,0,753
0.8823529411764706,0.11764705882352941,0,0,0,0.5,0.5,1,0.8,0,0,0.2,0,754
0.8823529411764706,0.11764705882352941,0,0,0,0.5,0.5,1,0.8,0,0,0.2,0,755
0.8823529411764706,0.11764705882352941,0,0,0,0.5,0.5,1,0.8,0,0,0.2,0,756
0.8823529411764706,0.11764705882352941,0,0.8,0,0,0.2,1,0,0,0.5,0.5,0,757
0.9375,0.0625,0,0.5,0.375,0,0.125,1,0,0,0,1,0,758
0.8823529411764706,0.11764705882352941,0,0,0,0.5,0.5,1,0.8,0,0,0.2,0,759
0.8823529411764706,0.11764705882352941,0,0,0,0.5,0.5,1,0.8,0,0,0.2,0,760
0.8823529411764706,0.11764705882352941,0,0,0,0.5,0.5,1,0.8,0,0,0.2,0,761
0.8823529411764706,0.11764705882352941,0,0,0,0.5,0.5,1,0.8,0,0,0.2,0,762
0.8823529411764706,0.11764705882352941,0,0.8,0,0,0.2,1,0,0,0.5,0.5,0,763
0.8823529411764706,0.11764705882352941,0,0.8,0,0,0.2,1,0,0,0.5,0.5,0,764
1,0,0,0.5,0.375,0,0.125,1,0.1,0,0,0.9,0,765
1,0,0,0.5,0.375,0,0.125,1,0.1,0,0,0.9,0,766
0.8823529411764706,0.11764705882352941,0,0.8,0,0,0.2,1,0,0,0.5,0.5,0,767
1,0,0,0.4375,0.375,0,0.1875,1,0,0.16666666666666666,0,0.8333333333333334,0,768
1,0,0,0.3125,0.375,0,0.3125,1,0,0.2857142857142857,0,0.7142857142857143,0,769
0.9375,0.0625,0,0.8,0,0,0.2,1,0,0,0,0.625,0.375,770
0.8823529411764706,0.11764705882352941,0,0.8,0,0,0.2,1,0,0,0.5,0.5,0,771
0.8823529411764706,0.11764705882352941,0,0.8,0,0,0.2,1,0,0,0.5,0.5,0,772
0.9375,0.0625,0,0.5,0.375,0,0.125,1,0,0,0,1,0,773
1,0,0,0.8,0,0,0.2,1,0.0625,0,0,0.5625,0.375,774
1,0,0,0.8,0,0,0.2,1,0,0.058823529411764705,0,0.5882352941176471,0.35294117647058826,775
1,0,0,0.8,0,0,0.2,1,0.0625,0,0,0.5625,0.375,776
0.8823529411764706,0.11764705882352941,0,0.8,0,0,0.2,1,0,0,0.5,0.5,0,777
0.8823529411764706,0.11764705882352941,0,0.8,0,0,0.2,1,0,0,0.5,0.5,0,778
1,0,0,0.5,0.375,0,0.125,1,0,0.090909091,0,0.9090909090909091,0,779
0.8823529411764706,0.11764705882352941,0,0.8,0,0,0.2,1,0,0,0.5,0.5,0,780
0.8823529411764706,0.11764705882352941,0,0.8,0,0,0.2,1,0,0,0.5,0.5,0,781
0.9375,0.0625,0,0,0,0,1,1,0.5,0,0,0.125,0.375,782
1,0,0,0.5,0.375,0,0.125,1,0.1,0,0,0.9,0,783
1,0,0,0.5,0.375,0,0.125,1,0,0.090909091,0,0.9090909090909091,0,784
1,0,0,0,0,0,1,1,0.47058823529411764,0.058823529411764705,0,0.11764705882352941,0.35294117647058826,785
0.8823529411764706,0.11764705882352941,0,0.8,0,0,0.2,1,0,0,0.5,0.5,0,786
0.8823529411764706,0.11764705882352941,0,0.8,0,0,0.2,1,0,0,0.5,0.5,0,787
0.8823529411764706,0.11764705882352941,0,0.8,0,0,0.2,1,0,0,0.5,0.5,0,788
0.8823529411764706,0.11764705882352941,0,0.8,0,0,0.2,1,0,0,0.5,0.5,0,789
0.8823529411764706,0.11764705882352941,0,0.8,0,0,0.2,1,0,0,0.5,0.5,0,790
0.8823529411764706,0.11764705882352941,0,0.8,0,0,0.2,1,0,0,0.5,0.5,0,791
0.8823529411764706,0.11764705882352941,0,0.8,0,0,0.2,1,0,0,0.5,0.5,0,792
0.8823529411764706,0.11764705882352941,0,0,0,0.5,0.5,1,0.8,0,0,0.2,0,793
0.8823529411764706,0.11764705882352941,0,0,0,0.5,0.5,1,0.8,0,0,0.2,0,794
0.8823529411764706,0.11764705882352941,0,0,0,0.5,0.5,1,0.8,0,0,0.2,0,795
0.8823529411764706,0.11764705882352941,0,0,0,0.5,0.5,1,0.8,0,0,0.2,0,796
0.8823529411764706,0.11764705882352941,0,0.8,0,0,0.2,1,0,0,0.5,0.5,0,797
0.8823529411764706,0.11764705882352941,0,0.8,0,0,0.2,1,0,0,0.5,0.5,0,798
0.8823529411764706,0.11764705882352941,0,0.8,0,0,0.2,1,0,0,0.5,0.5,0,799
0.8823529411764706,0.11764705882352941,0,0,0,0.5,0.5,1,0.8,0,0,0.2,0,800
0.8823529411764706,0.11764705882352941,0,0,0,0.5,0.5,1,0.8,0,0,0.2,0,801
0.8823529411764706,0.11764705882352941,0,0,0,0.5,0.5,1,0.8,0,0,0.2,0,802
0.8823529411764706,0.11764705882352941,0,0,0,0.5,0.5,1,0.8,0,0,0.2,0,803
0.8823529411764706,0.11764705882352941,0,0.8,0,0,0.2,1,0,0,0.5,0.5,0,804
1,0,0,0.1,0,0,0.9,1,0.5,0,0,0.125,0.375,805
1,0,0.16666666666666666,0,0,0,0.8333333333333334,1,0.4375,0,0,0.1875,0.375,806
1,0,0,0.1,0,0,0.9,1,0.5,0,0,0.125,0.375,807
1,0,0.090909091,0,0,0,0.9090909090909091,1,0.5,0,0,0.125,0.375,808
1,0,0,0.5,0.375,0,0.125,1,0,0.090909091,0,0.9090909090909091,0,809
0.8823529411764706,0.11764705882352941,0,0.5333333333333333,0.3333333333333333,0,0.13333333333333333,1,0,0,0,1,0,810
0.8823529411764706,0.11764705882352941,0,0.8,0,0,0.2,1,0,0,0.5,0.5,0,811
0.8823529411764706,0.11764705882352941,0,0.8,0,0,0.2,1,0,0,0.5,0.5,0,812
1,0,0,0,0,0,1,1,0.3888888888888889,0.1111111111111111,0,0.16666666666666666,0.3333333333333333,813
0.8823529411764706,0.11764705882352941,0,0,0,0.5,0.5,1,0.8,0,0,0.2,0,814
0.9375,0.0625,0,0,0,0,1,1,0.5,0,0,0.125,0.375,815
1,0,0,0.1,0,0,0.9,1,0.5,0,0,0.125,0.375,816
0.8823529411764706,0.11764705882352941,0,0,0,0.5,0.5,1,0.8,0,0,0.2,0,817
1,0,0,0.8,0,0,0.2,1,0,0.058823529411764705,0,0.5882352941176471,0.35294117647058826,818
1,0,0,0.8,0,0,0.2,1,0.0625,0,0,0.5625,0.375,819
1,0,0.090909091,0,0,0,0.9090909090909091,1,0.5,0,0,0.125,0.375,820
0.9375,0.0625,0,0,0,0,1,1,0.5,0,0,0.125,0.375,821
0.8823529411764706,0.11764705882352941,0,0.8,0,0,0.2,1,0,0,0.5,0.5,0,822
0.9375,0.0625,0,0,0,0,1,1,0.5,0,0,0.125,0.375,823
0.9375,0.0625,0,0,0,0,1,1,0.5,0,0,0.125,0.375,824
0.8823529411764706,0.11764705882352941,0,0,0,0.5,0.5,1,0.8,0,0,0.2,0,825
0.8823529411764706,0.11764705882352941,0,0,0,0.5,0.5,1,0.8,0,0,0.2,0,826
0.8823529411764706,0.11764705882352941,0,0,0,0.5,0.5,1,0.8,0,0,0.2,0,827
0.8823529411764706,0.11764705882352941,0,0,0,0.5,0.5,1,0.8,0,0,0.2,0,828
0.8823529411764706,0.11764705882352941,0,0,0,0.5,0.5,1,0.8,0,0,0.2,0,829
0.8823529411764706,0.11764705882352941,0,0,0,0.5,0.5,1,0.8,0,0,0.2,0,830
0.8823529411764706,0.11764705882352941,0,0,0,0.5,0.5,1,0.8,0,0,0.2,0,831
1,0,0,0.1,0,0,0.9,1,0.5,0,0,0.125,0.375,832
1,0,0,0.8,0,0,0.2,1,0.0625,0,0,0.5625,0.375,833
1,0,0,0.8,0,0,0.2,1,0.0625,0,0,0.5625,0.375,834
1,0,0,0.7,0,0,0.3,1,0.125,0,0,0.5,0.375,835
0.8823529411764706,0.11764705882352941,0,0,0,0.5,0.5,1,0.8,0,0,0.2,0,836
0.8823529411764706,0.11764705882352941,0,0,0,0.5,0.5,1,0.8,0,0,0.2,0,837
1,0,0.090909091,0,0,0,0.9090909090909091,1,0.5,0,0,0.125,0.375,838
0.8823529411764706,0.11764705882352941,0,0,0,0.5,0.5,1,0.8,0,0,0.2,0,839
0.8823529411764706,0.11764705882352941,0,0,0,0.5,0.5,1,0.8,0,0,0.2,0,840
0.8823529411764706,0.11764705882352941,0,0,0,0.5,0.5,1,0.8,0,0,0.2,0,841
1,0,0,0.0625,0.375,0,0.5625,1,0.8,0,0,0.2,0,842
0.8823529411764706,0.11764705882352941,0,0,0,0.5,0.5,1,0.8,0,0,0.2,0,843
0.8823529411764706,0.11764705882352941,0,0,0,0.5,0.5,1,0.8,0,0,0.2,0,844
0.8823529411764706,0.11764705882352941,0,0,0,0.5,0.5,1,0.8,0,0,0.2,0,845
0.8823529411764706,0.11764705882352941,0,0,0,0.5,0.5,1,0.8,0,0,0.2,0,846
1,0,0,0,0.375,0,0.625,1,0.7272727272727273,0.090909091,0,0.18181818181818182,0,847
1,0,0.058823529411764705,0,0.35294117647058826,0,0.5882352941176471,1,0.8,0,0,0.2,0,848
1,0,0,0.125,0.375,0,0.5,1,0.7,0,0,0.3,0,849
1,0,0,0.7,0,0,0.3,1,0,0.1111111111111111,0,0.5555555555555556,0.3333333333333333,850
1,0,0,0.5,0.375,0,0.125,1,0.1,0,0,0.9,0,851
1,0,0,0.8,0,0,0.2,1,0.0625,0,0,0.5625,0.375,852
1,0,0.090909091,0.7272727272727273,0,0,0.18181818181818182,1,0,0,0,0.625,0.375,853
1,0,0.090909091,0.7272727272727273,0,0,0.18181818181818182,1,0,0,0,0.625,0.375,854
1,0,0,0.8,0,0,0.2,1,0,0.058823529411764705,0,0.5882352941176471,0.35294117647058826,855
0.8823529411764706,0.11764705882352941,0,0.8,0,0,0.2,1,0,0,0.5,0.5,0,856
1,0,0,0.7,0,0,0.3,1,0,0.1111111111111111,0,0.5555555555555556,0.3333333333333333,857
1,0,0,0.8,0,0,0.2,1,0.0625,0,0,0.5625,0.375,858
1,0,0,0.8,0,0,0.2,1,0.0625,0,0,0.5625,0.375,859
1,0,0,0.8,0,0,0.2,1,0,0.058823529411764705,0,0.5882352941176471,0.35294117647058826,860
1,0,0,0.8,0,0,0.2,1,0,0.058823529411764705,0,0.5882352941176471,0.35294117647058826,861
0.8823529411764706,0.11764705882352941,0,0.8,0,0,0.2,1,0,0,0.5,0.5,0,862
0.8823529411764706,0.11764705882352941,0,0,0,0.5,0.5,1,0.8,0,0,0.2,0,863
0.8823529411764706,0.11764705882352941,0,0,0,0.5,0.5,1,0.8,0,0,0.2,0,864
0.8823529411764706,0.11764705882352941,0,0,0,0.5,0.5,1,0.8,0,0,0.2,0,865
0.8823529411764706,0.11764705882352941,0,0,0,0.5,0.5,1,0.8,0,0,0.2,0,866
0.8823529411764706,0.11764705882352941,0,0,0,0.5,0.5,1,0.8,0,0,0.2,0,867
0.8823529411764706,0.11764705882352941,0,0,0,0.5,0.5,1,0.8,0,0,0.2,0,868
0.8823529411764706,0.11764705882352941,0,0,0,0.5,0.5,1,0.8,0,0,0.2,0,869
0.8823529411764706,0.11764705882352941,0,0.8,0,0,0.2,1,0,0,0.5,0.5,0,870
1,0,0,0.8,0,0,0.2,1,0,0.058823529411764705,0,0.5882352941176471,0.35294117647058826,871
1,0,0.090909091,0.7272727272727273,0,0,0.18181818181818182,1,0,0,0,0.625,0.375,872
0.8823529411764706,0.11764705882352941,0,0,0,0.5,0.5,1,0.8,0,0,0.2,0,873
0.8823529411764706,0.11764705882352941,0,0.8,0,0,0.2,1,0,0,0.5,0.5,0,874
0.8823529411764706,0.11764705882352941,0,0,0,0.5,0.5,1,0.8,0,0,0.2,0,875
0.8823529411764706,0.11764705882352941,0,0,0,0.5,0.5,1,0.8,0,0,0.2,0,876
0.8823529411764706,0.11764705882352941,0,0.8,0,0,0.2,1,0,0,0.5,0.5,0,877
0.8823529411764706,0.11764705882352941,0,0,0,0.5,0.5,1,0.8,0,0,0.2,0,878
1,0,0,0,0.375,0,0.625,1,0.5833333333333334,0.16666666666666666,0,0.25,0,879
1,0,0.058823529411764705,0,0.35294117647058826,0,0.5882352941176471,1,0.8,0,0,0.2,0,880
1,0,0.058823529411764705,0,0.35294117647058826,0,0.5882352941176471,1,0.8,0,0,0.2,0,881
1,0,0,0,0.375,0,0.625,1,0.7272727272727273,0.090909091,0,0.18181818181818182,0,882
1,0,0,0,0.375,0,0.625,1,0.7272727272727273,0.090909091,0,0.18181818181818182,0,883
1,0,0,0.5,0.375,0,0.125,1,0.1,0,0,0.9,0,884
0.8823529411764706,0.11764705882352941,0,0,0,0.5,0.5,1,0.8,0,0,0.2,0,885
0.8823529411764706,0.11764705882352941,0,0.8,0,0,0.2,1,0,0,0.5,0.5,0,886
0.8823529411764706,0.11764705882352941,0,0,0,0.5,0.5,1,0.8,0,0,0.2,0,887
0.8823529411764706,0.11764705882352941,0,0,0,0.5,0.5,1,0.8,0,0,0.2,0,888
1,0,0.058823529411764705,0.47058823529411764,0.35294117647058826,0,0.11764705882352941,1,0,0,0,1,0,889
0.8823529411764706,0.11764705882352941,0,0.8,0,0,0.2,1,0,0,0.5,0.5,0,890
0.8823529411764706,0.11764705882352941,0,0.8,0,0,0.2,1,0,0,0.5,0.5,0,891
1,0,0.090909091,0.7272727272727273,0,0,0.18181818181818182,1,0,0,0,0.625,0.375,892
0.9375,0.0625,0,0.8,0,0,0.2,1,0,0,0,0.625,0.375,893
0.8823529411764706,0.11764705882352941,0,0,0,0.5,0.5,1,0.8,0,0,0.2,0,894
0.8823529411764706,0.11764705882352941,0,0.8,0,0,0.2,1,0,0,0.5,0.5,0,895
0.8823529411764706,0.11764705882352941,0,0,0,0.5,0.5,1,0.8,0,0,0.2,0,896
0.8823529411764706,0.11764705882352941,0,0.8,0,0,0.2,1,0,0,0.5,0.5,0,897
0.9375,0.0625,0,0.5,0.375,0,0.125,1,0,0,0,1,0,898
0.8823529411764706,0.11764705882352941,0,0,0,0.5,0.5,1,0.8,0,0,0.2,0,899
0.8823529411764706,0.11764705882352941,0,0.8,0,0,0.2,1,0,0,0.5,0.5,0,900
0.8823529411764706,0.11764705882352941,0,0.8,0,0,0.2,1,0,0,0.5,0.5,0,901
0.8823529411764706,0.11764705882352941,0,0.8,0,0,0.2,1,0,0,0.5,0.5,0,902
0.8823529411764706,0.11764705882352941,0,0.8,0,0,0.2,1,0,0,0.5,0.5,0,903
1,0,0,0.375,0.375,0,0.25,1,0.3,0,0,0.7,0,904
1,0,0,0.5,0.375,0,0.125,1,0.1,0,0,0.9,0,905
0.8823529411764706,0.11764705882352941,0,0,0,0.5,0.5,1,0.8,0,0,0.2,0,906
0.8823529411764706,0.11764705882352941,0,0,0,0.5,0.5,1,0.8,0,0,0.2,0,907
0.8823529411764706,0.11764705882352941,0,0,0,0.5,0.5,1,0.8,0,0,0.2,0,908
0.8823529411764706,0.11764705882352941,0,0,0,0.5,0.5,1,0.8,0,0,0.2,0,909
1,0,0,0.2,0,0,0.8,1,0.4375,0,0,0.1875,0.375,910
0.8823529411764706,0.11764705882352941,0,0,0,0.5,0.5,1,0.8,0,0,0.2,0,911
0.8823529411764706,0.11764705882352941,0,0,0,0.5,0.5,1,0.8,0,0,0.2,0,912
1,0,0,0.5,0.375,0,0.125,1,0.1,0,0,0.9,0,913
0.9375,0.0625,0,0.5,0.375,0,0.125,1,0,0,0,1,0,914
0.8823529411764706,0.11764705882352941,0,0,0,0.5,0.5,1,0.8,0,0,0.2,0,915
0.8823529411764706,0.11764705882352941,0,0,0,0.5,0.5,1,0.8,0,0,0.2,0,916
0.8823529411764706,0.11764705882352941,0,0,0,0.5,0.5,1,0.8,0,0,0.2,0,917
0.8823529411764706,0.11764705882352941,0,0,0,0.5,0.5,1,0.8,0,0,0.2,0,918
0.8823529411764706,0.11764705882352941,0,0,0,0.5,0.5,1,0.8,0,0,0.2,0,919
1,0,0.058823529411764705,0.47058823529411764,0.35294117647058826,0,0.11764705882352941,1,0,0,0,1,0,920
0.8823529411764706,0.11764705882352941,0,0,0,0.5,0.5,1,0.8,0,0,0.2,0,921
0.8823529411764706,0.11764705882352941,0,0,0,0.5,0.5,1,0.8,0,0,0.2,0,922
0.8823529411764706,0.11764705882352941,0,0,0,0.5,0.5,1,0.8,0,0,0.2,0,923
1,0,0.090909091,0,0,0,0.9090909090909091,1,0.5,0,0,0.125,0.375,924
0.8823529411764706,0.11764705882352941,0,0,0,0.5,0.5,1,0.8,0,0,0.2,0,925
0.8823529411764706,0.11764705882352941,0,0,0,0.5,0.5,1,0.8,0,0,0.2,0,926
0.8823529411764706,0.11764705882352941,0,0,0,0.5,0.5,1,0.8,0,0,0.2,0,927
0.8823529411764706,0.11764705882352941,0,0,0,0.5,0.5,1,0.8,0,0,0.2,0,928
0.8823529411764706,0.11764705882352941,0,0,0,0.5,0.5,1,0.8,0,0,0.2,0,929
0.8823529411764706,0.11764705882352941,0,0,0,0.5,0.5,1,0.8,0,0,0.2,0,930
1,0,0,0,0.375,0,0.625,1,0.5833333333333334,0.16666666666666666,0,0.25,0,931
0.8823529411764706,0.11764705882352941,0,0.8,0,0,0.2,1,0,0,0.5,0.5,0,932
0.8823529411764706,0.11764705882352941,0,0,0,0.5,0.5,1,0.8,0,0,0.2,0,933
0.8823529411764706,0.11764705882352941,0,0,0,0.5,0.5,1,0.8,0,0,0.2,0,934
0.8823529411764706,0.11764705882352941,0,0,0,0.5,0.5,1,0.8,0,0,0.2,0,935
1,0,0,0.1,0,0,0.9,1,0.5,0,0,0.125,0.375,936
0.8823529411764706,0.11764705882352941,0,0.8,0,0,0.2,1,0,0,0.5,0.5,0,937
0.8823529411764706,0.11764705882352941,0,0,0,0.5,0.5,1,0.8,0,0,0.2,0,938
0.8823529411764706,0.11764705882352941,0,0,0,0.5,0.5,1,0.8,0,0,0.2,0,939
0.8823529411764706,0.11764705882352941,0,0,0,0.5,0.5,1,0.8,0,0,0.2,0,940
0.8823529411764706,0.11764705882352941,0,0,0,0.5,0.5,1,0.8,0,0,0.2,0,941
0.8823529411764706,0.11764705882352941,0,0,0,0.5,0.5,1,0.8,0,0,0.2,0,942
0.8823529411764706,0.11764705882352941,0,0.8,0,0,0.2,1,0,0,0.5,0.5,0,943
0.8823529411764706,0.11764705882352941,0,0.8,0,0,0.2,1,0,0,0.5,0.5,0,944
1,0,0,0.4375,0.375,0,0.1875,1,0,0.16666666666666666,0,0.8333333333333334,0,945
1,0,0,0.5,0.375,0,0.125,1,0,0.090909091,0,0.9090909090909091,0,946
0.9375,0.0625,0,0,0,0,1,1,0.5,0,0,0.125,0.375,947
0.9375,0.0625,0,0,0,0,1,1,0.5,0,0,0.125,0.375,948
0.8823529411764706,0.11764705882352941,0,0.8,0,0,0.2,1,0,0,0.5,0.5,0,949
0.8823529411764706,0.11764705882352941,0,0.8,0,0,0.2,1,0,0,0.5,0.5,0,950
1,0,0,0.5,0.375,0,0.125,1,0,0.090909091,0,0.9090909090909091,0,951
1,0,0,0.375,0.375,0,0.25,1,0,0.23076923076923078,0,0.7692307692307693,0,952
1,0,0,0.3125,0.375,0,0.3125,1,0,0.2857142857142857,0,0.7142857142857143,0,953
0.8823529411764706,0.11764705882352941,0,0,0,0.5,0.5,1,0.8,0,0,0.2,0,954
0.8823529411764706,0.11764705882352941,0,0,0,0.5,0.5,1,0.8,0,0,0.2,0,955
1,0,0.058823529411764705,0,0.35294117647058826,0,0.5882352941176471,1,0.8,0,0,0.2,0,956
0.8823529411764706,0.11764705882352941,0,0.8,0,0,0.2,1,0,0,0.5,0.5,0,957
0.8823529411764706,0.11764705882352941,0,0.8,0,0,0.2,1,0,0,0.5,0.5,0,958
0.8823529411764706,0.11764705882352941,0,0.8,0,0,0.2,1,0,0,0.5,0.5,0,959
0.8823529411764706,0.11764705882352941,0,0.8,0,0,0.2,1,0,0,0.5,0.5,0,960
0.8823529411764706,0.11764705882352941,0,0.8,0,0,0.2,1,0,0,0.5,0.5,0,961
1,0,0,0.5,0.375,0,0.125,1,0,0.090909091,0,0.9090909090909091,0,962
0.8823529411764706,0.11764705882352941,0,0,0,0.5,0.5,1,0.8,0,0,0.2,0,963
0.8823529411764706,0.11764705882352941,0,0,0,0.5,0.5,1,0.8,0,0,0.2,0,964
0.8823529411764706,0.11764705882352941,0,0,0,0.5,0.5,1,0.8,0,0,0.2,0,965
0.8823529411764706,0.11764705882352941,0,0,0,0.5,0.5,1,0.8,0,0,0.2,0,966
0.8823529411764706,0.11764705882352941,0,0,0,0.5,0.5,1,0.8,0,0,0.2,0,967
0.8823529411764706,0.11764705882352941,0,0,0,0.5,0.5,1,0.8,0,0,0.2,0,968
0.9375,0.0625,0,0,0.375,0,0.625,1,0.8,0,0,0.2,0,969
1,0,0,0,0.375,0,0.625,1,0.7272727272727273,0.090909091,0,0.18181818181818182,0,970
1,0,0,0.0625,0.375,0,0.5625,1,0.8,0,0,0.2,0,971
1,0,0,0.5,0.375,0,0.125,1,0.1,0,0,0.9,0,972
0.8823529411764706,0.11764705882352941,0,0,0,0.5,0.5,1,0.8,0,0,0.2,0,973
0.8823529411764706,0.11764705882352941,0,0,0,0.5,0.5,1,0.8,0,0,0.2,0,974
0.8823529411764706,0.11764705882352941,0,0.8,0,0,0.2,1,0,0,0.5,0.5,0,975
0.8823529411764706,0.11764705882352941,0,0.8,0,0,0.2,1,0,0,0.5,0.5,0,976
1,0,0,0.5,0.375,0,0.125,1,0.1,0,0,0.9,0,977
1,0,0.058823529411764705,0.47058823529411764,0.35294117647058826,0,0.11764705882352941,1,0,0,0,1,0,978
1,0,0.1111111111111111,0.3888888888888889,0.3333333333333333,0,0.16666666666666666,1,0,0,0,1,0,979
0.8823529411764706,0.11764705882352941,0,0,0,0.5,0.5,1,0.8,0,0,0.2,0,980
0.8823529411764706,0.11764705882352941,0,0,0,0.5,0.5,1,0.8,0,0,0.2,0,981
1,0,0,0.6666666666666666,0.16666666666666666,0,0.16666666666666666,1,0.1,0,0.4,0.5,0,982
1,0,0,0.3076923076923077,0.23076923076923078,0,0.46153846153846156,1,0,0.3333333333333333,0.2,0.4666666666666667,0,983
1,0,0.090909091,0,0,0.45454545454545453,0.45454545454545453,1,0.7272727272727273,0,0,0.18181818181818182,0.090909091,984
1,0,0,0.7,0,0,0.3,1,0.125,0,0,0.5,0.375,985
1,0,0.090909091,0.7272727272727273,0,0,0.18181818181818182,1,0,0,0,0.625,0.375,986
0.8823529411764706,0.11764705882352941,0,0.8,0,0,0.2,1,0,0,0.5,0.5,0,987
0.8823529411764706,0.11764705882352941,0,0.8,0,0,0.2,1,0,0,0.5,0.5,0,988
0.8823529411764706,0.11764705882352941,0,0,0,0.5,0.5,1,0.8,0,0,0.2,0,989
1,0,0,0.125,0.375,0,0.5,1,0.7,0,0,0.3,0,990
0.8823529411764706,0.11764705882352941,0,0,0,0.5,0.5,1,0.8,0,0,0.2,0,991
0.8823529411764706,0.11764705882352941,0,0,0,0.5,0.5,1,0.8,0,0,0.2,0,992
0.8823529411764706,0.11764705882352941,0,0,0,0.5,0.5,1,0.8,0,0,0.2,0,993
1,0,0,0,0.375,0,0.625,1,0.7272727272727273,0.090909091,0,0.18181818181818182,0,994
1,0,0.058823529411764705,0,0.35294117647058826,0,0.5882352941176471,1,0.8,0,0,0.2,0,995
0.9375,0.0625,0,0,0,0.5,0.5,1,0.5833333333333334,0.16666666666666666,0,0.25,0,996
1,0,0,0.090909091,0.090909091,0.45454545454545453,0.36363636363636365,1,0.8,0,0,0.2,0,997
0.9375,0.0625,0,0,0.375,0,0.625,1,0.8,0,0,0.2,0,998
1,0,0.058823529411764705,0,0.35294117647058826,0,0.5882352941176471,1,0.8,0,0,0.2,0,999
0.8823529411764706,0.11764705882352941,0,0,0,0.5,0.5,1,0.8,0,0,0.2,0,1000
1,0,0,0.8,0,0,0.2,1,0.083333333,0,0.3333333333333333,0.4166666666666667,0.16666666666666666,1001
0.8823529411764706,0.11764705882352941,0,0,0,0.5,0.5,1,0.8,0,0,0.2,0,1002
1,0,0,0.0625,0.375,0,0.5625,1,0.8,0,0,0.2,0,1003
1,0,0,0,0.375,0,0.625,1,0.7272727272727273,0.090909091,0,0.18181818181818182,0,1004
1,0,0,0.125,0.375,0,0.5,1,0.7,0,0,0.3,0,1005
0.9375,0.0625,0,0,0.375,0,0.625,1,0.8,0,0,0.2,0,1006
0.8823529411764706,0.11764705882352941,0,0,0,0.5,0.5,1,0.8,0,0,0.2,0,1007
0.8823529411764706,0.11764705882352941,0,0,0,0.5,0.5,1,0.8,0,0,0.2,0,1008
0.8823529411764706,0.11764705882352941,0,0,0,0.5,0.5,1,0.8,0,0,0.2,0,1009
0.8823529411764706,0.11764705882352941,0,0,0,0.5,0.5,1,0.8,0,0,0.2,0,1010
0.8823529411764706,0.11764705882352941,0,0,0,0.5,0.5,1,0.8,0,0,0.2,0,1011
0.8823529411764706,0.11764705882352941,0,0,0,0.5,0.5,1,0.8,0,0,0.2,0,1012
0.8823529411764706,0.11764705882352941,0,0,0,0.5,0.5,1,0.8,0,0,0.2,0,1013
0.8823529411764706,0.11764705882352941,0,0,0,0.5,0.5,1,0.8,0,0,0.2,0,1014
0.8823529411764706,0.11764705882352941,0,0,0,0.5,0.5,1,0.8,0,0,0.2,0,1015
0.8823529411764706,0.11764705882352941,0,0.8,0,0,0.2,1,0,0,0.5,0.5,0,1016
0.8823529411764706,0.11764705882352941,0,0.8,0,0,0.2,1,0,0,0.5,0.5,0,1017
0.8823529411764706,0.11764705882352941,0,0.8,0,0,0.2,1,0,0,0.5,0.5,0,1018
1,0,0,0.5,0.375,0,0.125,1,0.1,0,0,0.9,0,1019
1,0,0,0,0.375,0,0.625,1,0.7272727272727273,0.090909091,0,0.18181818181818182,0,1020
1,0,0,0,0.375,0,0.625,1,0.46153846153846156,0.23076923076923078,0,0.3076923076923077,0,1021
0.8823529411764706,0.11764705882352941,0,0,0,0.5,0.5,1,0.8,0,0,0.2,0,1022
0.8823529411764706,0.11764705882352941,0,0,0,0.5,0.5,1,0.8,0,0,0.2,0,1023
0.8823529411764706,0.11764705882352941,0,0.8,0,0,0.2,1,0,0,0.5,0.5,0,1024
0.8823529411764706,0.11764705882352941,0,0.8,0,0,0.2,1,0,0,0.5,0.5,0,1025
1,0,0,0.5,0.375,0,0.125,1,0.1,0,0,0.9,0,1026
0.8823529411764706,0.11764705882352941,0,0,0,0.5,0.5,1,0.8,0,0,0.2,0,1027
0.8823529411764706,0.11764705882352941,0,0.8,0,0,0.2,1,0,0,0.5,0.5,0,1028
0.8823529411764706,0.11764705882352941,0,0.8,0,0,0.2,1,0,0,0.5,0.5,0,1029
0.8823529411764706,0.11764705882352941,0,0.8,0,0,0.2,1,0,0,0.5,0.5,0,1030
0.8823529411764706,0.11764705882352941,0,0.8,0,0,0.2,1,0,0,0.5,0.5,0,1031
0.8823529411764706,0.11764705882352941,0,0,0,0.5,0.5,1,0.8,0,0,0.2,0,1032
0.8823529411764706,0.11764705882352941,0,0.8,0,0,0.2,1,0,0,0.5,0.5,0,1033
0.8823529411764706,0.11764705882352941,0,0,0,0.5,0.5,1,0.8,0,0,0.2,0,1034
0.8823529411764706,0.11764705882352941,0,0,0,0.5,0.5,1,0.8,0,0,0.2,0,1035
0.8823529411764706,0.11764705882352941,0,0,0,0.5,0.5,1,0.8,0,0,0.2,0,1036
0.8823529411764706,0.11764705882352941,0,0.8,0,0,0.2,1,0,0,0.5,0.5,0,1037
0.8823529411764706,0.11764705882352941,0,0,0,0.5,0.5,1,0.8,0,0,0.2,0,1038
0.8823529411764706,0.11764705882352941,0,0,0,0.5,0.5,1,0.8,0,0,0.2,0,1039
0.8823529411764706,0.11764705882352941,0,0,0,0.5,0.5,1,0.8,0,0,0.2,0,1040
0.8823529411764706,0.11764705882352941,0,0,0,0.5,0.5,1,0.8,0,0,0.2,0,1041
0.8823529411764706,0.11764705882352941,0,0,0,0.5,0.5,1,0.8,0,0,0.2,0,1042
0.8823529411764706,0.11764705882352941,0,0,0,0.5,0.5,1,0.8,0,0,0.2,0,1043
0.8823529411764706,0.11764705882352941,0,0,0,0.5,0.5,1,0.8,0,0,0.2,0,1044
0.8823529411764706,0.11764705882352941,0,0,0,0.5,0.5,1,0.8,0,0,0.2,0,1045
0.8823529411764706,0.11764705882352941,0,0,0,0.5,0.5,1,0.8,0,0,0.2,0,1046
0.8823529411764706,0.11764705882352941,0,0,0,0.5,0.5,1,0.8,0,0,0.2,0,1047
0.8823529411764706,0.11764705882352941,0,0.8,0,0,0.2,1,0,0,0.5,0.5,0,1048
0.8823529411764706,0.11764705882352941,0,0.8,0,0,0.2,1,0,0,0.5,0.5,0,1049
0.8823529411764706,0.11764705882352941,0,0.8,0,0,0.2,1,0,0,0.5,0.5,0,1050
0.8823529411764706,0.11764705882352941,0,0,0,0.5,0.5,1,0.8,0,0,0.2,0,1051
0.8823529411764706,0.11764705882352941,0,0,0,0.5,0.5,1,0.8,0,0,0.2,0,1052
0.8823529411764706,0.11764705882352941,0,0,0,0.5,0.5,1,0.8,0,0,0.2,0,1053
0.8823529411764706,0.11764705882352941,0,0,0,0.5,0.5,1,0.8,0,0,0.2,0,1054
0.8823529411764706,0.11764705882352941,0,0,0,0.5,0.5,1,0.8,0,0,0.2,0,1055
0.8823529411764706,0.11764705882352941,0,0,0,0.5,0.5,1,0.8,0,0,0.2,0,1056
0.8823529411764706,0.11764705882352941,0,0,0,0.5,0.5,1,0.8,0,0,0.2,0,1057
0.8823529411764706,0.11764705882352941,0,0,0,0.5,0.5,1,0.8,0,0,0.2,0,1058
1,0,0.090909091,0.7272727272727273,0,0,0.18181818181818182,1,0,0,0,0.625,0.375,1059
0.8823529411764706,0.11764705882352941,0,0.8,0,0,0.2,1,0,0,0.5,0.5,0,1060
1,0,0,0.8,0,0,0.2,1,0.0625,0,0,0.5625,0.375,1061
0.8823529411764706,0.11764705882352941,0,0,0,0.5,0.5,1,0.8,0,0,0.2,0,1062
0.8823529411764706,0.11764705882352941,0,0.8,0,0,0.2,1,0,0,0.5,0.5,0,1063
0.8823529411764706,0.11764705882352941,0,0.8,0,0,0.2,1,0,0,0.5,0.5,0,1064
0.8823529411764706,0.11764705882352941,0,0.8,0,0,0.2,1,0,0,0.5,0.5,0,1065
0.8823529411764706,0.11764705882352941,0,0.8,0,0,0.2,1,0,0,0.5,0.5,0,1066
0.8823529411764706,0.11764705882352941,0,0.8,0,0,0.2,1,0,0,0.5,0.5,0,1067
0.8823529411764706,0.11764705882352941,0,0.8,0,0,0.2,1,0,0,0.5,0.5,0,1068
0.8823529411764706,0.11764705882352941,0,0,0,0.5,0.5,1,0.8,0,0,0.2,0,1069
0.8823529411764706,0.11764705882352941,0,0.8,0,0,0.2,1,0,0,0.5,0.5,0,1070
0.8823529411764706,0.11764705882352941,0,0,0,0.5,0.5,1,0.8,0,0,0.2,0,1071
0.8823529411764706,0.11764705882352941,0,0,0,0.5,0.5,1,0.8,0,0,0.2,0,1072
0.8823529411764706,0.11764705882352941,0,0,0,0.5,0.5,1,0.8,0,0,0.2,0,1073
0.8823529411764706,0.11764705882352941,0,0.8,0,0,0.2,1,0,0,0.5,0.5,0,1074
0.8823529411764706,0.11764705882352941,0,0,0,0.5,0.5,1,0.8,0,0,0.2,0,1075
0.8823529411764706,0.11764705882352941,0,0,0,0.5,0.5,1,0.8,0,0,0.2,0,1076
1,0,0,0.3,0,0,0.7,1,0.375,0,0,0.25,0.375,1077
0.8823529411764706,0.11764705882352941,0,0,0,0.5,0.5,1,0.8,0,0,0.2,0,1078
0.8823529411764706,0.11764705882352941,0,0,0,0.5,0.5,1,0.8,0,0,0.2,0,1079
0.8823529411764706,0.11764705882352941,0,0,0,0.5,0.5,1,0.8,0,0,0.2,0,1080
0.8823529411764706,0.11764705882352941,0,0,0,0.5,0.5,1,0.8,0,0,0.2,0,1081
1,0,0.090909091,0.7272727272727273,0,0,0.18181818181818182,1,0,0,0,0.625,0.375,1082
1,0,0,0.8,0,0,0.2,1,0.0625,0,0,0.5625,0.375,1083
1,0,0,0.8,0,0,0.2,1,0.0625,0,0,0.5625,0.375,1084
0.8823529411764706,0.11764705882352941,0,0,0,0.5,0.5,1,0.8,0,0,0.2,0,1085
0.8823529411764706,0.11764705882352941,0,0,0,0.5,0.5,1,0.8,0,0,0.2,0,1086
0.8823529411764706,0.11764705882352941,0,0,0,0.5,0.5,1,0.8,0,0,0.2,0,1087
0.8823529411764706,0.11764705882352941,0,0,0,0.5,0.5,1,0.8,0,0,0.2,0,1088
0.8823529411764706,0.11764705882352941,0,0,0,0.5,0.5,1,0.8,0,0,0.2,0,1089
0.8823529411764706,0.11764705882352941,0,0,0,0.5,0.5,1,0.8,0,0,0.2,0,1090
0.8823529411764706,0.11764705882352941,0,0,0,0.5,0.5,1,0.8,0,0,0.2,0,1091
0.8823529411764706,0.11764705882352941,0,0,0,0.5,0.5,1,0.8,0,0,0.2,0,1092
1,0,0,0.5,0.375,0,0.125,1,0.1,0,0,0.9,0,1093
0.8823529411764706,0.11764705882352941,0,0,0,0.5,0.5,1,0.8,0,0,0.2,0,1094
0.8823529411764706,0.11764705882352941,0,0,0,0.5,0.5,1,0.8,0,0,0.2,0,1095
0.8823529411764706,0.11764705882352941,0,0,0,0.5,0.5,1,0.8,0,0,0.2,0,1096
1,0,0,0.5,0.375,0,0.125,1,0.1,0,0,0.9,0,1097
1,0,0,0.5,0.375,0,0.125,1,0,0.090909091,0,0.9090909090909091,0,1098
0.8823529411764706,0.11764705882352941,0,0,0,0.5,0.5,1,0.8,0,0,0.2,0,1099
0.8823529411764706,0.11764705882352941,0,0,0,0.5,0.5,1,0.8,0,0,0.2,0,1100
0.8823529411764706,0.11764705882352941,0,0,0,0.5,0.5,1,0.8,0,0,0.2,0,1101
0.8823529411764706,0.11764705882352941,0,0,0,0.5,0.5,1,0.8,0,0,0.2,0,1102
0.8823529411764706,0.11764705882352941,0,0,0,0.5,0.5,1,0.8,0,0,0.2,0,1103
0.8823529411764706,0.11764705882352941,0,0,0,0.5,0.5,1,0.8,0,0,0.2,0,1104
0.8823529411764706,0.11764705882352941,0,0,0,0.5,0.5,1,0.8,0,0,0.2,0,1105
0.8823529411764706,0.11764705882352941,0,0,0,0.5,0.5,1,0.8,0,0,0.2,0,1106
0.8823529411764706,0.11764705882352941,0,0,0,0.5,0.5,1,0.8,0,0,0.2,0,1107
0.8823529411764706,0.11764705882352941,0,0,0,0.5,0.5,1,0.8,0,0,0.2,0,1108
0.8823529411764706,0.11764705882352941,0,0,0,0.5,0.5,1,0.8,0,0,0.2,0,1109
0.8823529411764706,0.11764705882352941,0,0,0,0.5,0.5,1,0.8,0,0,0.2,0,1110
0.8823529411764706,0.11764705882352941,0,0,0,0.5,0.5,1,0.8,0,0,0.2,0,1111
0.8823529411764706,0.11764705882352941,0,0,0,0.5,0.5,1,0.8,0,0,0.2,0,1112
0.8823529411764706,0.11764705882352941,0,0,0,0.5,0.5,1,0.8,0,0,0.2,0,1113
0.8823529411764706,0.11764705882352941,0,0,0,0.5,0.5,1,0.8,0,0,0.2,0,1114
0.8823529411764706,0.11764705882352941,0,0,0,0.5,0.5,1,0.8,0,0,0.2,0,1115
0.8823529411764706,0.11764705882352941,0,0,0,0.5,0.5,1,0.8,0,0,0.2,0,1116
0.8823529411764706,0.11764705882352941,0,0,0,0.5,0.5,1,0.8,0,0,0.2,0,1117
0.8823529411764706,0.11764705882352941,0,0,0,0.5,0.5,1,0.8,0,0,0.2,0,1118
0.8823529411764706,0.11764705882352941,0,0,0,0.5,0.5,1,0.8,0,0,0.2,0,1119
0.8823529411764706,0.11764705882352941,0,0,0,0.5,0.5,1,0.8,0,0,0.2,0,1120
0.8823529411764706,0.11764705882352941,0,0,0,0.5,0.5,1,0.8,0,0,0.2,0,1121
0.8823529411764706,0.11764705882352941,0,0,0,0.5,0.5,1,0.8,0,0,0.2,0,1122
0.8823529411764706,0.11764705882352941,0,0,0,0.5,0.5,1,0.8,0,0,0.2,0,1123
0.8823529411764706,0.11764705882352941,0,0,0,0.5,0.5,1,0.8,0,0,0.2,0,1124
0.8823529411764706,0.11764705882352941,0,0,0,0.5,0.5,1,0.8,0,0,0.2,0,1125
0.8823529411764706,0.11764705882352941,0,0,0,0.5,0.5,1,0.8,0,0,0.2,0,1126
0.8823529411764706,0.11764705882352941,0,0,0,0.5,0.5,1,0.8,0,0,0.2,0,1127
0.8823529411764706,0.11764705882352941,0,0,0,0.5,0.5,1,0.8,0,0,0.2,0,1128
0.8823529411764706,0.11764705882352941,0,0,0,0.5,0.5,1,0.8,0,0,0.2,0,1129
0.8823529411764706,0.11764705882352941,0,0,0,0.5,0.5,1,0.8,0,0,0.2,0,1130
1,0,0,0.125,0.375,0,0.5,1,0.7,0,0,0.3,0,1131
0.8823529411764706,0.11764705882352941,0,0,0,0.5,0.5,1,0.8,0,0,0.2,0,1132
0.8823529411764706,0.11764705882352941,0,0,0,0.5,0.5,1,0.8,0,0,0.2,0,1133
0.9375,0.0625,0,0,0,0,1,1,0.5,0,0,0.125,0.375,1134
1,0,0.090909091,0,0,0,0.9090909090909091,1,0.5,0,0,0.125,0.375,1135
1,0,0,0.1,0,0,0.9,1,0.5,0,0,0.125,0.375,1136
1,0,0,0.3,0,0,0.7,1,0.375,0,0,0.25,0.375,1137
1,0,0,0.6,0,0,0.4,1,0.1875,0,0,0.4375,0.375,1138
1,0,0,0.8,0,0,0.2,1,0.0625,0,0,0.5625,0.375,1139
1,0,0,0.2,0,0,0.8,1,0.4375,0,0,0.1875,0.375,1140
0.8823529411764706,0.11764705882352941,0,0,0,0.5,0.5,1,0.8,0,0,0.2,0,1141
1,0,0.090909091,0.7272727272727273,0,0,0.18181818181818182,1,0,0,0,0.625,0.375,1142
0.8823529411764706,0.11764705882352941,0,0.8,0,0,0.2,1,0,0,0.5,0.5,0,1143
0.8823529411764706,0.11764705882352941,0,0.8,0,0,0.2,1,0,0,0.5,0.5,0,1144
0.8823529411764706,0.11764705882352941,0,0.8,0,0,0.2,1,0,0,0.5,0.5,0,1145
1,0,0,0.4375,0.375,0,0.1875,1,0,0.16666666666666666,0,0.8333333333333334,0,1146
0.8823529411764706,0.11764705882352941,0,0,0,0.5,0.5,1,0.8,0,0,0.2,0,1147
1,0,0,0,0.375,0,0.625,1,0.7272727272727273,0.090909091,0,0.18181818181818182,0,1148
1,0,0.090909091,0,0,0,0.9090909090909091,1,0.5,0,0,0.125,0.375,1149
1,0,0.090909091,0,0,0,0.9090909090909091,1,0.5,0,0,0.125,0.375,1150
1,0,0,0.1,0,0,0.9,1,0.5,0,0,0.125,0.375,1151
0.8823529411764706,0.11764705882352941,0,0,0,0.5,0.5,1,0.8,0,0,0.2,0,1152
0.9375,0.0625,0,0.5,0.375,0,0.125,1,0,0,0,1,0,1153
1,0,0,0.5,0.375,0,0.125,1,0,0.090909091,0,0.9090909090909091,0,1154
1,0,0,0.5,0.375,0,0.125,1,0.1,0,0,0.9,0,1155
0.8823529411764706,0.11764705882352941,0,0,0,0.5,0.5,1,0.8,0,0,0.2,0,1156
0.8823529411764706,0.11764705882352941,0,0,0.3333333333333333,0,0.6666666666666666,1,0.8,0,0,0.2,0,1157
1,0,0.058823529411764705,0.47058823529411764,0.35294117647058826,0,0.11764705882352941,1,0,0,0,1,0,1158
1,0,0,0.5,0.375,0,0.125,1,0,0.090909091,0,0.9090909090909091,0,1159
1,0,0,0.5,0.375,0,0.125,1,0,0.090909091,0,0.9090909090909091,0,1160
1,0,0,0.5,0.375,0,0.125,1,0,0.090909091,0,0.9090909090909091,0,1161
1,0,0,0.5,0.375,0,0.125,1,0,0.090909091,0,0.9090909090909091,0,1162
1,0,0.090909091,0.7272727272727273,0,0,0.18181818181818182,1,0,0,0,0.625,0.375,1163
1,0,0.090909091,0.7272727272727273,0,0,0.18181818181818182,1,0,0,0,0.625,0.375,1164
1,0,0,0.8,0,0,0.2,1,0,0.058823529411764705,0,0.5882352941176471,0.35294117647058826,1165
1,0,0,0.4375,0.375,0,0.1875,1,0.2,0,0,0.8,0,1166
0.9375,0.0625,0,0.5,0.375,0,0.125,1,0,0,0,1,0,1167
0.9375,0.0625,0,0.5,0.375,0,0.125,1,0,0,0,1,0,1168
1,0,0,0.5,0.375,0,0.125,1,0.1,0,0,0.9,0,1169
1,0,0,0.5,0.375,0,0.125,1,0.1,0,0,0.9,0,1170
1,0,0,0.5,0.375,0,0.125,1,0,0.090909091,0,0.9090909090909091,0,1171
1,0,0,0.5,0.375,0,0.125,1,0.1,0,0,0.9,0,1172
1,0,0,0.4375,0.375,0,0.1875,1,0.2,0,0,0.8,0,1173
1,0,0.058823529411764705,0.47058823529411764,0.35294117647058826,0,0.11764705882352941,1,0,0,0,1,0,1174
0.9375,0.0625,0,0.5,0.375,0,0.125,1,0,0,0,1,0,1175
1,0,0,0,0.375,0,0.625,1,0.7272727272727273,0.090909091,0,0.18181818181818182,0,1176
0.8823529411764706,0.11764705882352941,0,0,0,0.5,0.5,1,0.8,0,0,0.2,0,1177
1,0,0,0,0.375,0,0.625,1,0.7272727272727273,0.090909091,0,0.18181818181818182,0,1178
1,0,0,0.8,0,0,0.2,1,0.0625,0,0,0.5625,0.375,1179
0.8823529411764706,0.11764705882352941,0,0.8,0,0,0.2,1,0,0,0.5,0.5,0,1180
0.9375,0.0625,0,0,0.375,0,0.625,1,0.8,0,0,0.2,0,1181
1,0,0.1111111111111111,0,0.3333333333333333,0,0.5555555555555556,1,0.7,0,0,0.3,0,1182
0.8823529411764706,0.11764705882352941,0,0,0,0.5,0.5,1,0.8,0,0,0.2,0,1183
0.8823529411764706,0.11764705882352941,0,0,0,0.5,0.5,1,0.8,0,0,0.2,0,1184
0.8823529411764706,0.11764705882352941,0,0,0,0.5,0.5,1,0.8,0,0,0.2,0,1185
0.8823529411764706,0.11764705882352941,0,0,0,0.5,0.5,1,0.8,0,0,0.2,0,1186
0.8823529411764706,0.11764705882352941,0,0,0,0.5,0.5,1,0.8,0,0,0.2,0,1187
1,0,0,0.5,0.375,0,0.125,1,0.1,0,0,0.9,0,1188
1,0,0,0.5,0.375,0,0.125,1,0.1,0,0,0.9,0,1189
1,0,0,0.25,0.375,0,0.375,1,0.5,0,0,0.5,0,1190
1,0,0,0.5,0.375,0,0.125,1,0,0.090909091,0,0.9090909090909091,0,1191
1,0,0,0.125,0.375,0,0.5,1,0.7,0,0,0.3,0,1192
1,0,0,0.5,0.375,0,0.125,1,0,0.090909091,0,0.9090909090909091,0,1193
0.8823529411764706,0.11764705882352941,0,0,0,0.5,0.5,1,0.8,0,0,0.2,0,1194
1,0,0,0.125,0.375,0,0.5,1,0.7,0,0,0.3,0,1195
0.8823529411764706,0.11764705882352941,0,0,0,0.5,0.5,1,0.8,0,0,0.2,0,1196
0.8823529411764706,0.11764705882352941,0,0.8,0,0,0.2,1,0,0,0.5,0.5,0,1197
0.8823529411764706,0.11764705882352941,0,0.8,0,0,0.2,1,0,0,0.5,0.5,0,1198
1,0,0,0.8,0,0,0.2,1,0.0625,0,0,0.5625,0.375,1199
0.9375,0.0625,0,0.8,0,0,0.2,1,0,0,0,0.625,0.375,1200
0.9375,0.0625,0,0.8,0,0,0.2,1,0,0,0,0.625,0.375,1201
1,0,0.090909091,0.7272727272727273,0,0,0.18181818181818182,1,0,0,0,0.625,0.375,1202
1,0,0,0.8,0,0,0.2,1,0.0625,0,0,0.5625,0.375,1203
1,0,0,0,0.375,0,0.625,1,0.7272727272727273,0.090909091,0,0.18181818181818182,0,1204
1,0,0,0,0.375,0,0.625,1,0.7272727272727273,0.090909091,0,0.18181818181818182,0,1205
1,0,0,0,0.375,0,0.625,1,0.46153846153846156,0.23076923076923078,0,0.3076923076923077,0,1206
0.9375,0.0625,0,0,0,0,1,1,0.5,0,0,0.125,0.375,1207
0.8823529411764706,0.11764705882352941,0,0,0,0.5,0.5,1,0.8,0,0,0.2,0,1208
0.8823529411764706,0.11764705882352941,0,0,0,0.5,0.5,1,0.8,0,0,0.2,0,1209
0.8823529411764706,0.11764705882352941,0,0,0,0.5,0.5,1,0.8,0,0,0.2,0,1210
1,0,0.090909091,0,0,0,0.9090909090909091,1,0.5,0,0,0.125,0.375,1211
1,0,0,0.8,0,0,0.2,1,0,0.058823529411764705,0,0.5882352941176471,0.35294117647058826,1212
0.8823529411764706,0.11764705882352941,0,0,0,0.5,0.5,1,0.8,0,0,0.2,0,1213
1,0,0.090909091,0.7272727272727273,0,0,0.18181818181818182,1,0,0,0,0.625,0.375,1214
1,0,0,0.0625,0.375,0,0.5625,1,0.8,0,0,0.2,0,1215
0.8823529411764706,0.11764705882352941,0,0.8,0,0,0.2,1,0,0,0.5,0.5,0,1216
0.8823529411764706,0.11764705882352941,0,0,0,0.5,0.5,1,0.8,0,0,0.2,0,1217
1,0,0,0,0.375,0,0.625,1,0.7272727272727273,0.090909091,0,0.18181818181818182,0,1218
1,0,0,0.0625,0.375,0,0.5625,1,0.8,0,0,0.2,0,1219
0.9375,0.0625,0,0,0.375,0,0.625,1,0.8,0,0,0.2,0,1220
1,0,0,0,0.375,0,0.625,1,0.7272727272727273,0.090909091,0,0.18181818181818182,0,1221
1,0,0,0.1875,0.375,0,0.4375,1,0.6,0,0,0.4,0,1222
0.8823529411764706,0.11764705882352941,0,0.8,0,0,0.2,1,0,0,0.5,0.5,0,1223
1,0,0,0.0625,0.375,0,0.5625,1,0.8,0,0,0.2,0,1224
0.8823529411764706,0.11764705882352941,0,0.8,0,0,0.2,1,0,0,0.5,0.5,0,1225
1,0,0,0.0625,0.375,0,0.5625,1,0.8,0,0,0.2,0,1226
1,0,0,0.125,0.375,0,0.5,1,0.7,0,0,0.3,0,1227
0.9375,0.0625,0,0,0,0,1,1,0.5,0,0,0.125,0.375,1228
0.9375,0.0625,0,0,0,0,1,1,0.5,0,0,0.125,0.375,1229
0.8823529411764706,0.11764705882352941,0,0,0,0.5,0.5,1,0.8,0,0,0.2,0,1230
0.8823529411764706,0.11764705882352941,0,0.8,0,0,0.2,1,0,0,0.5,0.5,0,1231
0.8823529411764706,0.11764705882352941,0,0,0,0.5,0.5,1,0.8,0,0,0.2,0,1232
0.8823529411764706,0.11764705882352941,0,0,0,0.5,0.5,1,0.8,0,0,0.2,0,1233
0.8823529411764706,0.11764705882352941,0,0,0,0.5,0.5,1,0.8,0,0,0.2,0,1234
0.8823529411764706,0.11764705882352941,0,0,0,0.5,0.5,1,0.8,0,0,0.2,0,1235
0.8823529411764706,0.11764705882352941,0,0,0,0.5,0.5,1,0.8,0,0,0.2,0,1236
0.8823529411764706,0.11764705882352941,0,0,0,0.5,0.5,1,0.8,0,0,0.2,0,1237
0.8823529411764706,0.11764705882352941,0,0,0,0.5,0.5,1,0.8,0,0,0.2,0,1238
0.8823529411764706,0.11764705882352941,0,0,0,0.5,0.5,1,0.8,0,0,0.2,0,1239
0.8823529411764706,0.11764705882352941,0,0,0,0.5,0.5,1,0.8,0,0,0.2,0,1240
0.8823529411764706,0.11764705882352941,0,0,0,0.5,0.5,1,0.8,0,0,0.2,0,1241
0.8823529411764706,0.11764705882352941,0,0.8,0,0,0.2,1,0,0,0.5,0.5,0,1242
0.8823529411764706,0.11764705882352941,0,0.8,0,0,0.2,1,0,0,0.5,0.5,0,1243
0.8823529411764706,0.11764705882352941,0,0.8,0,0,0.2,1,0,0,0.5,0.5,0,1244
0.8823529411764706,0.11764705882352941,0,0.8,0,0,0.2,1,0,0,0.5,0.5,0,1245
0.8823529411764706,0.11764705882352941,0,0.8,0,0,0.2,1,0,0,0.5,0.5,0,1246
0.8823529411764706,0.11764705882352941,0,0.8,0,0,0.2,1,0,0,0.5,0.5,0,1247
0.8823529411764706,0.11764705882352941,0,0.8,0,0,0.2,1,0,0,0.5,0.5,0,1248
0.8823529411764706,0.11764705882352941,0,0.8,0,0,0.2,1,0,0,0.5,0.5,0,1249