,"('S', ('VP',))","('S', ('VP', 'NP'))","('S', ('S', 'NP'))","('S', ('NP', 'VP'))","('S', ('NP', 'S'))","('VP', ('NP', 'V'))","('VP', ('VP', 'NP'))","('VP', ('NP', 'VP'))","('VP', ('V', 'NP'))","('VP', ('V',))","('NP', 'np')","('NP', ('NP', 'NP'))","('V', 'v')"
0,0.2,0.0,0.0,0.8,0.0,0.0,0.0,0.0,0.4,0.6,0.875,0.125,1.0
1,0.5,0.0,0.0,0.0,0.5,0.0,0.0,0.0,0.4,0.6,1.0,0.0,1.0
2,0.23076923076923078,0.0,0.0,0.5384615384615384,0.23076923076923078,0.0,0.0,0.0,0.4,0.6,1.0,0.0,1.0
3,0.375,0.0,0.0,0.25,0.375,0.0,0.0,0.0,0.4,0.6,1.0,0.0,1.0
4,0.3333333333333333,0.0,0.0,0.3333333333333333,0.3333333333333333,0.0,0.0,0.0,0.4,0.6,1.0,0.0,1.0
5,1.0,0.0,0.0,0.0,0.0,0.0,0.0,0.5,0.2,0.3,1.0,0.0,1.0
6,0.2,0.0,0.0,0.8,0.0,0.0,0.0,0.0,0.4,0.6,0.875,0.125,1.0
7,0.5,0.0,0.0,0.0,0.5,0.0,0.0,0.0,0.4,0.6,1.0,0.0,1.0
8,0.5,0.0,0.0,0.0,0.5,0.0,0.0,0.0,0.4,0.6,1.0,0.0,1.0
9,0.5,0.0,0.0,0.0,0.5,0.0,0.0,0.0,0.4,0.6,1.0,0.0,1.0
10,1.0,0.0,0.0,0.0,0.0,0.0,0.0,0.5,0.2,0.3,1.0,0.0,1.0
11,1.0,0.0,0.0,0.0,0.0,0.0,0.0,0.5,0.2,0.3,1.0,0.0,1.0
12,1.0,0.0,0.0,0.0,0.0,0.0,0.0,0.5,0.2,0.3,1.0,0.0,1.0
13,1.0,0.0,0.0,0.0,0.0,0.0,0.0,0.5,0.2,0.3,1.0,0.0,1.0
14,1.0,0.0,0.0,0.0,0.0,0.0,0.0,0.5,0.2,0.3,1.0,0.0,1.0
15,1.0,0.0,0.0,0.0,0.0,0.0,0.0,0.5,0.2,0.3,1.0,0.0,1.0
16,1.0,0.0,0.0,0.0,0.0,0.0,0.0,0.5,0.2,0.3,1.0,0.0,1.0
17,1.0,0.0,0.0,0.0,0.0,0.0,0.0,0.5,0.2,0.3,1.0,0.0,1.0
18,0.5,0.0,0.0,0.0,0.5,0.0,0.0,0.0,0.4,0.6,1.0,0.0,1.0
19,1.0,0.0,0.0,0.0,0.0,0.0,0.0,0.5,0.2,0.3,1.0,0.0,1.0
20,1.0,0.0,0.0,0.0,0.0,0.0,0.0,0.5,0.2,0.3,1.0,0.0,1.0
21,0.5,0.0,0.0,0.0,0.5,0.0,0.0,0.0,0.4,0.6,1.0,0.0,1.0
22,0.5,0.0,0.0,0.0,0.5,0.0,0.0,0.0,0.4,0.6,1.0,0.0,1.0
23,0.5,0.0,0.0,0.0,0.5,0.0,0.0,0.0,0.4,0.6,1.0,0.0,1.0
24,0.6,0.4,0.0,0.0,0.0,0.6666666666666666,0.0,0.16666666666666666,0.0,0.16666666666666666,1.0,0.0,1.0
25,0.6,0.4,0.0,0.0,0.0,0.6666666666666666,0.0,0.16666666666666666,0.0,0.16666666666666666,1.0,0.0,1.0
26,0.5,0.0,0.0,0.0,0.5,0.0,0.0,0.0,0.4,0.6,1.0,0.0,1.0
27,0.5,0.0,0.0,0.0,0.5,0.0,0.0,0.0,0.4,0.6,1.0,0.0,1.0
28,0.5,0.0,0.0,0.0,0.5,0.0,0.0,0.0,0.4,0.6,1.0,0.0,1.0
29,0.5,0.0,0.0,0.0,0.5,0.0,0.0,0.0,0.4,0.6,1.0,0.0,1.0
30,0.5,0.0,0.0,0.0,0.5,0.0,0.0,0.0,0.4,0.6,1.0,0.0,1.0
31,0.5,0.0,0.0,0.0,0.5,0.0,0.0,0.0,0.4,0.6,1.0,0.0,1.0
32,0.5,0.0,0.0,0.0,0.5,0.0,0.0,0.0,0.4,0.6,1.0,0.0,1.0
33,1.0,0.0,0.0,0.0,0.0,0.0,0.0,0.5,0.2,0.3,1.0,0.0,1.0
34,0.5,0.0,0.0,0.0,0.5,0.0,0.0,0.0,0.4,0.6,1.0,0.0,1.0
35,1.0,0.0,0.0,0.0,0.0,0.0,0.0,0.5,0.2,0.3,1.0,0.0,1.0
36,1.0,0.0,0.0,0.0,0.0,0.0,0.0,0.5,0.2,0.3,1.0,0.0,1.0
37,0.5,0.0,0.0,0.0,0.5,0.0,0.0,0.0,0.4,0.6,1.0,0.0,1.0
38,1.0,0.0,0.0,0.0,0.0,0.0,0.0,0.5,0.2,0.3,1.0,0.0,1.0
39,1.0,0.0,0.0,0.0,0.0,0.0,0.0,0.5,0.2,0.3,1.0,0.0,1.0
40,1.0,0.0,0.0,0.0,0.0,0.0,0.0,0.5,0.2,0.3,1.0,0.0,1.0
41,1.0,0.0,0.0,0.0,0.0,0.0,0.0,0.5,0.2,0.3,1.0,0.0,1.0
42,1.0,0.0,0.0,0.0,0.0,0.0,0.0,0.5,0.2,0.3,1.0,0.0,1.0
43,0.2,0.0,0.0,0.8,0.0,0.0,0.0,0.16666666666666666,0.3333333333333333,0.5,1.0,0.0,1.0
44,0.3,0.0,0.0,0.7,0.0,0.0,0.0,0.23076923076923078,0.3076923076923077,0.46153846153846156,1.0,0.0,1.0
45,0.2,0.0,0.0,0.8,0.0,0.0,0.0,0.16666666666666666,0.3333333333333333,0.5,1.0,0.0,1.0
46,0.2,0.0,0.0,0.8,0.0,0.0,0.0,0.16666666666666666,0.3333333333333333,0.5,1.0,0.0,1.0
47,0.2,0.0,0.0,0.8,0.0,0.0,0.0,0.16666666666666666,0.3333333333333333,0.5,1.0,0.0,1.0
48,0.5,0.0,0.0,0.0,0.5,0.0,0.0,0.0,0.4,0.6,1.0,0.0,1.0
49,1.0,0.0,0.0,0.0,0.0,0.0,0.0,0.5,0.2,0.3,1.0,0.0,1.0
50,0.5,0.0,0.0,0.0,0.5,0.0,0.0,0.0,0.4,0.6,1.0,0.0,1.0
51,0.5,0.0,0.0,0.0,0.5,0.0,0.0,0.0,0.4,0.6,1.0,0.0,1.0
52,0.5,0.0,0.0,0.0,0.5,0.0,0.0,0.0,0.4,0.6,1.0,0.0,1.0
53,0.5,0.0,0.0,0.0,0.5,0.0,0.0,0.0,0.4,0.6,1.0,0.0,1.0
54,0.5,0.0,0.0,0.0,0.5,0.0,0.0,0.0,0.4,0.6,1.0,0.0,1.0
55,0.5,0.0,0.0,0.0,0.5,0.0,0.0,0.0,0.4,0.6,1.0,0.0,1.0
56,0.5,0.0,0.0,0.0,0.5,0.0,0.0,0.0,0.4,0.6,1.0,0.0,1.0
57,0.5,0.0,0.0,0.0,0.5,0.0,0.0,0.0,0.4,0.6,1.0,0.0,1.0
58,0.5,0.0,0.0,0.0,0.5,0.0,0.0,0.0,0.4,0.6,1.0,0.0,1.0
59,1.0,0.0,0.0,0.0,0.0,0.0,0.0,0.5,0.2,0.3,1.0,0.0,1.0
60,1.0,0.0,0.0,0.0,0.0,0.0,0.0,0.5,0.2,0.3,1.0,0.0,1.0
61,1.0,0.0,0.0,0.0,0.0,0.0,0.0,0.5,0.2,0.3,1.0,0.0,1.0
62,0.6,0.4,0.0,0.0,0.0,0.6666666666666666,0.0,0.16666666666666666,0.0,0.16666666666666666,1.0,0.0,1.0
63,0.6,0.4,0.0,0.0,0.0,0.5384615384615384,0.0,0.23076923076923078,0.0,0.23076923076923078,1.0,0.0,1.0
64,1.0,0.0,0.0,0.0,0.0,0.0,0.0,0.5,0.2,0.3,1.0,0.0,1.0
65,0.5,0.0,0.0,0.0,0.5,0.0,0.0,0.0,0.4,0.6,1.0,0.0,1.0
66,1.0,0.0,0.0,0.0,0.0,0.0,0.0,0.5,0.2,0.3,1.0,0.0,1.0
67,1.0,0.0,0.0,0.0,0.0,0.0,0.0,0.5,0.2,0.3,1.0,0.0,1.0
68,0.5,0.0,0.0,0.0,0.5,0.0,0.0,0.0,0.4,0.6,1.0,0.0,1.0
69,0.5,0.0,0.0,0.0,0.5,0.0,0.0,0.0,0.4,0.6,1.0,0.0,1.0
70,0.5,0.0,0.0,0.0,0.5,0.0,0.0,0.0,0.4,0.6,1.0,0.0,1.0
71,0.5,0.0,0.0,0.0,0.5,0.0,0.0,0.0,0.4,0.6,1.0,0.0,1.0
72,0.5,0.0,0.0,0.0,0.5,0.0,0.0,0.0,0.4,0.6,1.0,0.0,1.0
73,0.5,0.0,0.0,0.0,0.5,0.0,0.0,0.0,0.4,0.6,1.0,0.0,1.0
74,0.5,0.0,0.0,0.0,0.5,0.0,0.0,0.0,0.4,0.6,1.0,0.0,1.0
75,0.5,0.0,0.0,0.0,0.5,0.0,0.0,0.0,0.4,0.6,1.0,0.0,1.0
76,0.5,0.0,0.0,0.0,0.5,0.0,0.0,0.0,0.4,0.6,1.0,0.0,1.0
77,0.5,0.0,0.0,0.0,0.5,0.0,0.0,0.0,0.4,0.6,1.0,0.0,1.0
78,0.5,0.0,0.0,0.0,0.5,0.0,0.0,0.0,0.4,0.6,1.0,0.0,1.0
79,0.5,0.0,0.0,0.0,0.5,0.0,0.0,0.0,0.4,0.6,1.0,0.0,1.0
80,1.0,0.0,0.0,0.0,0.0,0.0,0.0,0.5,0.2,0.3,1.0,0.0,1.0
81,1.0,0.0,0.0,0.0,0.0,0.0,0.0,0.5,0.2,0.3,1.0,0.0,1.0
82,1.0,0.0,0.0,0.0,0.0,0.0,0.0,0.5,0.2,0.3,1.0,0.0,1.0
83,1.0,0.0,0.0,0.0,0.0,0.0,0.0,0.5,0.2,0.3,1.0,0.0,1.0
84,1.0,0.0,0.0,0.0,0.0,0.0,0.0,0.5,0.2,0.3,1.0,0.0,1.0
85,1.0,0.0,0.0,0.0,0.0,0.0,0.0,0.5,0.2,0.3,1.0,0.0,1.0
86,0.3,0.2,0.0,0.0,0.5,0.0,0.0,0.0,0.0,1.0,1.0,0.0,1.0
87,0.5,0.0,0.0,0.0,0.5,0.0,0.0,0.0,0.4,0.6,1.0,0.0,1.0
88,0.3,0.2,0.0,0.0,0.5,0.0,0.0,0.0,0.0,1.0,1.0,0.0,1.0
89,0.5,0.0,0.0,0.0,0.5,0.0,0.0,0.0,0.4,0.6,1.0,0.0,1.0
90,0.5,0.0,0.0,0.0,0.5,0.0,0.0,0.0,0.4,0.6,1.0,0.0,1.0
91,0.5,0.0,0.0,0.0,0.5,0.0,0.0,0.0,0.4,0.6,1.0,0.0,1.0
92,0.5,0.3333333333333333,0.0,0.0,0.16666666666666666,0.8,0.0,0.0,0.0,0.2,1.0,0.0,1.0
93,0.5,0.3333333333333333,0.0,0.0,0.16666666666666666,0.8,0.0,0.0,0.0,0.2,1.0,0.0,1.0
94,1.0,0.0,0.0,0.0,0.0,0.0,0.0,0.5,0.2,0.3,1.0,0.0,1.0
95,0.5,0.0,0.0,0.0,0.5,0.0,0.0,0.0,0.4,0.6,1.0,0.0,1.0
96,0.3,0.2,0.0,0.0,0.5,0.0,0.0,0.0,0.0,1.0,1.0,0.0,1.0
97,0.2,0.0,0.0,0.8,0.0,0.0,0.0,0.16666666666666666,0.3333333333333333,0.5,1.0,0.0,1.0
98,0.5,0.0,0.0,0.0,0.5,0.0,0.0,0.0,0.4,0.6,1.0,0.0,1.0
99,0.5,0.0,0.0,0.0,0.5,0.0,0.0,0.0,0.4,0.6,1.0,0.0,1.0
100,0.7,0.0,0.0,0.3,0.0,0.5,0.2857142857142857,0.0,0.0,0.21428571428571427,1.0,0.0,1.0
101,0.4,0.0,0.0,0.6,0.0,0.2857142857142857,0.2857142857142857,0.0,0.0,0.42857142857142855,1.0,0.0,1.0
102,0.5,0.0,0.0,0.0,0.5,0.0,0.0,0.0,0.4,0.6,1.0,0.0,1.0
103,0.5,0.0,0.0,0.0,0.5,0.0,0.0,0.0,0.4,0.6,1.0,0.0,1.0
104,0.5,0.0,0.0,0.0,0.5,0.0,0.0,0.0,0.4,0.6,1.0,0.0,1.0
105,0.3,0.2,0.0,0.0,0.5,0.0,0.0,0.0,0.0,1.0,1.0,0.0,1.0
106,0.3,0.2,0.0,0.0,0.5,0.0,0.0,0.0,0.0,1.0,1.0,0.0,1.0
107,0.3,0.2,0.0,0.0,0.5,0.0,0.0,0.0,0.0,1.0,1.0,0.0,1.0
108,0.3,0.2,0.0,0.0,0.5,0.0,0.0,0.0,0.0,1.0,1.0,0.0,1.0
109,0.3,0.2,0.0,0.0,0.5,0.0,0.0,0.0,0.0,1.0,1.0,0.0,1.0
110,0.3,0.2,0.0,0.0,0.5,0.0,0.0,0.0,0.0,1.0,1.0,0.0,1.0
111,0.3,0.2,0.0,0.0,0.5,0.0,0.0,0.0,0.0,1.0,1.0,0.0,1.0
112,0.3,0.2,0.0,0.0,0.5,0.0,0.0,0.0,0.0,1.0,1.0,0.0,1.0
113,0.3,0.2,0.0,0.0,0.5,0.0,0.0,0.0,0.0,1.0,1.0,0.0,1.0
114,0.1,0.4,0.0,0.5,0.0,0.0,0.0,0.3333333333333333,0.0,0.6666666666666666,1.0,0.0,1.0
115,0.1,0.4,0.0,0.5,0.0,0.0,0.0,0.3333333333333333,0.0,0.6666666666666666,1.0,0.0,1.0
116,0.3,0.2,0.0,0.0,0.5,0.0,0.0,0.0,0.0,1.0,1.0,0.0,1.0
117,0.3,0.2,0.0,0.0,0.5,0.0,0.0,0.0,0.0,1.0,1.0,0.0,1.0
118,0.3,0.2,0.0,0.0,0.5,0.0,0.0,0.0,0.0,1.0,1.0,0.0,1.0
119,0.3,0.2,0.0,0.0,0.5,0.0,0.0,0.0,0.0,1.0,1.0,0.0,1.0
120,0.3,0.2,0.0,0.0,0.5,0.0,0.0,0.0,0.0,1.0,1.0,0.0,1.0
121,0.3,0.2,0.0,0.0,0.5,0.0,0.0,0.0,0.0,1.0,1.0,0.0,1.0
122,0.3,0.2,0.0,0.0,0.5,0.0,0.0,0.0,0.0,1.0,1.0,0.0,1.0
123,0.3,0.2,0.0,0.0,0.5,0.0,0.0,0.0,0.0,1.0,1.0,0.0,1.0
124,0.3,0.2,0.0,0.0,0.5,0.0,0.0,0.0,0.0,1.0,1.0,0.0,1.0
125,0.3,0.2,0.0,0.0,0.5,0.0,0.0,0.0,0.0,1.0,1.0,0.0,1.0
126,0.3,0.2,0.0,0.0,0.5,0.0,0.0,0.0,0.0,1.0,1.0,0.0,1.0
127,0.3,0.2,0.0,0.0,0.5,0.0,0.0,0.0,0.0,1.0,1.0,0.0,1.0
128,0.3,0.2,0.0,0.0,0.5,0.0,0.0,0.0,0.0,1.0,1.0,0.0,1.0
129,0.3,0.2,0.0,0.0,0.5,0.0,0.0,0.0,0.0,1.0,1.0,0.0,1.0
130,0.3,0.2,0.0,0.0,0.5,0.0,0.0,0.0,0.0,1.0,1.0,0.0,1.0
131,0.3,0.2,0.0,0.0,0.5,0.0,0.0,0.0,0.0,1.0,1.0,0.0,1.0
132,0.3,0.2,0.0,0.0,0.5,0.0,0.0,0.0,0.0,1.0,1.0,0.0,1.0
133,1.0,0.0,0.0,0.0,0.0,0.0,0.0,0.5,0.2,0.3,1.0,0.0,1.0
134,1.0,0.0,0.0,0.0,0.0,0.0,0.0,0.5,0.2,0.3,1.0,0.0,1.0
135,1.0,0.0,0.0,0.0,0.0,0.0,0.0,0.5,0.2,0.3,1.0,0.0,1.0
136,0.3,0.2,0.0,0.0,0.5,0.0,0.0,0.0,0.0,1.0,1.0,0.0,1.0
137,0.3,0.2,0.0,0.0,0.5,0.0,0.0,0.0,0.0,1.0,1.0,0.0,1.0
138,1.0,0.0,0.0,0.0,0.0,0.0,0.0,0.5,0.2,0.3,1.0,0.0,1.0
139,1.0,0.0,0.0,0.0,0.0,0.0,0.0,0.5,0.2,0.3,1.0,0.0,1.0
140,1.0,0.0,0.0,0.0,0.0,0.0,0.0,0.5,0.2,0.3,1.0,0.0,1.0
141,1.0,0.0,0.0,0.0,0.0,0.0,0.0,0.5,0.2,0.3,1.0,0.0,1.0
142,0.3,0.2,0.0,0.0,0.5,0.0,0.0,0.0,0.0,1.0,1.0,0.0,1.0
143,0.3,0.2,0.0,0.0,0.5,0.0,0.0,0.0,0.0,1.0,1.0,0.0,1.0
144,0.3,0.2,0.0,0.0,0.5,0.0,0.0,0.0,0.0,1.0,1.0,0.0,1.0
145,0.3,0.2,0.0,0.0,0.5,0.0,0.0,0.0,0.0,1.0,1.0,0.0,1.0
146,0.3,0.2,0.0,0.0,0.5,0.0,0.0,0.0,0.0,1.0,1.0,0.0,1.0
147,0.3,0.2,0.0,0.0,0.5,0.0,0.0,0.0,0.0,1.0,1.0,0.0,1.0
148,0.3,0.2,0.0,0.0,0.5,0.0,0.0,0.0,0.0,1.0,1.0,0.0,1.0
149,0.3,0.2,0.0,0.0,0.5,0.0,0.0,0.0,0.0,1.0,1.0,0.0,1.0
150,0.3,0.2,0.0,0.0,0.5,0.0,0.0,0.0,0.0,1.0,1.0,0.0,1.0
151,0.3,0.2,0.0,0.0,0.5,0.0,0.0,0.0,0.0,1.0,1.0,0.0,1.0
152,0.3,0.2,0.0,0.0,0.5,0.0,0.0,0.0,0.0,1.0,1.0,0.0,1.0
153,0.3,0.2,0.0,0.0,0.5,0.0,0.0,0.0,0.0,1.0,1.0,0.0,1.0
154,0.3,0.2,0.0,0.0,0.5,0.0,0.0,0.0,0.0,1.0,1.0,0.0,1.0
155,0.5,0.3333333333333333,0.0,0.0,0.16666666666666666,0.8,0.0,0.0,0.0,0.2,1.0,0.0,1.0
156,0.5,0.3333333333333333,0.0,0.0,0.16666666666666666,0.8,0.0,0.0,0.0,0.2,1.0,0.0,1.0
157,0.5,0.3333333333333333,0.0,0.0,0.16666666666666666,0.8,0.0,0.0,0.0,0.2,1.0,0.0,1.0
158,0.5,0.3333333333333333,0.0,0.0,0.16666666666666666,0.8,0.0,0.0,0.0,0.2,1.0,0.0,1.0
159,0.8,0.0,0.0,0.2,0.0,0.5714285714285714,0.2857142857142857,0.0,0.0,0.14285714285714285,1.0,0.0,1.0
160,0.4,0.0,0.0,0.6,0.0,0.2857142857142857,0.2857142857142857,0.0,0.0,0.42857142857142855,1.0,0.0,1.0
161,0.2,0.0,0.0,0.8,0.0,0.14285714285714285,0.2857142857142857,0.0,0.0,0.5714285714285714,1.0,0.0,1.0
162,0.6,0.4,0.0,0.0,0.0,0.5384615384615384,0.0,0.23076923076923078,0.0,0.23076923076923078,1.0,0.0,1.0
163,0.3,0.2,0.0,0.0,0.5,0.0,0.0,0.0,0.0,1.0,1.0,0.0,1.0
164,0.3,0.2,0.0,0.0,0.5,0.0,0.0,0.0,0.0,1.0,1.0,0.0,1.0
165,0.3,0.2,0.0,0.0,0.5,0.0,0.0,0.0,0.0,1.0,1.0,0.0,1.0
166,0.3,0.2,0.0,0.0,0.5,0.0,0.0,0.0,0.0,1.0,1.0,0.0,1.0
167,0.3,0.2,0.0,0.0,0.5,0.0,0.0,0.0,0.0,1.0,1.0,0.0,1.0
168,1.0,0.0,0.0,0.0,0.0,0.0,0.0,0.5,0.2,0.3,1.0,0.0,1.0
169,1.0,0.0,0.0,0.0,0.0,0.0,0.0,0.5,0.2,0.3,1.0,0.0,1.0
170,1.0,0.0,0.0,0.0,0.0,0.0,0.0,0.5,0.2,0.3,1.0,0.0,1.0
171,1.0,0.0,0.0,0.0,0.0,0.0,0.0,0.5,0.2,0.3,1.0,0.0,1.0
172,1.0,0.0,0.0,0.0,0.0,0.0,0.0,0.5,0.2,0.3,1.0,0.0,1.0
173,1.0,0.0,0.0,0.0,0.0,0.0,0.0,0.5,0.2,0.3,1.0,0.0,1.0
174,1.0,0.0,0.0,0.0,0.0,0.0,0.0,0.5,0.2,0.3,1.0,0.0,1.0
175,1.0,0.0,0.0,0.0,0.0,0.0,0.0,0.5,0.2,0.3,1.0,0.0,1.0
176,0.7,0.0,0.0,0.3,0.0,0.5,0.2857142857142857,0.0,0.0,0.21428571428571427,1.0,0.0,1.0
177,0.5,0.3333333333333333,0.0,0.0,0.16666666666666666,0.8,0.0,0.0,0.0,0.2,1.0,0.0,1.0
178,0.3,0.2,0.0,0.0,0.5,0.0,0.0,0.0,0.0,1.0,1.0,0.0,1.0
179,0.3,0.2,0.0,0.0,0.5,0.0,0.0,0.0,0.0,1.0,1.0,0.0,1.0
180,0.3,0.2,0.0,0.0,0.5,0.0,0.0,0.0,0.0,1.0,1.0,0.0,1.0
181,0.3,0.2,0.0,0.0,0.5,0.0,0.0,0.0,0.0,1.0,1.0,0.0,1.0
182,0.3,0.2,0.0,0.0,0.5,0.0,0.0,0.0,0.0,1.0,1.0,0.0,1.0
183,0.3,0.2,0.0,0.0,0.5,0.0,0.0,0.0,0.0,1.0,1.0,0.0,1.0
184,1.0,0.0,0.0,0.0,0.0,0.0,0.0,0.5,0.2,0.3,1.0,0.0,1.0
185,0.3,0.2,0.0,0.0,0.5,0.0,0.0,0.0,0.0,1.0,1.0,0.0,1.0
186,1.0,0.0,0.0,0.0,0.0,0.0,0.0,0.5,0.2,0.3,1.0,0.0,1.0
187,1.0,0.0,0.0,0.0,0.0,0.0,0.0,0.5,0.2,0.3,1.0,0.0,1.0
188,0.3,0.2,0.0,0.0,0.5,0.0,0.0,0.0,0.0,1.0,1.0,0.0,1.0
189,0.3,0.2,0.0,0.0,0.5,0.0,0.0,0.0,0.0,1.0,1.0,0.0,1.0
190,0.3,0.2,0.0,0.0,0.5,0.0,0.0,0.0,0.0,1.0,1.0,0.0,1.0
191,0.8,0.0,0.0,0.2,0.0,0.5714285714285714,0.2857142857142857,0.0,0.0,0.14285714285714285,1.0,0.0,1.0
192,0.2,0.0,0.0,0.8,0.0,0.0,0.0,0.0,0.4,0.6,0.875,0.125,1.0
193,1.0,0.0,0.0,0.0,0.0,0.0,0.0,0.5,0.2,0.3,1.0,0.0,1.0
194,1.0,0.0,0.0,0.0,0.0,0.0,0.0,0.5,0.2,0.3,1.0,0.0,1.0
195,0.3,0.2,0.0,0.0,0.5,0.0,0.0,0.0,0.0,1.0,1.0,0.0,1.0
196,0.3,0.2,0.0,0.0,0.5,0.0,0.0,0.0,0.0,1.0,1.0,0.0,1.0
197,0.3,0.2,0.0,0.0,0.5,0.0,0.0,0.0,0.0,1.0,1.0,0.0,1.0
198,0.3,0.2,0.0,0.0,0.5,0.0,0.0,0.0,0.0,1.0,1.0,0.0,1.0
199,1.0,0.0,0.0,0.0,0.0,0.0,0.0,0.5,0.2,0.3,1.0,0.0,1.0
200,1.0,0.0,0.0,0.0,0.0,0.0,0.0,0.5,0.2,0.3,1.0,0.0,1.0
201,1.0,0.0,0.0,0.0,0.0,0.0,0.0,0.5,0.2,0.3,1.0,0.0,1.0
202,1.0,0.0,0.0,0.0,0.0,0.0,0.0,0.5,0.2,0.3,1.0,0.0,1.0
203,1.0,0.0,0.0,0.0,0.0,0.0,0.0,0.5,0.2,0.3,1.0,0.0,1.0
204,0.3,0.2,0.0,0.0,0.5,0.0,0.0,0.0,0.0,1.0,1.0,0.0,1.0
205,0.3,0.2,0.0,0.0,0.5,0.0,0.0,0.0,0.0,1.0,1.0,0.0,1.0
206,0.3,0.2,0.0,0.0,0.5,0.0,0.0,0.0,0.0,1.0,1.0,0.0,1.0
207,0.5,0.3333333333333333,0.0,0.0,0.16666666666666666,0.8,0.0,0.0,0.0,0.2,1.0,0.0,1.0
208,0.46153846153846156,0.3076923076923077,0.0,0.0,0.23076923076923078,0.7,0.0,0.0,0.0,0.3,1.0,0.0,1.0
209,0.6,0.4,0.0,0.0,0.0,0.8,0.0,0.0,0.0,0.2,0.875,0.125,1.0
210,0.6,0.4,0.0,0.0,0.0,0.8,0.0,0.0,0.0,0.2,0.875,0.125,1.0
211,0.3,0.2,0.0,0.0,0.5,0.0,0.0,0.0,0.0,1.0,1.0,0.0,1.0
212,0.3,0.2,0.0,0.0,0.5,0.0,0.0,0.0,0.0,1.0,1.0,0.0,1.0
213,0.5,0.3333333333333333,0.0,0.0,0.16666666666666666,0.8,0.0,0.0,0.0,0.2,1.0,0.0,1.0
214,0.5,0.3333333333333333,0.0,0.0,0.16666666666666666,0.8,0.0,0.0,0.0,0.2,1.0,0.0,1.0
215,0.6,0.0,0.0,0.4,0.0,0.42857142857142855,0.2857142857142857,0.0,0.0,0.2857142857142857,1.0,0.0,1.0
216,0.16666666666666666,0.0,0.0,0.6666666666666666,0.16666666666666666,0.0,0.0,0.0,0.4,0.6,1.0,0.0,1.0
217,0.23076923076923078,0.0,0.0,0.5384615384615384,0.23076923076923078,0.0,0.0,0.0,0.4,0.6,1.0,0.0,1.0
218,0.46153846153846156,0.3076923076923077,0.0,0.0,0.23076923076923078,0.7,0.0,0.0,0.0,0.3,1.0,0.0,1.0
219,0.6,0.4,0.0,0.0,0.0,0.8,0.0,0.0,0.0,0.2,0.875,0.125,1.0
220,0.6,0.4,0.0,0.0,0.0,0.8,0.0,0.0,0.0,0.2,0.875,0.125,1.0
221,0.2,0.0,0.0,0.8,0.0,0.14285714285714285,0.2857142857142857,0.0,0.0,0.5714285714285714,1.0,0.0,1.0
222,0.2,0.0,0.0,0.8,0.0,0.14285714285714285,0.2857142857142857,0.0,0.0,0.5714285714285714,1.0,0.0,1.0
223,0.2,0.0,0.0,0.8,0.0,0.14285714285714285,0.2857142857142857,0.0,0.0,0.5714285714285714,1.0,0.0,1.0
224,0.2,0.0,0.0,0.8,0.0,0.14285714285714285,0.2857142857142857,0.0,0.0,0.5714285714285714,1.0,0.0,1.0
225,0.2,0.0,0.0,0.8,0.0,0.14285714285714285,0.2857142857142857,0.0,0.0,0.5714285714285714,1.0,0.0,1.0
226,0.6,0.4,0.0,0.0,0.0,0.42857142857142855,0.0,0.2857142857142857,0.0,0.2857142857142857,1.0,0.0,1.0
227,0.16666666666666666,0.0,0.0,0.6666666666666666,0.16666666666666666,0.0,0.0,0.0,0.4,0.6,1.0,0.0,1.0
228,0.16666666666666666,0.0,0.0,0.6666666666666666,0.16666666666666666,0.0,0.0,0.0,0.4,0.6,1.0,0.0,1.0
229,0.16666666666666666,0.0,0.0,0.6666666666666666,0.16666666666666666,0.0,0.0,0.0,0.4,0.6,1.0,0.0,1.0
230,0.6,0.4,0.0,0.0,0.0,0.8,0.0,0.0,0.0,0.2,0.875,0.125,1.0
231,0.2857142857142857,0.0,0.0,0.42857142857142855,0.2857142857142857,0.0,0.0,0.0,0.4,0.6,1.0,0.0,1.0
232,0.6,0.4,0.0,0.0,0.0,0.8,0.0,0.0,0.0,0.2,0.875,0.125,1.0
233,0.16666666666666666,0.0,0.0,0.6666666666666666,0.16666666666666666,0.0,0.0,0.0,0.4,0.6,1.0,0.0,1.0
234,0.25,0.0,0.0,0.5833333333333334,0.16666666666666666,0.1,0.0,0.0,0.4,0.5,1.0,0.0,1.0
235,0.2,0.0,0.0,0.8,0.0,0.0,0.0,0.0,0.4,0.6,0.875,0.125,1.0
236,0.6,0.4,0.0,0.0,0.0,0.6666666666666666,0.0,0.16666666666666666,0.0,0.16666666666666666,1.0,0.0,1.0
237,0.16666666666666666,0.0,0.0,0.6666666666666666,0.16666666666666666,0.0,0.0,0.0,0.4,0.6,1.0,0.0,1.0
238,0.6,0.4,0.0,0.0,0.0,0.6666666666666666,0.0,0.16666666666666666,0.0,0.16666666666666666,1.0,0.0,1.0
239,0.6,0.4,0.0,0.0,0.0,0.3333333333333333,0.0,0.3333333333333333,0.0,0.3333333333333333,1.0,0.0,1.0
240,0.2,0.0,0.0,0.8,0.0,0.0,0.0,0.16666666666666666,0.3333333333333333,0.5,1.0,0.0,1.0
241,0.6,0.4,0.0,0.0,0.0,0.8,0.0,0.0,0.0,0.2,0.875,0.125,1.0
242,0.6,0.4,0.0,0.0,0.0,0.6666666666666666,0.0,0.16666666666666666,0.0,0.16666666666666666,1.0,0.0,1.0
243,0.6,0.4,0.0,0.0,0.0,0.6666666666666666,0.0,0.16666666666666666,0.0,0.16666666666666666,1.0,0.0,1.0
244,0.6,0.4,0.0,0.0,0.0,0.5384615384615384,0.0,0.23076923076923078,0.0,0.23076923076923078,1.0,0.0,1.0
245,0.6,0.4,0.0,0.0,0.0,0.8,0.0,0.0,0.0,0.2,0.875,0.125,1.0
246,0.2,0.0,0.0,0.8,0.0,0.0,0.0,0.0,0.4,0.6,0.875,0.125,1.0
247,0.6,0.4,0.0,0.0,0.0,0.5384615384615384,0.0,0.23076923076923078,0.0,0.23076923076923078,1.0,0.0,1.0
248,0.6,0.4,0.0,0.0,0.0,0.6666666666666666,0.0,0.16666666666666666,0.0,0.16666666666666666,1.0,0.0,1.0
249,0.6,0.4,0.0,0.0,0.0,0.6666666666666666,0.0,0.16666666666666666,0.0,0.16666666666666666,1.0,0.0,1.0
250,0.6,0.4,0.0,0.0,0.0,0.6666666666666666,0.0,0.16666666666666666,0.0,0.16666666666666666,1.0,0.0,1.0
251,0.2,0.0,0.0,0.8,0.0,0.0,0.0,0.0,0.4,0.6,0.875,0.125,1.0
252,0.6,0.4,0.0,0.0,0.0,0.8,0.0,0.0,0.0,0.2,0.875,0.125,1.0
253,0.6,0.4,0.0,0.0,0.0,0.8,0.0,0.0,0.0,0.2,0.875,0.125,1.0
254,0.6,0.4,0.0,0.0,0.0,0.8,0.0,0.0,0.0,0.2,0.875,0.125,1.0
255,0.2,0.0,0.0,0.8,0.0,0.0,0.0,0.0,0.4,0.6,0.875,0.125,1.0
256,0.2,0.0,0.0,0.8,0.0,0.0,0.0,0.0,0.4,0.6,0.875,0.125,1.0
257,0.2,0.0,0.0,0.8,0.0,0.0,0.0,0.0,0.4,0.6,0.875,0.125,1.0
258,0.6,0.4,0.0,0.0,0.0,0.5384615384615384,0.0,0.23076923076923078,0.0,0.23076923076923078,1.0,0.0,1.0
259,0.6,0.4,0.0,0.0,0.0,0.6666666666666666,0.0,0.16666666666666666,0.0,0.16666666666666666,1.0,0.0,1.0
260,0.6,0.4,0.0,0.0,0.0,0.8,0.0,0.0,0.0,0.2,0.875,0.125,1.0
261,0.5,0.3333333333333333,0.0,0.0,0.16666666666666666,0.8,0.0,0.0,0.0,0.2,1.0,0.0,1.0
262,0.42857142857142855,0.2857142857142857,0.0,0.0,0.2857142857142857,0.6,0.0,0.0,0.0,0.4,1.0,0.0,1.0
263,0.3,0.2,0.0,0.0,0.5,0.0,0.0,0.0,0.0,1.0,1.0,0.0,1.0
264,0.6,0.4,0.0,0.0,0.0,0.5384615384615384,0.0,0.23076923076923078,0.0,0.23076923076923078,1.0,0.0,1.0
265,0.6,0.4,0.0,0.0,0.0,0.6666666666666666,0.0,0.16666666666666666,0.0,0.16666666666666666,1.0,0.0,1.0
266,0.6,0.4,0.0,0.0,0.0,0.6666666666666666,0.0,0.16666666666666666,0.0,0.16666666666666666,1.0,0.0,1.0
267,0.3,0.2,0.0,0.0,0.5,0.0,0.0,0.0,0.0,1.0,1.0,0.0,1.0
268,0.3,0.2,0.0,0.0,0.5,0.0,0.0,0.0,0.0,1.0,1.0,0.0,1.0
269,0.3,0.2,0.0,0.0,0.5,0.0,0.0,0.0,0.0,1.0,1.0,0.0,1.0
270,0.3,0.2,0.0,0.0,0.5,0.0,0.0,0.0,0.0,1.0,1.0,0.0,1.0
271,0.3,0.2,0.0,0.0,0.5,0.0,0.0,0.0,0.0,1.0,1.0,0.0,1.0
272,0.3,0.2,0.0,0.0,0.5,0.0,0.0,0.0,0.0,1.0,1.0,0.0,1.0
273,0.3,0.2,0.0,0.0,0.5,0.0,0.0,0.0,0.0,1.0,1.0,0.0,1.0
274,0.5,0.0,0.0,0.5,0.0,0.35714285714285715,0.2857142857142857,0.0,0.0,0.35714285714285715,1.0,0.0,1.0
275,0.2,0.0,0.0,0.8,0.0,0.0,0.0,0.16666666666666666,0.3333333333333333,0.5,1.0,0.0,1.0
276,0.2,0.0,0.0,0.8,0.0,0.0,0.0,0.16666666666666666,0.3333333333333333,0.5,1.0,0.0,1.0
277,0.2,0.0,0.0,0.8,0.0,0.0,0.0,0.16666666666666666,0.3333333333333333,0.5,1.0,0.0,1.0
278,0.2,0.0,0.0,0.8,0.0,0.14285714285714285,0.2857142857142857,0.0,0.0,0.5714285714285714,1.0,0.0,1.0
279,0.3,0.2,0.0,0.0,0.5,0.0,0.0,0.0,0.0,1.0,1.0,0.0,1.0
280,0.3,0.2,0.0,0.0,0.5,0.0,0.0,0.0,0.0,1.0,1.0,0.0,1.0
281,0.3,0.2,0.0,0.0,0.5,0.0,0.0,0.0,0.0,1.0,1.0,0.0,1.0
282,0.3,0.2,0.0,0.0,0.5,0.0,0.0,0.0,0.0,1.0,1.0,0.0,1.0
283,0.3,0.2,0.0,0.0,0.5,0.0,0.0,0.0,0.0,1.0,1.0,0.0,1.0
284,0.14285714285714285,0.0,0.2857142857142857,0.5714285714285714,0.0,0.2,0.0,0.0,0.0,0.8,1.0,0.0,1.0
285,0.21428571428571427,0.0,0.2857142857142857,0.5,0.0,0.3,0.0,0.0,0.0,0.7,1.0,0.0,1.0
286,0.3,0.0,0.0,0.7,0.0,0.0,0.0,0.23076923076923078,0.3076923076923077,0.46153846153846156,1.0,0.0,1.0
287,0.2,0.0,0.0,0.8,0.0,0.0,0.0,0.16666666666666666,0.3333333333333333,0.5,1.0,0.0,1.0
288,0.2,0.0,0.0,0.8,0.0,0.0,0.0,0.0,0.4,0.6,0.875,0.125,1.0
289,0.16666666666666666,0.0,0.0,0.6666666666666666,0.16666666666666666,0.0,0.0,0.0,0.4,0.6,1.0,0.0,1.0
290,0.2,0.0,0.0,0.8,0.0,0.0,0.0,0.0,0.4,0.6,0.875,0.125,1.0
291,0.2,0.0,0.0,0.8,0.0,0.0,0.0,0.0,0.4,0.6,0.875,0.125,1.0
292,0.2,0.0,0.0,0.8,0.0,0.0,0.0,0.0,0.4,0.6,0.875,0.125,1.0
293,0.21428571428571427,0.0,0.2857142857142857,0.5,0.0,0.3,0.0,0.0,0.0,0.7,1.0,0.0,1.0
294,0.2857142857142857,0.0,0.2857142857142857,0.42857142857142855,0.0,0.4,0.0,0.0,0.0,0.6,1.0,0.0,1.0
295,0.3,0.2,0.0,0.0,0.5,0.0,0.0,0.0,0.0,1.0,1.0,0.0,1.0
296,0.16666666666666666,0.0,0.0,0.6666666666666666,0.16666666666666666,0.0,0.0,0.0,0.4,0.6,1.0,0.0,1.0
297,0.16666666666666666,0.0,0.0,0.6666666666666666,0.16666666666666666,0.0,0.0,0.0,0.4,0.6,1.0,0.0,1.0
298,0.2,0.0,0.0,0.8,0.0,0.0,0.0,0.16666666666666666,0.3333333333333333,0.5,1.0,0.0,1.0
299,0.3,0.2,0.0,0.0,0.5,0.0,0.0,0.0,0.0,1.0,1.0,0.0,1.0
300,0.3,0.2,0.0,0.0,0.5,0.0,0.0,0.0,0.0,1.0,1.0,0.0,1.0
301,0.3,0.2,0.0,0.0,0.5,0.0,0.0,0.0,0.0,1.0,1.0,0.0,1.0
302,0.3,0.2,0.0,0.0,0.5,0.0,0.0,0.0,0.0,1.0,1.0,0.0,1.0
303,0.3,0.2,0.0,0.0,0.5,0.0,0.0,0.0,0.0,1.0,1.0,0.0,1.0
304,0.3,0.2,0.0,0.0,0.5,0.0,0.0,0.0,0.0,1.0,1.0,0.0,1.0
305,0.3,0.2,0.0,0.0,0.5,0.0,0.0,0.0,0.0,1.0,1.0,0.0,1.0
306,0.2,0.0,0.0,0.8,0.0,0.0,0.0,0.16666666666666666,0.3333333333333333,0.5,1.0,0.0,1.0
307,0.14285714285714285,0.0,0.2857142857142857,0.5714285714285714,0.0,0.2,0.0,0.0,0.0,0.8,1.0,0.0,1.0
308,0.14285714285714285,0.0,0.2857142857142857,0.5714285714285714,0.0,0.2,0.0,0.0,0.0,0.8,1.0,0.0,1.0
309,1.0,0.0,0.0,0.0,0.0,0.0,0.0,0.5,0.2,0.3,1.0,0.0,1.0
310,0.5,0.0,0.0,0.0,0.5,0.0,0.0,0.0,0.4,0.6,1.0,0.0,1.0
311,0.3,0.2,0.0,0.0,0.5,0.0,0.0,0.0,0.0,1.0,1.0,0.0,1.0
312,0.5,0.0,0.0,0.0,0.5,0.0,0.0,0.0,0.4,0.6,1.0,0.0,1.0
313,0.5,0.0,0.0,0.0,0.5,0.0,0.0,0.0,0.4,0.6,1.0,0.0,1.0
314,0.5,0.0,0.0,0.0,0.5,0.0,0.0,0.0,0.4,0.6,1.0,0.0,1.0
315,0.3,0.2,0.0,0.0,0.5,0.0,0.0,0.0,0.0,1.0,1.0,0.0,1.0
316,0.5,0.0,0.0,0.0,0.5,0.0,0.0,0.0,0.4,0.6,1.0,0.0,1.0
317,0.5,0.0,0.0,0.0,0.5,0.0,0.0,0.0,0.4,0.6,1.0,0.0,1.0
318,0.5,0.0,0.0,0.0,0.5,0.0,0.0,0.0,0.4,0.6,1.0,0.0,1.0
319,0.5,0.0,0.0,0.0,0.5,0.0,0.0,0.0,0.4,0.6,1.0,0.0,1.0
320,0.5714285714285714,0.0,0.2857142857142857,0.14285714285714285,0.0,0.8,0.0,0.0,0.0,0.2,1.0,0.0,1.0
321,0.21428571428571427,0.0,0.2857142857142857,0.5,0.0,0.3,0.0,0.0,0.0,0.7,1.0,0.0,1.0
322,0.3,0.2,0.0,0.0,0.5,0.0,0.0,0.0,0.0,1.0,1.0,0.0,1.0
323,0.3,0.2,0.0,0.0,0.5,0.0,0.0,0.0,0.0,1.0,1.0,0.0,1.0
324,0.3,0.2,0.0,0.0,0.5,0.0,0.0,0.0,0.0,1.0,1.0,0.0,1.0
325,0.3,0.2,0.0,0.0,0.5,0.0,0.0,0.0,0.0,1.0,1.0,0.0,1.0
326,0.3,0.2,0.0,0.0,0.5,0.0,0.0,0.0,0.0,1.0,1.0,0.0,1.0
327,1.0,0.0,0.0,0.0,0.0,0.0,0.0,0.5,0.2,0.3,1.0,0.0,1.0
328,0.5,0.0,0.0,0.0,0.5,0.0,0.0,0.0,0.4,0.6,1.0,0.0,1.0
329,0.5,0.0,0.0,0.0,0.5,0.0,0.0,0.0,0.4,0.6,1.0,0.0,1.0
330,0.5,0.0,0.0,0.0,0.5,0.0,0.0,0.0,0.4,0.6,1.0,0.0,1.0
331,0.5714285714285714,0.0,0.2857142857142857,0.14285714285714285,0.0,0.8,0.0,0.0,0.0,0.2,1.0,0.0,1.0
332,0.5714285714285714,0.0,0.2857142857142857,0.14285714285714285,0.0,0.8,0.0,0.0,0.0,0.2,1.0,0.0,1.0
333,0.3,0.2,0.0,0.0,0.5,0.0,0.0,0.0,0.0,1.0,1.0,0.0,1.0
334,0.3,0.2,0.0,0.0,0.5,0.0,0.0,0.0,0.0,1.0,1.0,0.0,1.0
335,0.3,0.2,0.0,0.0,0.5,0.0,0.0,0.0,0.0,1.0,1.0,0.0,1.0
336,0.2,0.0,0.0,0.8,0.0,0.0,0.0,0.16666666666666666,0.3333333333333333,0.5,1.0,0.0,1.0
337,0.2,0.0,0.0,0.8,0.0,0.0,0.0,0.16666666666666666,0.3333333333333333,0.5,1.0,0.0,1.0
338,0.16666666666666666,0.0,0.0,0.6666666666666666,0.16666666666666666,0.0,0.0,0.0,0.4,0.6,1.0,0.0,1.0
339,0.16666666666666666,0.0,0.0,0.6666666666666666,0.16666666666666666,0.0,0.0,0.0,0.4,0.6,1.0,0.0,1.0
340,0.2,0.0,0.0,0.8,0.0,0.0,0.0,0.16666666666666666,0.3333333333333333,0.5,1.0,0.0,1.0
341,0.2,0.0,0.0,0.8,0.0,0.0,0.0,0.16666666666666666,0.3333333333333333,0.5,1.0,0.0,1.0
342,0.4,0.0,0.0,0.6,0.0,0.0,0.0,0.2857142857142857,0.2857142857142857,0.42857142857142855,1.0,0.0,1.0
343,0.16666666666666666,0.0,0.0,0.6666666666666666,0.16666666666666666,0.0,0.0,0.0,0.4,0.6,1.0,0.0,1.0
344,0.16666666666666666,0.0,0.0,0.6666666666666666,0.16666666666666666,0.0,0.0,0.0,0.4,0.6,1.0,0.0,1.0
345,0.23076923076923078,0.0,0.0,0.5384615384615384,0.23076923076923078,0.0,0.0,0.0,0.4,0.6,1.0,0.0,1.0
346,0.2857142857142857,0.0,0.0,0.42857142857142855,0.2857142857142857,0.0,0.0,0.0,0.4,0.6,1.0,0.0,1.0
347,0.16666666666666666,0.0,0.0,0.6666666666666666,0.16666666666666666,0.0,0.0,0.0,0.4,0.6,1.0,0.0,1.0
348,1.0,0.0,0.0,0.0,0.0,0.0,0.0,0.5,0.2,0.3,1.0,0.0,1.0
349,0.8,0.0,0.0,0.2,0.0,0.5714285714285714,0.2857142857142857,0.0,0.0,0.14285714285714285,1.0,0.0,1.0
350,0.8,0.0,0.0,0.2,0.0,0.5714285714285714,0.2857142857142857,0.0,0.0,0.14285714285714285,1.0,0.0,1.0
351,0.16666666666666666,0.0,0.0,0.6666666666666666,0.16666666666666666,0.0,0.0,0.0,0.4,0.6,1.0,0.0,1.0
352,0.3333333333333333,0.0,0.0,0.3333333333333333,0.3333333333333333,0.0,0.0,0.0,0.4,0.6,1.0,0.0,1.0
353,0.2857142857142857,0.0,0.0,0.42857142857142855,0.2857142857142857,0.0,0.0,0.0,0.4,0.6,1.0,0.0,1.0
354,0.3,0.2,0.0,0.0,0.5,0.0,0.0,0.0,0.0,1.0,1.0,0.0,1.0
355,1.0,0.0,0.0,0.0,0.0,0.0,0.0,0.5,0.2,0.3,1.0,0.0,1.0
356,1.0,0.0,0.0,0.0,0.0,0.0,0.0,0.5,0.2,0.3,1.0,0.0,1.0
357,1.0,0.0,0.0,0.0,0.0,0.0,0.0,0.5,0.2,0.3,1.0,0.0,1.0
358,1.0,0.0,0.0,0.0,0.0,0.0,0.0,0.5,0.2,0.3,1.0,0.0,1.0
359,1.0,0.0,0.0,0.0,0.0,0.0,0.0,0.5,0.2,0.3,1.0,0.0,1.0
360,1.0,0.0,0.0,0.0,0.0,0.0,0.0,0.5,0.2,0.3,1.0,0.0,1.0
361,1.0,0.0,0.0,0.0,0.0,0.0,0.0,0.5,0.2,0.3,1.0,0.0,1.0
362,1.0,0.0,0.0,0.0,0.0,0.0,0.0,0.5,0.2,0.3,1.0,0.0,1.0
363,0.3,0.2,0.0,0.0,0.5,0.0,0.0,0.0,0.0,1.0,1.0,0.0,1.0
364,0.3,0.2,0.0,0.0,0.5,0.0,0.0,0.0,0.0,1.0,1.0,0.0,1.0
365,0.3,0.2,0.0,0.0,0.5,0.0,0.0,0.0,0.0,1.0,1.0,0.0,1.0
366,0.3,0.2,0.0,0.0,0.5,0.0,0.0,0.0,0.0,1.0,1.0,0.0,1.0
367,0.3,0.2,0.0,0.0,0.5,0.0,0.0,0.0,0.0,1.0,1.0,0.0,1.0
368,1.0,0.0,0.0,0.0,0.0,0.0,0.0,0.5,0.2,0.3,1.0,0.0,1.0
369,0.3,0.2,0.0,0.0,0.5,0.0,0.0,0.0,0.0,1.0,1.0,0.0,1.0
370,0.3,0.2,0.0,0.0,0.5,0.0,0.0,0.0,0.0,1.0,1.0,0.0,1.0
371,0.5,0.0,0.0,0.0,0.5,0.0,0.0,0.0,0.4,0.6,1.0,0.0,1.0
372,0.5,0.0,0.0,0.0,0.5,0.0,0.0,0.0,0.4,0.6,1.0,0.0,1.0
373,0.2,0.0,0.0,0.8,0.0,0.0,0.0,0.16666666666666666,0.3333333333333333,0.5,1.0,0.0,1.0
374,0.3,0.2,0.0,0.0,0.5,0.0,0.0,0.0,0.0,1.0,1.0,0.0,1.0
375,1.0,0.0,0.0,0.0,0.0,0.0,0.0,0.5,0.2,0.3,1.0,0.0,1.0
376,1.0,0.0,0.0,0.0,0.0,0.0,0.0,0.5,0.2,0.3,1.0,0.0,1.0
377,1.0,0.0,0.0,0.0,0.0,0.0,0.0,0.5,0.2,0.3,1.0,0.0,1.0
378,1.0,0.0,0.0,0.0,0.0,0.0,0.0,0.5,0.2,0.3,1.0,0.0,1.0
379,1.0,0.0,0.0,0.0,0.0,0.0,0.0,0.5,0.2,0.3,1.0,0.0,1.0
380,1.0,0.0,0.0,0.0,0.0,0.0,0.0,0.5,0.2,0.3,1.0,0.0,1.0
381,0.6,0.4,0.0,0.0,0.0,0.5384615384615384,0.0,0.23076923076923078,0.0,0.23076923076923078,1.0,0.0,1.0
382,0.6,0.4,0.0,0.0,0.0,0.6666666666666666,0.0,0.16666666666666666,0.0,0.16666666666666666,1.0,0.0,1.0
383,0.6,0.4,0.0,0.0,0.0,0.6666666666666666,0.0,0.16666666666666666,0.0,0.16666666666666666,1.0,0.0,1.0
384,0.6,0.4,0.0,0.0,0.0,0.6666666666666666,0.0,0.16666666666666666,0.0,0.16666666666666666,1.0,0.0,1.0
385,1.0,0.0,0.0,0.0,0.0,0.0,0.0,0.5,0.2,0.3,1.0,0.0,1.0
386,1.0,0.0,0.0,0.0,0.0,0.0,0.0,0.5,0.2,0.3,1.0,0.0,1.0
387,0.3,0.0,0.0,0.7,0.0,0.0,0.0,0.23076923076923078,0.3076923076923077,0.46153846153846156,1.0,0.0,1.0
388,0.23076923076923078,0.0,0.0,0.5384615384615384,0.23076923076923078,0.0,0.0,0.0,0.4,0.6,1.0,0.0,1.0
389,1.0,0.0,0.0,0.0,0.0,0.0,0.0,0.5,0.2,0.3,1.0,0.0,1.0
390,1.0,0.0,0.0,0.0,0.0,0.0,0.0,0.5,0.2,0.3,1.0,0.0,1.0
391,1.0,0.0,0.0,0.0,0.0,0.0,0.0,0.5,0.2,0.3,1.0,0.0,1.0
392,1.0,0.0,0.0,0.0,0.0,0.0,0.0,0.5,0.2,0.3,1.0,0.0,1.0
393,1.0,0.0,0.0,0.0,0.0,0.0,0.0,0.5,0.2,0.3,1.0,0.0,1.0
394,1.0,0.0,0.0,0.0,0.0,0.0,0.0,0.5,0.2,0.3,1.0,0.0,1.0
395,1.0,0.0,0.0,0.0,0.0,0.0,0.0,0.5,0.2,0.3,1.0,0.0,1.0
396,1.0,0.0,0.0,0.0,0.0,0.0,0.0,0.5,0.2,0.3,1.0,0.0,1.0
397,0.3,0.2,0.0,0.0,0.5,0.0,0.0,0.0,0.0,1.0,1.0,0.0,1.0
398,0.3,0.2,0.0,0.0,0.5,0.0,0.0,0.0,0.0,1.0,1.0,0.0,1.0
399,0.3,0.2,0.0,0.0,0.5,0.0,0.0,0.0,0.0,1.0,1.0,0.0,1.0
400,1.0,0.0,0.0,0.0,0.0,0.0,0.0,0.5,0.2,0.3,1.0,0.0,1.0
401,1.0,0.0,0.0,0.0,0.0,0.0,0.0,0.5,0.2,0.3,1.0,0.0,1.0
402,1.0,0.0,0.0,0.0,0.0,0.0,0.0,0.5,0.2,0.3,1.0,0.0,1.0
403,1.0,0.0,0.0,0.0,0.0,0.0,0.0,0.5,0.2,0.3,1.0,0.0,1.0
404,1.0,0.0,0.0,0.0,0.0,0.0,0.0,0.5,0.2,0.3,1.0,0.0,1.0
405,1.0,0.0,0.0,0.0,0.0,0.0,0.0,0.5,0.2,0.3,1.0,0.0,1.0
406,1.0,0.0,0.0,0.0,0.0,0.0,0.0,0.5,0.2,0.3,1.0,0.0,1.0
407,1.0,0.0,0.0,0.0,0.0,0.0,0.0,0.5,0.2,0.3,1.0,0.0,1.0
408,1.0,0.0,0.0,0.0,0.0,0.0,0.0,0.5,0.2,0.3,1.0,0.0,1.0
409,1.0,0.0,0.0,0.0,0.0,0.0,0.0,0.5,0.2,0.3,1.0,0.0,1.0
410,0.2,0.0,0.0,0.8,0.0,0.0,0.0,0.16666666666666666,0.3333333333333333,0.5,1.0,0.0,1.0
411,0.2,0.0,0.0,0.8,0.0,0.0,0.0,0.16666666666666666,0.3333333333333333,0.5,1.0,0.0,1.0
412,0.2,0.0,0.0,0.8,0.0,0.0,0.0,0.16666666666666666,0.3333333333333333,0.5,1.0,0.0,1.0
413,1.0,0.0,0.0,0.0,0.0,0.0,0.0,0.5,0.2,0.3,1.0,0.0,1.0
414,1.0,0.0,0.0,0.0,0.0,0.0,0.0,0.5,0.2,0.3,1.0,0.0,1.0
415,1.0,0.0,0.0,0.0,0.0,0.0,0.0,0.5,0.2,0.3,1.0,0.0,1.0
416,0.16666666666666666,0.0,0.0,0.6666666666666666,0.16666666666666666,0.0,0.0,0.0,0.4,0.6,1.0,0.0,1.0
417,1.0,0.0,0.0,0.0,0.0,0.0,0.0,0.5,0.2,0.3,1.0,0.0,1.0
418,1.0,0.0,0.0,0.0,0.0,0.0,0.0,0.5,0.2,0.3,1.0,0.0,1.0
419,1.0,0.0,0.0,0.0,0.0,0.0,0.0,0.5,0.2,0.3,1.0,0.0,1.0
420,0.42857142857142855,0.0,0.2857142857142857,0.2857142857142857,0.0,0.6,0.0,0.0,0.0,0.4,1.0,0.0,1.0
421,0.16666666666666666,0.0,0.0,0.6666666666666666,0.16666666666666666,0.0,0.0,0.0,0.4,0.6,1.0,0.0,1.0
422,0.16666666666666666,0.0,0.0,0.6666666666666666,0.16666666666666666,0.0,0.0,0.0,0.4,0.6,1.0,0.0,1.0
423,0.1,0.4,0.0,0.5,0.0,0.0,0.0,0.3333333333333333,0.0,0.6666666666666666,1.0,0.0,1.0
424,0.2,0.0,0.0,0.8,0.0,0.0,0.0,0.0,0.4,0.6,0.875,0.125,1.0
425,0.2,0.0,0.0,0.8,0.0,0.0,0.0,0.0,0.4,0.6,0.875,0.125,1.0
426,0.2,0.0,0.0,0.8,0.0,0.0,0.0,0.0,0.4,0.6,0.875,0.125,1.0
427,0.16666666666666666,0.0,0.0,0.6666666666666666,0.16666666666666666,0.0,0.0,0.0,0.4,0.6,1.0,0.0,1.0
428,1.0,0.0,0.0,0.0,0.0,0.0,0.0,0.5,0.2,0.3,1.0,0.0,1.0
429,1.0,0.0,0.0,0.0,0.0,0.0,0.0,0.5,0.2,0.3,1.0,0.0,1.0
430,1.0,0.0,0.0,0.0,0.0,0.0,0.0,0.5,0.2,0.3,1.0,0.0,1.0
431,1.0,0.0,0.0,0.0,0.0,0.0,0.0,0.5,0.2,0.3,1.0,0.0,1.0
432,1.0,0.0,0.0,0.0,0.0,0.0,0.0,0.5,0.2,0.3,1.0,0.0,1.0
433,1.0,0.0,0.0,0.0,0.0,0.0,0.0,0.5,0.2,0.3,1.0,0.0,1.0
434,1.0,0.0,0.0,0.0,0.0,0.0,0.0,0.5,0.2,0.3,1.0,0.0,1.0
435,1.0,0.0,0.0,0.0,0.0,0.0,0.0,0.5,0.2,0.3,1.0,0.0,1.0
436,1.0,0.0,0.0,0.0,0.0,0.0,0.0,0.5,0.2,0.3,1.0,0.0,1.0
437,1.0,0.0,0.0,0.0,0.0,0.0,0.0,0.5,0.2,0.3,1.0,0.0,1.0
438,1.0,0.0,0.0,0.0,0.0,0.0,0.0,0.5,0.2,0.3,1.0,0.0,1.0
439,1.0,0.0,0.0,0.0,0.0,0.0,0.0,0.5,0.2,0.3,1.0,0.0,1.0
440,1.0,0.0,0.0,0.0,0.0,0.0,0.0,0.5,0.2,0.3,1.0,0.0,1.0
441,0.6,0.4,0.0,0.0,0.0,0.6666666666666666,0.0,0.16666666666666666,0.0,0.16666666666666666,1.0,0.0,1.0
442,0.2,0.0,0.0,0.8,0.0,0.0,0.0,0.0,0.4,0.6,0.875,0.125,1.0
443,1.0,0.0,0.0,0.0,0.0,0.0,0.0,0.5,0.2,0.3,1.0,0.0,1.0
444,1.0,0.0,0.0,0.0,0.0,0.0,0.0,0.5,0.2,0.3,1.0,0.0,1.0
445,1.0,0.0,0.0,0.0,0.0,0.0,0.0,0.5,0.2,0.3,1.0,0.0,1.0
446,1.0,0.0,0.0,0.0,0.0,0.0,0.0,0.5,0.2,0.3,1.0,0.0,1.0
447,0.2,0.0,0.0,0.8,0.0,0.0,0.0,0.16666666666666666,0.3333333333333333,0.5,1.0,0.0,1.0
448,0.3,0.0,0.0,0.7,0.0,0.0,0.0,0.23076923076923078,0.3076923076923077,0.46153846153846156,1.0,0.0,1.0
449,0.16666666666666666,0.0,0.0,0.6666666666666666,0.16666666666666666,0.0,0.0,0.0,0.4,0.6,1.0,0.0,1.0
450,0.16666666666666666,0.0,0.0,0.6666666666666666,0.16666666666666666,0.0,0.0,0.0,0.4,0.6,1.0,0.0,1.0
451,0.5,0.3333333333333333,0.0,0.0,0.16666666666666666,0.8,0.0,0.0,0.0,0.2,1.0,0.0,1.0
452,0.5,0.3333333333333333,0.0,0.0,0.16666666666666666,0.8,0.0,0.0,0.0,0.2,1.0,0.0,1.0
453,0.16666666666666666,0.0,0.0,0.6666666666666666,0.16666666666666666,0.0,0.0,0.0,0.4,0.6,1.0,0.0,1.0
454,0.23076923076923078,0.0,0.0,0.5384615384615384,0.23076923076923078,0.0,0.0,0.0,0.4,0.6,1.0,0.0,1.0
455,0.16666666666666666,0.0,0.0,0.6666666666666666,0.16666666666666666,0.0,0.0,0.0,0.4,0.6,1.0,0.0,1.0
456,0.2,0.0,0.0,0.8,0.0,0.0,0.0,0.0,0.4,0.6,0.875,0.125,1.0
457,0.2,0.0,0.0,0.8,0.0,0.0,0.0,0.0,0.4,0.6,0.875,0.125,1.0
458,0.2,0.0,0.0,0.8,0.0,0.0,0.0,0.16666666666666666,0.3333333333333333,0.5,1.0,0.0,1.0
459,0.3,0.0,0.0,0.7,0.0,0.0,0.0,0.23076923076923078,0.3076923076923077,0.46153846153846156,1.0,0.0,1.0
460,1.0,0.0,0.0,0.0,0.0,0.0,0.16666666666666666,0.4166666666666667,0.0,0.4166666666666667,1.0,0.0,1.0
461,0.6,0.4,0.0,0.0,0.0,0.6666666666666666,0.0,0.16666666666666666,0.0,0.16666666666666666,1.0,0.0,1.0
462,1.0,0.0,0.0,0.0,0.0,0.0,0.0,0.5,0.2,0.3,1.0,0.0,1.0
463,1.0,0.0,0.0,0.0,0.0,0.0,0.0,0.5,0.2,0.3,1.0,0.0,1.0
464,0.5,0.3333333333333333,0.0,0.0,0.16666666666666666,0.8,0.0,0.0,0.0,0.2,1.0,0.0,1.0
465,0.5,0.3333333333333333,0.0,0.0,0.16666666666666666,0.8,0.0,0.0,0.0,0.2,1.0,0.0,1.0
466,1.0,0.0,0.0,0.0,0.0,0.0,0.0,0.5,0.2,0.3,1.0,0.0,1.0
467,0.125,0.25,0.0,0.25,0.375,0.0,0.0,0.0,0.0,1.0,1.0,0.0,1.0
468,0.06666666666666667,0.26666666666666666,0.0,0.3333333333333333,0.3333333333333333,0.0,0.0,0.0,0.0,1.0,1.0,0.0,1.0
469,0.16666666666666666,0.0,0.0,0.6666666666666666,0.16666666666666666,0.0,0.0,0.0,0.4,0.6,1.0,0.0,1.0
470,0.6,0.4,0.0,0.0,0.0,0.6666666666666666,0.0,0.16666666666666666,0.0,0.16666666666666666,1.0,0.0,1.0
471,0.6,0.4,0.0,0.0,0.0,0.6666666666666666,0.0,0.16666666666666666,0.0,0.16666666666666666,1.0,0.0,1.0
472,0.2,0.0,0.0,0.8,0.0,0.0,0.0,0.16666666666666666,0.3333333333333333,0.5,1.0,0.0,1.0
473,1.0,0.0,0.0,0.0,0.0,0.0,0.0,0.5,0.2,0.3,1.0,0.0,1.0
474,1.0,0.0,0.0,0.0,0.0,0.0,0.0,0.5,0.2,0.3,1.0,0.0,1.0
475,1.0,0.0,0.0,0.0,0.0,0.0,0.0,0.5,0.2,0.3,1.0,0.0,1.0
476,1.0,0.0,0.0,0.0,0.0,0.0,0.0,0.5,0.2,0.3,1.0,0.0,1.0
477,1.0,0.0,0.0,0.0,0.0,0.0,0.0,0.5,0.2,0.3,1.0,0.0,1.0
478,1.0,0.0,0.0,0.0,0.0,0.0,0.0,0.5,0.2,0.3,1.0,0.0,1.0
479,0.5,0.3333333333333333,0.0,0.0,0.16666666666666666,0.8,0.0,0.0,0.0,0.2,1.0,0.0,1.0
480,0.5,0.3333333333333333,0.0,0.0,0.16666666666666666,0.8,0.0,0.0,0.0,0.2,1.0,0.0,1.0
481,0.5,0.3333333333333333,0.0,0.0,0.16666666666666666,0.8,0.0,0.0,0.0,0.2,1.0,0.0,1.0
482,0.46153846153846156,0.3076923076923077,0.0,0.0,0.23076923076923078,0.7,0.0,0.0,0.0,0.3,1.0,0.0,1.0
483,0.5,0.3333333333333333,0.0,0.0,0.16666666666666666,0.8,0.0,0.0,0.0,0.2,1.0,0.0,1.0
484,0.6,0.4,0.0,0.0,0.0,0.6666666666666666,0.0,0.16666666666666666,0.0,0.16666666666666666,1.0,0.0,1.0
485,1.0,0.0,0.0,0.0,0.0,0.0,0.0,0.5,0.2,0.3,1.0,0.0,1.0
486,0.5,0.3333333333333333,0.0,0.0,0.16666666666666666,0.8,0.0,0.0,0.0,0.2,1.0,0.0,1.0
487,1.0,0.0,0.0,0.0,0.0,0.0,0.0,0.5,0.2,0.3,1.0,0.0,1.0
488,0.2,0.0,0.0,0.8,0.0,0.0,0.0,0.16666666666666666,0.3333333333333333,0.5,1.0,0.0,1.0
489,0.5,0.3333333333333333,0.0,0.0,0.16666666666666666,0.8,0.0,0.0,0.0,0.2,1.0,0.0,1.0
490,0.42857142857142855,0.2857142857142857,0.0,0.0,0.2857142857142857,0.6,0.0,0.0,0.0,0.4,1.0,0.0,1.0
491,0.5,0.3333333333333333,0.0,0.0,0.16666666666666666,0.8,0.0,0.0,0.0,0.2,1.0,0.0,1.0
492,0.5,0.3333333333333333,0.0,0.0,0.16666666666666666,0.8,0.0,0.0,0.0,0.2,1.0,0.0,1.0
493,0.5,0.3333333333333333,0.0,0.0,0.16666666666666666,0.8,0.0,0.0,0.0,0.2,1.0,0.0,1.0
494,0.5,0.3333333333333333,0.0,0.0,0.16666666666666666,0.8,0.0,0.0,0.0,0.2,1.0,0.0,1.0
495,0.16666666666666666,0.0,0.0,0.6666666666666666,0.16666666666666666,0.0,0.0,0.0,0.4,0.6,1.0,0.0,1.0
496,0.16666666666666666,0.0,0.0,0.6666666666666666,0.16666666666666666,0.0,0.0,0.0,0.4,0.6,1.0,0.0,1.0
497,0.16666666666666666,0.0,0.0,0.6666666666666666,0.16666666666666666,0.0,0.0,0.0,0.4,0.6,1.0,0.0,1.0
498,0.16666666666666666,0.0,0.0,0.6666666666666666,0.16666666666666666,0.0,0.0,0.0,0.4,0.6,1.0,0.0,1.0
499,0.16666666666666666,0.0,0.0,0.6666666666666666,0.16666666666666666,0.0,0.0,0.0,0.4,0.6,1.0,0.0,1.0
500,1.0,0.0,0.0,0.0,0.0,0.0,0.0,0.5,0.2,0.3,1.0,0.0,1.0
501,1.0,0.0,0.0,0.0,0.0,0.0,0.0,0.5,0.2,0.3,1.0,0.0,1.0
502,0.23076923076923078,0.0,0.0,0.5384615384615384,0.23076923076923078,0.0,0.0,0.0,0.4,0.6,1.0,0.0,1.0
503,1.0,0.0,0.0,0.0,0.0,0.0,0.0,0.5,0.2,0.3,1.0,0.0,1.0
504,1.0,0.0,0.0,0.0,0.0,0.0,0.0,0.5,0.2,0.3,1.0,0.0,1.0
505,0.46153846153846156,0.3076923076923077,0.0,0.0,0.23076923076923078,0.7,0.0,0.0,0.0,0.3,1.0,0.0,1.0
506,1.0,0.0,0.0,0.0,0.0,0.0,0.0,0.5,0.2,0.3,1.0,0.0,1.0
507,1.0,0.0,0.0,0.0,0.0,0.0,0.0,0.5,0.2,0.3,1.0,0.0,1.0
508,1.0,0.0,0.0,0.0,0.0,0.0,0.0,0.5,0.2,0.3,1.0,0.0,1.0
509,1.0,0.0,0.0,0.0,0.0,0.0,0.0,0.5,0.2,0.3,1.0,0.0,1.0
510,0.3,0.0,0.0,0.7,0.0,0.0,0.0,0.23076923076923078,0.3076923076923077,0.46153846153846156,1.0,0.0,1.0
511,0.2,0.0,0.0,0.8,0.0,0.14285714285714285,0.2857142857142857,0.0,0.0,0.5714285714285714,1.0,0.0,1.0
512,0.5,0.3333333333333333,0.0,0.0,0.16666666666666666,0.8,0.0,0.0,0.0,0.2,1.0,0.0,1.0
513,0.5,0.3333333333333333,0.0,0.0,0.16666666666666666,0.8,0.0,0.0,0.0,0.2,1.0,0.0,1.0
514,0.5,0.3333333333333333,0.0,0.0,0.16666666666666666,0.8,0.0,0.0,0.0,0.2,1.0,0.0,1.0
515,0.4,0.26666666666666666,0.0,0.0,0.3333333333333333,0.5,0.0,0.0,0.0,0.5,1.0,0.0,1.0
516,0.5,0.3333333333333333,0.0,0.0,0.16666666666666666,0.8,0.0,0.0,0.0,0.2,1.0,0.0,1.0
517,1.0,0.0,0.0,0.0,0.0,0.0,0.0,0.5,0.2,0.3,1.0,0.0,1.0
518,0.2857142857142857,0.0,0.0,0.42857142857142855,0.2857142857142857,0.0,0.0,0.0,0.4,0.6,1.0,0.0,1.0
519,0.35294117647058826,0.23529411764705882,0.0,0.0,0.4117647058823529,0.3,0.0,0.0,0.0,0.7,1.0,0.0,1.0
520,0.42857142857142855,0.2857142857142857,0.0,0.0,0.2857142857142857,0.6,0.0,0.0,0.0,0.4,1.0,0.0,1.0
521,0.2,0.0,0.0,0.8,0.0,0.0,0.0,0.0,0.4,0.6,0.875,0.125,1.0
522,0.2,0.0,0.0,0.8,0.0,0.0,0.0,0.16666666666666666,0.3333333333333333,0.5,1.0,0.0,1.0
523,1.0,0.0,0.0,0.0,0.0,0.0,0.0,0.5,0.2,0.3,1.0,0.0,1.0
524,1.0,0.0,0.0,0.0,0.0,0.0,0.0,0.5,0.2,0.3,1.0,0.0,1.0
525,0.3,0.2,0.0,0.0,0.5,0.0,0.0,0.0,0.0,1.0,1.0,0.0,1.0
526,0.3,0.2,0.0,0.0,0.5,0.0,0.0,0.0,0.0,1.0,1.0,0.0,1.0
527,0.3,0.2,0.0,0.0,0.5,0.0,0.0,0.0,0.0,1.0,1.0,0.0,1.0
528,0.3,0.2,0.0,0.0,0.5,0.0,0.0,0.0,0.0,1.0,1.0,0.0,1.0
529,1.0,0.0,0.0,0.0,0.0,0.0,0.0,0.5,0.2,0.3,1.0,0.0,1.0
530,1.0,0.0,0.0,0.0,0.0,0.0,0.0,0.5,0.2,0.3,1.0,0.0,1.0
531,0.5,0.3333333333333333,0.0,0.0,0.16666666666666666,0.8,0.0,0.0,0.0,0.2,1.0,0.0,1.0
532,0.46153846153846156,0.3076923076923077,0.0,0.0,0.23076923076923078,0.7,0.0,0.0,0.0,0.3,1.0,0.0,1.0
533,0.5,0.3333333333333333,0.0,0.0,0.16666666666666666,0.8,0.0,0.0,0.0,0.2,1.0,0.0,1.0
534,0.5,0.3333333333333333,0.0,0.0,0.16666666666666666,0.8,0.0,0.0,0.0,0.2,1.0,0.0,1.0
535,0.16666666666666666,0.0,0.0,0.6666666666666666,0.16666666666666666,0.0,0.0,0.0,0.4,0.6,1.0,0.0,1.0
536,0.46153846153846156,0.3076923076923077,0.0,0.0,0.23076923076923078,0.7,0.0,0.0,0.0,0.3,1.0,0.0,1.0
537,0.46153846153846156,0.3076923076923077,0.0,0.0,0.23076923076923078,0.7,0.0,0.0,0.0,0.3,1.0,0.0,1.0
538,1.0,0.0,0.0,0.0,0.0,0.0,0.0,0.5,0.2,0.3,1.0,0.0,1.0
539,0.46153846153846156,0.3076923076923077,0.0,0.0,0.23076923076923078,0.7,0.0,0.0,0.0,0.3,1.0,0.0,1.0
540,0.5,0.3333333333333333,0.0,0.0,0.16666666666666666,0.8,0.0,0.0,0.0,0.2,1.0,0.0,1.0
541,0.3,0.2,0.0,0.0,0.5,0.0,0.0,0.0,0.0,1.0,1.0,0.0,1.0
542,0.3,0.2,0.0,0.0,0.5,0.0,0.0,0.0,0.0,1.0,1.0,0.0,1.0
543,0.3,0.2,0.0,0.0,0.5,0.0,0.0,0.0,0.0,1.0,1.0,0.0,1.0
544,0.4,0.0,0.0,0.6,0.0,0.2857142857142857,0.2857142857142857,0.0,0.0,0.42857142857142855,1.0,0.0,1.0
545,0.3,0.2,0.0,0.0,0.5,0.0,0.0,0.0,0.0,1.0,1.0,0.0,1.0
546,0.3,0.2,0.0,0.0,0.5,0.0,0.0,0.0,0.0,1.0,1.0,0.0,1.0
547,0.5,0.3333333333333333,0.0,0.0,0.16666666666666666,0.8,0.0,0.0,0.0,0.2,1.0,0.0,1.0
548,0.2,0.0,0.0,0.8,0.0,0.0,0.2857142857142857,0.0,0.0,0.7142857142857143,0.875,0.125,1.0
549,0.2,0.0,0.0,0.8,0.0,0.0,0.2857142857142857,0.0,0.0,0.7142857142857143,0.875,0.125,1.0
550,1.0,0.0,0.0,0.0,0.0,0.0,0.0,0.5,0.2,0.3,1.0,0.0,1.0
551,0.3,0.2,0.0,0.0,0.5,0.0,0.0,0.0,0.0,1.0,1.0,0.0,1.0
552,0.3,0.2,0.0,0.0,0.5,0.0,0.0,0.0,0.0,1.0,1.0,0.0,1.0
553,0.3,0.2,0.0,0.0,0.5,0.0,0.0,0.0,0.0,1.0,1.0,0.0,1.0
554,0.3,0.2,0.0,0.0,0.5,0.0,0.0,0.0,0.0,1.0,1.0,0.0,1.0
555,0.3,0.2,0.0,0.0,0.5,0.0,0.0,0.0,0.0,1.0,1.0,0.0,1.0
556,0.3,0.2,0.0,0.0,0.5,0.0,0.0,0.0,0.0,1.0,1.0,0.0,1.0
557,1.0,0.0,0.0,0.0,0.0,0.0,0.0,0.5,0.2,0.3,1.0,0.0,1.0
558,1.0,0.0,0.0,0.0,0.0,0.0,0.0,0.5,0.2,0.3,1.0,0.0,1.0
559,1.0,0.0,0.0,0.0,0.0,0.0,0.0,0.5,0.2,0.3,1.0,0.0,1.0
560,1.0,0.0,0.0,0.0,0.0,0.0,0.0,0.5,0.2,0.3,1.0,0.0,1.0
561,0.3,0.2,0.0,0.0,0.5,0.0,0.0,0.0,0.0,1.0,1.0,0.0,1.0
562,0.3,0.2,0.0,0.0,0.5,0.0,0.0,0.0,0.0,1.0,1.0,0.0,1.0
563,0.3,0.2,0.0,0.0,0.5,0.0,0.0,0.0,0.0,1.0,1.0,0.0,1.0
564,0.3,0.2,0.0,0.0,0.5,0.0,0.0,0.0,0.0,1.0,1.0,0.0,1.0
565,0.3,0.2,0.0,0.0,0.5,0.0,0.0,0.0,0.0,1.0,1.0,0.0,1.0
566,0.2,0.0,0.0,0.8,0.0,0.14285714285714285,0.2857142857142857,0.0,0.0,0.5714285714285714,1.0,0.0,1.0
567,0.2,0.0,0.0,0.8,0.0,0.14285714285714285,0.2857142857142857,0.0,0.0,0.5714285714285714,1.0,0.0,1.0
568,1.0,0.0,0.0,0.0,0.0,0.0,0.0,0.5,0.2,0.3,1.0,0.0,1.0
569,0.2,0.0,0.0,0.8,0.0,0.0,0.0,0.16666666666666666,0.3333333333333333,0.5,1.0,0.0,1.0
570,1.0,0.0,0.0,0.0,0.0,0.0,0.0,0.5,0.2,0.3,1.0,0.0,1.0
571,0.8,0.0,0.0,0.2,0.0,0.5714285714285714,0.2857142857142857,0.0,0.0,0.14285714285714285,1.0,0.0,1.0
572,0.6,0.0,0.0,0.4,0.0,0.42857142857142855,0.2857142857142857,0.0,0.0,0.2857142857142857,1.0,0.0,1.0
573,1.0,0.0,0.0,0.0,0.0,0.0,0.0,0.5,0.2,0.3,1.0,0.0,1.0
574,1.0,0.0,0.0,0.0,0.0,0.0,0.0,0.5,0.2,0.3,1.0,0.0,1.0
575,1.0,0.0,0.0,0.0,0.0,0.0,0.0,0.5,0.2,0.3,1.0,0.0,1.0
576,1.0,0.0,0.0,0.0,0.0,0.0,0.0,0.5,0.2,0.3,1.0,0.0,1.0
577,1.0,0.0,0.0,0.0,0.0,0.0,0.0,0.5,0.2,0.3,1.0,0.0,1.0
578,0.3,0.2,0.0,0.0,0.5,0.0,0.0,0.0,0.0,1.0,1.0,0.0,1.0
579,0.3,0.2,0.0,0.0,0.5,0.0,0.0,0.0,0.0,1.0,1.0,0.0,1.0
580,0.3,0.2,0.0,0.0,0.5,0.0,0.0,0.0,0.0,1.0,1.0,0.0,1.0
581,0.3,0.2,0.0,0.0,0.5,0.0,0.0,0.0,0.0,1.0,1.0,0.0,1.0
582,0.3,0.2,0.0,0.0,0.5,0.0,0.0,0.0,0.0,1.0,1.0,0.0,1.0
583,1.0,0.0,0.0,0.0,0.0,0.0,0.0,0.5,0.2,0.3,1.0,0.0,1.0
584,1.0,0.0,0.0,0.0,0.0,0.0,0.0,0.5,0.2,0.3,1.0,0.0,1.0
585,0.2,0.0,0.0,0.8,0.0,0.14285714285714285,0.2857142857142857,0.0,0.0,0.5714285714285714,1.0,0.0,1.0
586,0.3,0.0,0.0,0.7,0.0,0.21428571428571427,0.2857142857142857,0.0,0.0,0.5,1.0,0.0,1.0
587,0.2,0.0,0.0,0.8,0.0,0.14285714285714285,0.2857142857142857,0.0,0.0,0.5714285714285714,1.0,0.0,1.0
588,1.0,0.0,0.0,0.0,0.0,0.0,0.0,0.5,0.2,0.3,1.0,0.0,1.0
589,1.0,0.0,0.0,0.0,0.0,0.0,0.0,0.5,0.2,0.3,1.0,0.0,1.0
590,0.16666666666666666,0.0,0.0,0.6666666666666666,0.16666666666666666,0.0,0.0,0.0,0.4,0.6,1.0,0.0,1.0
591,0.3333333333333333,0.0,0.0,0.3333333333333333,0.3333333333333333,0.0,0.0,0.0,0.4,0.6,1.0,0.0,1.0
592,0.3333333333333333,0.0,0.0,0.3333333333333333,0.3333333333333333,0.0,0.0,0.0,0.4,0.6,1.0,0.0,1.0
593,0.2857142857142857,0.0,0.0,0.42857142857142855,0.2857142857142857,0.0,0.0,0.0,0.4,0.6,1.0,0.0,1.0
594,0.3,0.0,0.0,0.7,0.0,0.0,0.0,0.23076923076923078,0.3076923076923077,0.46153846153846156,1.0,0.0,1.0
595,0.2,0.0,0.0,0.8,0.0,0.0,0.0,0.0,0.4,0.6,0.875,0.125,1.0
596,0.2,0.0,0.0,0.8,0.0,0.0,0.0,0.0,0.4,0.6,0.875,0.125,1.0
597,0.2,0.0,0.0,0.8,0.0,0.0,0.0,0.0,0.4,0.6,0.875,0.125,1.0
598,0.16666666666666666,0.0,0.0,0.6666666666666666,0.16666666666666666,0.0,0.0,0.0,0.4,0.6,1.0,0.0,1.0
599,0.23076923076923078,0.0,0.0,0.5384615384615384,0.23076923076923078,0.0,0.0,0.0,0.4,0.6,1.0,0.0,1.0
600,0.23076923076923078,0.0,0.0,0.5384615384615384,0.23076923076923078,0.0,0.0,0.0,0.4,0.6,1.0,0.0,1.0
601,0.5714285714285714,0.0,0.2857142857142857,0.14285714285714285,0.0,0.8,0.0,0.0,0.0,0.2,1.0,0.0,1.0
602,0.2,0.0,0.0,0.8,0.0,0.14285714285714285,0.2857142857142857,0.0,0.0,0.5714285714285714,1.0,0.0,1.0
603,1.0,0.0,0.0,0.0,0.0,0.0,0.0,0.5,0.2,0.3,1.0,0.0,1.0
604,1.0,0.0,0.0,0.0,0.0,0.0,0.0,0.5,0.2,0.3,1.0,0.0,1.0
605,1.0,0.0,0.0,0.0,0.0,0.0,0.0,0.5,0.2,0.3,1.0,0.0,1.0
606,1.0,0.0,0.0,0.0,0.0,0.0,0.0,0.5,0.2,0.3,1.0,0.0,1.0
607,1.0,0.0,0.0,0.0,0.0,0.0,0.0,0.5,0.2,0.3,1.0,0.0,1.0
608,1.0,0.0,0.0,0.0,0.0,0.0,0.0,0.5,0.2,0.3,1.0,0.0,1.0
609,1.0,0.0,0.0,0.0,0.0,0.0,0.0,0.5,0.2,0.3,1.0,0.0,1.0
610,1.0,0.0,0.0,0.0,0.0,0.0,0.0,0.5,0.2,0.3,1.0,0.0,1.0
611,1.0,0.0,0.0,0.0,0.0,0.0,0.0,0.5,0.2,0.3,1.0,0.0,1.0
612,1.0,0.0,0.0,0.0,0.0,0.0,0.0,0.5,0.2,0.3,1.0,0.0,1.0
613,1.0,0.0,0.0,0.0,0.0,0.0,0.0,0.5,0.2,0.3,1.0,0.0,1.0
614,1.0,0.0,0.0,0.0,0.0,0.0,0.0,0.5,0.2,0.3,1.0,0.0,1.0
615,1.0,0.0,0.0,0.0,0.0,0.0,0.0,0.5,0.2,0.3,1.0,0.0,1.0
616,0.6,0.4,0.0,0.0,0.0,0.8,0.0,0.0,0.0,0.2,0.875,0.125,1.0
617,0.3,0.0,0.0,0.7,0.0,0.21428571428571427,0.2857142857142857,0.0,0.0,0.5,1.0,0.0,1.0
618,0.2,0.0,0.0,0.8,0.0,0.14285714285714285,0.2857142857142857,0.0,0.0,0.5714285714285714,1.0,0.0,1.0
619,0.3,0.0,0.0,0.7,0.0,0.0,0.23529411764705882,0.17647058823529413,0.0,0.5882352941176471,1.0,0.0,1.0
620,0.4,0.0,0.0,0.6,0.0,0.2857142857142857,0.2857142857142857,0.0,0.0,0.42857142857142855,1.0,0.0,1.0
621,0.5,0.0,0.0,0.5,0.0,0.35714285714285715,0.2857142857142857,0.0,0.0,0.35714285714285715,1.0,0.0,1.0
622,0.2,0.0,0.0,0.8,0.0,0.14285714285714285,0.2857142857142857,0.0,0.0,0.5714285714285714,1.0,0.0,1.0
623,0.6,0.4,0.0,0.0,0.0,0.8,0.0,0.0,0.0,0.2,0.875,0.125,1.0
624,1.0,0.0,0.0,0.0,0.0,0.0,0.0,0.5,0.2,0.3,1.0,0.0,1.0
625,0.21428571428571427,0.0,0.2857142857142857,0.5,0.0,0.3,0.0,0.0,0.0,0.7,1.0,0.0,1.0
626,0.2857142857142857,0.0,0.2857142857142857,0.42857142857142855,0.0,0.4,0.0,0.0,0.0,0.6,1.0,0.0,1.0
627,0.2857142857142857,0.0,0.2857142857142857,0.42857142857142855,0.0,0.4,0.0,0.0,0.0,0.6,1.0,0.0,1.0
628,0.16666666666666666,0.0,0.0,0.6666666666666666,0.16666666666666666,0.0,0.0,0.0,0.4,0.6,1.0,0.0,1.0
629,0.16666666666666666,0.0,0.0,0.6666666666666666,0.16666666666666666,0.0,0.0,0.0,0.4,0.6,1.0,0.0,1.0
630,0.6,0.4,0.0,0.0,0.0,0.8,0.0,0.0,0.0,0.2,0.875,0.125,1.0
631,0.6,0.4,0.0,0.0,0.0,0.8,0.0,0.0,0.0,0.2,0.875,0.125,1.0
632,0.6,0.4,0.0,0.0,0.0,0.8,0.0,0.0,0.0,0.2,0.875,0.125,1.0
633,0.625,0.0,0.25,0.0,0.125,0.8,0.0,0.0,0.0,0.2,1.0,0.0,1.0
634,0.625,0.0,0.25,0.0,0.125,0.8,0.0,0.0,0.0,0.2,1.0,0.0,1.0
635,0.625,0.0,0.25,0.0,0.125,0.8,0.0,0.0,0.0,0.2,1.0,0.0,1.0
636,0.5,0.0,0.2857142857142857,0.21428571428571427,0.0,0.7,0.0,0.0,0.0,0.3,1.0,0.0,1.0
637,0.14285714285714285,0.0,0.2857142857142857,0.5714285714285714,0.0,0.2,0.0,0.0,0.0,0.8,1.0,0.0,1.0
638,0.14285714285714285,0.0,0.2857142857142857,0.5714285714285714,0.0,0.2,0.0,0.0,0.0,0.8,1.0,0.0,1.0
639,0.46153846153846156,0.3076923076923077,0.0,0.0,0.23076923076923078,0.7,0.0,0.0,0.0,0.3,1.0,0.0,1.0
640,1.0,0.0,0.0,0.0,0.0,0.0,0.0,0.5,0.2,0.3,1.0,0.0,1.0
641,1.0,0.0,0.0,0.0,0.0,0.0,0.0,0.5,0.2,0.3,1.0,0.0,1.0
642,1.0,0.0,0.0,0.0,0.0,0.0,0.0,0.5,0.2,0.3,1.0,0.0,1.0
643,1.0,0.0,0.0,0.0,0.0,0.0,0.0,0.5,0.2,0.3,1.0,0.0,1.0
644,1.0,0.0,0.0,0.0,0.0,0.0,0.0,0.5,0.2,0.3,1.0,0.0,1.0
645,1.0,0.0,0.0,0.0,0.0,0.0,0.0,0.5,0.2,0.3,1.0,0.0,1.0
646,1.0,0.0,0.0,0.0,0.0,0.0,0.0,0.5,0.2,0.3,1.0,0.0,1.0
647,1.0,0.0,0.0,0.0,0.0,0.0,0.0,0.5,0.2,0.3,1.0,0.0,1.0
648,1.0,0.0,0.0,0.0,0.0,0.0,0.0,0.5,0.2,0.3,1.0,0.0,1.0
649,1.0,0.0,0.0,0.0,0.0,0.0,0.0,0.5,0.2,0.3,1.0,0.0,1.0
650,0.7142857142857143,0.0,0.2857142857142857,0.0,0.0,0.6666666666666666,0.0,0.16666666666666666,0.0,0.16666666666666666,1.0,0.0,1.0
651,0.2,0.0,0.0,0.8,0.0,0.0,0.0,0.16666666666666666,0.3333333333333333,0.5,1.0,0.0,1.0
652,0.5714285714285714,0.0,0.2857142857142857,0.14285714285714285,0.0,0.8,0.0,0.0,0.0,0.2,1.0,0.0,1.0
653,0.5,0.3333333333333333,0.0,0.0,0.16666666666666666,0.8,0.0,0.0,0.0,0.2,1.0,0.0,1.0
654,0.5,0.3333333333333333,0.0,0.0,0.16666666666666666,0.8,0.0,0.0,0.0,0.2,1.0,0.0,1.0
655,0.5,0.3333333333333333,0.0,0.0,0.16666666666666666,0.8,0.0,0.0,0.0,0.2,1.0,0.0,1.0
656,1.0,0.0,0.0,0.0,0.0,0.0,0.0,0.5,0.2,0.3,1.0,0.0,1.0
657,1.0,0.0,0.0,0.0,0.0,0.0,0.0,0.5,0.2,0.3,1.0,0.0,1.0
658,1.0,0.0,0.0,0.0,0.0,0.0,0.0,0.5,0.2,0.3,1.0,0.0,1.0
659,1.0,0.0,0.0,0.0,0.0,0.0,0.0,0.5,0.2,0.3,1.0,0.0,1.0
660,1.0,0.0,0.0,0.0,0.0,0.0,0.0,0.5,0.2,0.3,1.0,0.0,1.0
661,0.5714285714285714,0.0,0.2857142857142857,0.14285714285714285,0.0,0.8,0.0,0.0,0.0,0.2,1.0,0.0,1.0
662,0.5,0.3333333333333333,0.0,0.0,0.16666666666666666,0.8,0.0,0.0,0.0,0.2,1.0,0.0,1.0
663,0.46153846153846156,0.3076923076923077,0.0,0.0,0.23076923076923078,0.7,0.0,0.0,0.0,0.3,1.0,0.0,1.0
664,1.0,0.0,0.0,0.0,0.0,0.0,0.0,0.5,0.2,0.3,1.0,0.0,1.0
665,1.0,0.0,0.0,0.0,0.0,0.0,0.0,0.5,0.2,0.3,1.0,0.0,1.0
666,1.0,0.0,0.0,0.0,0.0,0.0,0.0,0.5,0.2,0.3,1.0,0.0,1.0
667,1.0,0.0,0.0,0.0,0.0,0.0,0.0,0.5,0.2,0.3,1.0,0.0,1.0
668,1.0,0.0,0.0,0.0,0.0,0.0,0.0,0.5,0.2,0.3,1.0,0.0,1.0
669,1.0,0.0,0.0,0.0,0.0,0.0,0.0,0.5,0.2,0.3,1.0,0.0,1.0
670,0.2857142857142857,0.0,0.2857142857142857,0.42857142857142855,0.0,0.4,0.0,0.0,0.0,0.6,1.0,0.0,1.0
671,1.0,0.0,0.0,0.0,0.0,0.0,0.0,0.5,0.2,0.3,1.0,0.0,1.0
672,0.21428571428571427,0.0,0.2857142857142857,0.5,0.0,0.3,0.0,0.0,0.0,0.7,1.0,0.0,1.0
673,1.0,0.0,0.0,0.0,0.0,0.0,0.0,0.5,0.2,0.3,1.0,0.0,1.0
674,1.0,0.0,0.0,0.0,0.0,0.0,0.0,0.5,0.2,0.3,1.0,0.0,1.0
675,0.5,0.3333333333333333,0.0,0.0,0.16666666666666666,0.8,0.0,0.0,0.0,0.2,1.0,0.0,1.0
676,0.4,0.26666666666666666,0.0,0.0,0.3333333333333333,0.5,0.0,0.0,0.0,0.5,1.0,0.0,1.0
677,1.0,0.0,0.0,0.0,0.0,0.0,0.0,0.5,0.2,0.3,1.0,0.0,1.0
678,1.0,0.0,0.0,0.0,0.0,0.0,0.0,0.5,0.2,0.3,1.0,0.0,1.0
679,0.5,0.3333333333333333,0.0,0.0,0.16666666666666666,0.8,0.0,0.0,0.0,0.2,1.0,0.0,1.0
680,1.0,0.0,0.0,0.0,0.0,0.0,0.0,0.5,0.2,0.3,1.0,0.0,1.0
681,1.0,0.0,0.0,0.0,0.0,0.0,0.0,0.5,0.2,0.3,1.0,0.0,1.0
682,1.0,0.0,0.0,0.0,0.0,0.0,0.0,0.5,0.2,0.3,1.0,0.0,1.0
683,1.0,0.0,0.0,0.0,0.0,0.0,0.0,0.5,0.2,0.3,1.0,0.0,1.0
684,1.0,0.0,0.0,0.0,0.0,0.0,0.0,0.5,0.2,0.3,1.0,0.0,1.0
685,0.2,0.0,0.0,0.8,0.0,0.0,0.0,0.16666666666666666,0.3333333333333333,0.5,1.0,0.0,1.0
686,1.0,0.0,0.0,0.0,0.0,0.0,0.0,0.5,0.2,0.3,1.0,0.0,1.0
687,1.0,0.0,0.0,0.0,0.0,0.0,0.0,0.5,0.2,0.3,1.0,0.0,1.0
688,1.0,0.0,0.0,0.0,0.0,0.0,0.0,0.5,0.2,0.3,1.0,0.0,1.0
689,0.14285714285714285,0.0,0.2857142857142857,0.5714285714285714,0.0,0.2,0.0,0.0,0.0,0.8,1.0,0.0,1.0
690,1.0,0.0,0.0,0.0,0.0,0.0,0.0,0.5,0.2,0.3,1.0,0.0,1.0
691,1.0,0.0,0.0,0.0,0.0,0.0,0.0,0.5,0.2,0.3,1.0,0.0,1.0
692,1.0,0.0,0.0,0.0,0.0,0.0,0.0,0.5,0.2,0.3,1.0,0.0,1.0
693,0.2,0.0,0.0,0.8,0.0,0.0,0.0,0.16666666666666666,0.3333333333333333,0.5,1.0,0.0,1.0
694,0.2,0.0,0.0,0.8,0.0,0.0,0.0,0.16666666666666666,0.3333333333333333,0.5,1.0,0.0,1.0
695,0.2,0.0,0.0,0.8,0.0,0.0,0.0,0.16666666666666666,0.3333333333333333,0.5,1.0,0.0,1.0
696,0.2,0.0,0.0,0.8,0.0,0.0,0.0,0.16666666666666666,0.3333333333333333,0.5,1.0,0.0,1.0
697,0.42857142857142855,0.0,0.2857142857142857,0.2857142857142857,0.0,0.6,0.0,0.0,0.0,0.4,1.0,0.0,1.0
698,0.2,0.0,0.0,0.8,0.0,0.0,0.0,0.16666666666666666,0.3333333333333333,0.5,1.0,0.0,1.0
699,1.0,0.0,0.0,0.0,0.0,0.0,0.0,0.5,0.2,0.3,1.0,0.0,1.0
700,1.0,0.0,0.0,0.0,0.0,0.0,0.0,0.5,0.2,0.3,1.0,0.0,1.0
701,1.0,0.0,0.0,0.0,0.0,0.0,0.0,0.5,0.2,0.3,1.0,0.0,1.0
702,1.0,0.0,0.0,0.0,0.0,0.0,0.0,0.5,0.2,0.3,1.0,0.0,1.0
703,1.0,0.0,0.0,0.0,0.0,0.0,0.0,0.5,0.2,0.3,1.0,0.0,1.0
704,0.2857142857142857,0.0,0.0,0.42857142857142855,0.2857142857142857,0.0,0.0,0.0,0.4,0.6,1.0,0.0,1.0
705,0.23076923076923078,0.0,0.0,0.5384615384615384,0.23076923076923078,0.0,0.0,0.0,0.4,0.6,1.0,0.0,1.0
706,1.0,0.0,0.0,0.0,0.0,0.0,0.0,0.5,0.2,0.3,1.0,0.0,1.0
707,1.0,0.0,0.0,0.0,0.0,0.0,0.0,0.5,0.2,0.3,1.0,0.0,1.0
708,1.0,0.0,0.0,0.0,0.0,0.0,0.0,0.5,0.2,0.3,1.0,0.0,1.0
709,1.0,0.0,0.0,0.0,0.0,0.0,0.0,0.5,0.2,0.3,1.0,0.0,1.0
710,1.0,0.0,0.0,0.0,0.0,0.0,0.0,0.5,0.2,0.3,1.0,0.0,1.0
711,1.0,0.0,0.0,0.0,0.0,0.0,0.0,0.5,0.2,0.3,1.0,0.0,1.0
712,0.5,0.0,0.0,0.0,0.5,0.0,0.0,0.0,0.4,0.6,1.0,0.0,1.0
713,0.5,0.0,0.0,0.0,0.5,0.0,0.0,0.0,0.4,0.6,1.0,0.0,1.0
714,0.5,0.0,0.0,0.0,0.5,0.0,0.0,0.0,0.4,0.6,1.0,0.0,1.0
715,0.5,0.0,0.0,0.0,0.5,0.0,0.0,0.0,0.4,0.6,1.0,0.0,1.0
716,1.0,0.0,0.0,0.0,0.0,0.0,0.0,0.5,0.2,0.3,1.0,0.0,1.0
717,1.0,0.0,0.0,0.0,0.0,0.0,0.0,0.5,0.2,0.3,1.0,0.0,1.0
718,1.0,0.0,0.0,0.0,0.0,0.0,0.0,0.5,0.2,0.3,1.0,0.0,1.0
719,0.5,0.0,0.0,0.0,0.5,0.0,0.0,0.0,0.4,0.6,1.0,0.0,1.0
720,0.5,0.0,0.0,0.0,0.5,0.0,0.0,0.0,0.4,0.6,1.0,0.0,1.0
721,1.0,0.0,0.0,0.0,0.0,0.0,0.0,0.5,0.2,0.3,1.0,0.0,1.0
722,1.0,0.0,0.0,0.0,0.0,0.0,0.0,0.5,0.2,0.3,1.0,0.0,1.0
723,1.0,0.0,0.0,0.0,0.0,0.0,0.0,0.5,0.2,0.3,1.0,0.0,1.0
724,1.0,0.0,0.0,0.0,0.0,0.0,0.0,0.5,0.2,0.3,1.0,0.0,1.0
725,0.3,0.2,0.0,0.0,0.5,0.0,0.0,0.0,0.0,1.0,1.0,0.0,1.0
726,0.6,0.4,0.0,0.0,0.0,0.8,0.0,0.0,0.0,0.2,0.875,0.125,1.0
727,0.6,0.4,0.0,0.0,0.0,0.8,0.0,0.0,0.0,0.2,0.875,0.125,1.0
728,1.0,0.0,0.0,0.0,0.0,0.0,0.0,0.5,0.2,0.3,1.0,0.0,1.0
729,0.3,0.2,0.0,0.0,0.5,0.0,0.0,0.0,0.0,1.0,1.0,0.0,1.0
730,0.3,0.2,0.0,0.0,0.5,0.0,0.0,0.0,0.0,1.0,1.0,0.0,1.0
731,1.0,0.0,0.0,0.0,0.0,0.0,0.0,0.5,0.2,0.3,1.0,0.0,1.0
732,1.0,0.0,0.0,0.0,0.0,0.0,0.0,0.5,0.2,0.3,1.0,0.0,1.0
733,1.0,0.0,0.0,0.0,0.0,0.0,0.0,0.5,0.2,0.3,1.0,0.0,1.0
734,1.0,0.0,0.0,0.0,0.0,0.0,0.0,0.5,0.2,0.3,1.0,0.0,1.0
735,0.6,0.4,0.0,0.0,0.0,0.8,0.0,0.0,0.0,0.2,0.875,0.125,1.0
736,0.2,0.0,0.0,0.8,0.0,0.0,0.0,0.16666666666666666,0.3333333333333333,0.5,1.0,0.0,1.0
737,0.3,0.0,0.0,0.7,0.0,0.0,0.0,0.23076923076923078,0.3076923076923077,0.46153846153846156,1.0,0.0,1.0
738,0.3,0.2,0.0,0.0,0.5,0.0,0.0,0.0,0.0,1.0,1.0,0.0,1.0
739,0.3,0.2,0.0,0.0,0.5,0.0,0.0,0.0,0.0,1.0,1.0,0.0,1.0
740,1.0,0.0,0.0,0.0,0.0,0.0,0.0,0.5,0.2,0.3,1.0,0.0,1.0
741,1.0,0.0,0.0,0.0,0.0,0.0,0.0,0.5,0.2,0.3,1.0,0.0,1.0
742,0.16666666666666666,0.0,0.0,0.6666666666666666,0.16666666666666666,0.0,0.0,0.0,0.4,0.6,1.0,0.0,1.0
743,0.3,0.2,0.0,0.0,0.5,0.0,0.0,0.0,0.0,1.0,1.0,0.0,1.0
744,1.0,0.0,0.0,0.0,0.0,0.0,0.0,0.5,0.2,0.3,1.0,0.0,1.0
745,1.0,0.0,0.0,0.0,0.0,0.0,0.0,0.5,0.2,0.3,1.0,0.0,1.0
746,1.0,0.0,0.0,0.0,0.0,0.0,0.0,0.5,0.2,0.3,1.0,0.0,1.0
747,0.3,0.2,0.0,0.0,0.5,0.0,0.0,0.0,0.0,1.0,1.0,0.0,1.0
748,0.3,0.2,0.0,0.0,0.5,0.0,0.0,0.0,0.0,1.0,1.0,0.0,1.0
749,0.3,0.2,0.0,0.0,0.5,0.0,0.0,0.0,0.0,1.0,1.0,0.0,1.0
750,0.3,0.2,0.0,0.0,0.5,0.0,0.0,0.0,0.0,1.0,1.0,0.0,1.0
751,0.3,0.2,0.0,0.0,0.5,0.0,0.0,0.0,0.0,1.0,1.0,0.0,1.0
752,0.3,0.2,0.0,0.0,0.5,0.0,0.0,0.0,0.0,1.0,1.0,0.0,1.0
753,1.0,0.0,0.0,0.0,0.0,0.0,0.0,0.5,0.2,0.3,1.0,0.0,1.0
754,1.0,0.0,0.0,0.0,0.0,0.0,0.0,0.5,0.2,0.3,1.0,0.0,1.0
755,1.0,0.0,0.0,0.0,0.0,0.0,0.0,0.5,0.2,0.3,1.0,0.0,1.0
756,1.0,0.0,0.0,0.0,0.0,0.0,0.0,0.5,0.2,0.3,1.0,0.0,1.0
757,0.14285714285714285,0.0,0.2857142857142857,0.5714285714285714,0.0,0.2,0.0,0.0,0.0,0.8,1.0,0.0,1.0
758,1.0,0.0,0.0,0.0,0.0,0.0,0.0,0.5,0.2,0.3,1.0,0.0,1.0
759,1.0,0.0,0.0,0.0,0.0,0.0,0.0,0.5,0.2,0.3,1.0,0.0,1.0
760,1.0,0.0,0.0,0.0,0.0,0.0,0.0,0.5,0.2,0.3,1.0,0.0,1.0
761,1.0,0.0,0.0,0.0,0.0,0.0,0.0,0.5,0.2,0.3,1.0,0.0,1.0
762,1.0,0.0,0.0,0.0,0.0,0.0,0.0,0.5,0.2,0.3,1.0,0.0,1.0
763,0.5,0.3333333333333333,0.0,0.0,0.16666666666666666,0.8,0.0,0.0,0.0,0.2,1.0,0.0,1.0
764,0.46153846153846156,0.3076923076923077,0.0,0.0,0.23076923076923078,0.7,0.0,0.0,0.0,0.3,1.0,0.0,1.0
765,0.46153846153846156,0.3076923076923077,0.0,0.0,0.23076923076923078,0.7,0.0,0.0,0.0,0.3,1.0,0.0,1.0
766,0.3,0.2,0.0,0.0,0.5,0.0,0.0,0.0,0.0,1.0,1.0,0.0,1.0
767,0.3,0.2,0.0,0.0,0.5,0.0,0.0,0.0,0.0,1.0,1.0,0.0,1.0
768,0.3,0.2,0.0,0.0,0.5,0.0,0.0,0.0,0.0,1.0,1.0,0.0,1.0
769,0.3,0.2,0.0,0.0,0.5,0.0,0.0,0.0,0.0,1.0,1.0,0.0,1.0
770,0.46153846153846156,0.3076923076923077,0.0,0.0,0.23076923076923078,0.7,0.0,0.0,0.0,0.3,1.0,0.0,1.0
771,0.5,0.3333333333333333,0.0,0.0,0.16666666666666666,0.8,0.0,0.0,0.0,0.2,1.0,0.0,1.0
772,1.0,0.0,0.0,0.0,0.0,0.0,0.0,0.5,0.2,0.3,1.0,0.0,1.0
773,1.0,0.0,0.0,0.0,0.0,0.0,0.0,0.5,0.2,0.3,1.0,0.0,1.0
774,1.0,0.0,0.0,0.0,0.0,0.0,0.0,0.5,0.2,0.3,1.0,0.0,1.0
775,1.0,0.0,0.0,0.0,0.0,0.0,0.0,0.5,0.2,0.3,1.0,0.0,1.0
776,1.0,0.0,0.0,0.0,0.0,0.0,0.0,0.5,0.2,0.3,1.0,0.0,1.0
777,1.0,0.0,0.0,0.0,0.0,0.0,0.0,0.5,0.2,0.3,1.0,0.0,1.0
778,1.0,0.0,0.0,0.0,0.0,0.0,0.0,0.5,0.2,0.3,1.0,0.0,1.0
779,1.0,0.0,0.0,0.0,0.0,0.0,0.0,0.5,0.2,0.3,1.0,0.0,1.0
780,1.0,0.0,0.0,0.0,0.0,0.0,0.0,0.5,0.2,0.3,1.0,0.0,1.0
781,0.5263157894736842,0.0,0.0,0.0,0.47368421052631576,0.1,0.0,0.0,0.4,0.5,1.0,0.0,1.0
782,0.5,0.0,0.0,0.0,0.5,0.0,0.0,0.0,0.4,0.6,1.0,0.0,1.0
783,0.5,0.0,0.0,0.0,0.5,0.0,0.0,0.0,0.4,0.6,1.0,0.0,1.0
784,0.5,0.0,0.0,0.0,0.5,0.0,0.0,0.0,0.4,0.6,1.0,0.0,1.0
785,0.5,0.0,0.0,0.0,0.5,0.0,0.0,0.0,0.4,0.6,1.0,0.0,1.0
786,0.5,0.0,0.0,0.0,0.5,0.0,0.0,0.0,0.4,0.6,1.0,0.0,1.0
787,0.5,0.0,0.0,0.0,0.5,0.0,0.0,0.0,0.4,0.6,1.0,0.0,1.0
788,0.5,0.0,0.0,0.0,0.5,0.0,0.0,0.0,0.4,0.6,1.0,0.0,1.0
789,0.5,0.0,0.0,0.0,0.5,0.0,0.0,0.0,0.4,0.6,1.0,0.0,1.0
790,0.5,0.0,0.0,0.0,0.5,0.0,0.0,0.0,0.4,0.6,1.0,0.0,1.0
791,0.6,0.4,0.0,0.0,0.0,0.6666666666666666,0.0,0.16666666666666666,0.0,0.16666666666666666,1.0,0.0,1.0
792,1.0,0.0,0.0,0.0,0.0,0.0,0.0,0.5,0.2,0.3,1.0,0.0,1.0
793,0.6,0.4,0.0,0.0,0.0,0.6666666666666666,0.0,0.16666666666666666,0.0,0.16666666666666666,1.0,0.0,1.0
794,0.6,0.4,0.0,0.0,0.0,0.6666666666666666,0.0,0.16666666666666666,0.0,0.16666666666666666,1.0,0.0,1.0
795,0.6,0.4,0.0,0.0,0.0,0.6666666666666666,0.0,0.16666666666666666,0.0,0.16666666666666666,1.0,0.0,1.0
796,0.6,0.4,0.0,0.0,0.0,0.6666666666666666,0.0,0.16666666666666666,0.0,0.16666666666666666,1.0,0.0,1.0
797,0.5,0.0,0.0,0.0,0.5,0.0,0.0,0.0,0.4,0.6,1.0,0.0,1.0
798,0.5,0.0,0.0,0.0,0.5,0.0,0.0,0.0,0.4,0.6,1.0,0.0,1.0
799,0.5,0.0,0.0,0.0,0.5,0.0,0.0,0.0,0.4,0.6,1.0,0.0,1.0
800,1.0,0.0,0.0,0.0,0.0,0.0,0.0,0.5,0.2,0.3,1.0,0.0,1.0
801,1.0,0.0,0.0,0.0,0.0,0.0,0.0,0.5,0.2,0.3,1.0,0.0,1.0
802,1.0,0.0,0.0,0.0,0.0,0.0,0.0,0.5,0.2,0.3,1.0,0.0,1.0
803,1.0,0.0,0.0,0.0,0.0,0.0,0.0,0.5,0.2,0.3,1.0,0.0,1.0
804,1.0,0.0,0.0,0.0,0.0,0.0,0.0,0.5,0.2,0.3,1.0,0.0,1.0
805,1.0,0.0,0.0,0.0,0.0,0.3333333333333333,0.0,0.3333333333333333,0.26666666666666666,0.06666666666666667,1.0,0.0,1.0
806,1.0,0.0,0.0,0.0,0.0,0.3333333333333333,0.0,0.3333333333333333,0.26666666666666666,0.06666666666666667,1.0,0.0,1.0
807,1.0,0.0,0.0,0.0,0.0,0.17647058823529413,0.0,0.4117647058823529,0.23529411764705882,0.17647058823529413,1.0,0.0,1.0
808,1.0,0.0,0.0,0.0,0.0,0.25,0.0,0.375,0.25,0.125,1.0,0.0,1.0
809,0.3,0.2,0.0,0.0,0.5,0.0,0.0,0.0,0.0,1.0,1.0,0.0,1.0
810,0.3,0.2,0.0,0.0,0.5,0.0,0.0,0.0,0.0,1.0,1.0,0.0,1.0
811,0.5,0.0,0.0,0.0,0.5,0.0,0.0,0.0,0.4,0.6,1.0,0.0,1.0
812,1.0,0.0,0.0,0.0,0.0,0.0,0.0,0.5,0.2,0.3,1.0,0.0,1.0
813,0.3,0.2,0.0,0.0,0.5,0.0,0.0,0.0,0.0,1.0,1.0,0.0,1.0
814,1.0,0.0,0.0,0.0,0.0,0.0,0.0,0.5,0.2,0.3,1.0,0.0,1.0
815,0.3,0.2,0.0,0.0,0.5,0.0,0.0,0.0,0.0,1.0,1.0,0.0,1.0
816,0.3,0.2,0.0,0.0,0.5,0.0,0.0,0.0,0.0,1.0,1.0,0.0,1.0
817,0.3,0.2,0.0,0.0,0.5,0.0,0.0,0.0,0.0,1.0,1.0,0.0,1.0
818,0.3,0.2,0.0,0.0,0.5,0.0,0.0,0.0,0.0,1.0,1.0,0.0,1.0
819,0.5,0.0,0.0,0.0,0.5,0.0,0.0,0.0,0.4,0.6,1.0,0.0,1.0
820,0.5,0.0,0.0,0.0,0.5,0.0,0.0,0.0,0.4,0.6,1.0,0.0,1.0
821,0.3,0.2,0.0,0.0,0.5,0.0,0.0,0.0,0.0,1.0,1.0,0.0,1.0
822,1.0,0.0,0.0,0.0,0.0,0.0,0.0,0.5,0.2,0.3,1.0,0.0,1.0
823,1.0,0.0,0.0,0.0,0.0,0.0,0.0,0.5,0.2,0.3,1.0,0.0,1.0
824,1.0,0.0,0.0,0.0,0.0,0.0,0.0,0.5,0.2,0.3,1.0,0.0,1.0
825,1.0,0.0,0.0,0.0,0.0,0.0,0.0,0.5,0.2,0.3,1.0,0.0,1.0
826,1.0,0.0,0.0,0.0,0.0,0.0,0.0,0.5,0.2,0.3,1.0,0.0,1.0
827,1.0,0.0,0.0,0.0,0.0,0.0,0.0,0.5,0.2,0.3,1.0,0.0,1.0
828,1.0,0.0,0.0,0.0,0.0,0.0,0.0,0.5,0.2,0.3,1.0,0.0,1.0
829,0.5,0.0,0.0,0.0,0.5,0.0,0.0,0.0,0.4,0.6,1.0,0.0,1.0
830,1.0,0.0,0.0,0.0,0.0,0.0,0.0,0.5,0.2,0.3,1.0,0.0,1.0
831,0.3,0.2,0.0,0.0,0.5,0.0,0.0,0.0,0.0,1.0,1.0,0.0,1.0
832,0.3,0.2,0.0,0.0,0.5,0.0,0.0,0.0,0.0,1.0,1.0,0.0,1.0
833,0.5,0.0,0.0,0.0,0.5,0.0,0.0,0.0,0.4,0.6,1.0,0.0,1.0
834,0.5,0.0,0.0,0.0,0.5,0.0,0.0,0.0,0.4,0.6,1.0,0.0,1.0
835,0.5,0.0,0.0,0.0,0.5,0.0,0.0,0.0,0.4,0.6,1.0,0.0,1.0
836,1.0,0.0,0.0,0.0,0.0,0.0,0.0,0.5,0.2,0.3,1.0,0.0,1.0
837,1.0,0.0,0.0,0.0,0.0,0.0,0.0,0.5,0.2,0.3,1.0,0.0,1.0
838,0.3,0.2,0.0,0.0,0.5,0.0,0.0,0.0,0.0,1.0,1.0,0.0,1.0
839,0.3,0.2,0.0,0.0,0.5,0.0,0.0,0.0,0.0,1.0,1.0,0.0,1.0
840,0.3,0.2,0.0,0.0,0.5,0.0,0.0,0.0,0.0,1.0,1.0,0.0,1.0
841,0.5,0.0,0.0,0.0,0.5,0.0,0.0,0.0,0.4,0.6,1.0,0.0,1.0
842,0.5,0.0,0.0,0.0,0.5,0.0,0.0,0.0,0.4,0.6,1.0,0.0,1.0
843,0.5,0.0,0.0,0.0,0.5,0.0,0.0,0.0,0.4,0.6,1.0,0.0,1.0
844,0.5,0.0,0.0,0.0,0.5,0.0,0.0,0.0,0.4,0.6,1.0,0.0,1.0
845,0.5,0.0,0.0,0.0,0.5,0.0,0.0,0.0,0.4,0.6,1.0,0.0,1.0
846,0.3,0.2,0.0,0.0,0.5,0.0,0.0,0.0,0.0,1.0,1.0,0.0,1.0
847,0.3,0.2,0.0,0.0,0.5,0.0,0.0,0.0,0.0,1.0,1.0,0.0,1.0
848,0.375,0.0,0.0,0.25,0.375,0.0,0.0,0.0,0.4,0.6,1.0,0.0,1.0
849,0.5,0.0,0.0,0.0,0.5,0.0,0.0,0.0,0.4,0.6,1.0,0.0,1.0
850,0.2857142857142857,0.0,0.0,0.42857142857142855,0.2857142857142857,0.0,0.0,0.0,0.4,0.6,1.0,0.0,1.0
851,0.5,0.0,0.0,0.0,0.5,0.0,0.0,0.0,0.4,0.6,1.0,0.0,1.0
852,1.0,0.0,0.0,0.0,0.0,0.0,0.0,0.5,0.2,0.3,1.0,0.0,1.0
853,0.5,0.0,0.0,0.0,0.5,0.0,0.0,0.0,0.4,0.6,1.0,0.0,1.0
854,0.5,0.0,0.0,0.0,0.5,0.0,0.0,0.0,0.4,0.6,1.0,0.0,1.0
855,1.0,0.0,0.0,0.0,0.0,0.0,0.0,0.5,0.2,0.3,1.0,0.0,1.0
856,0.5,0.3333333333333333,0.0,0.0,0.16666666666666666,0.8,0.0,0.0,0.0,0.2,1.0,0.0,1.0
857,0.5,0.3333333333333333,0.0,0.0,0.16666666666666666,0.8,0.0,0.0,0.0,0.2,1.0,0.0,1.0
858,0.46153846153846156,0.3076923076923077,0.0,0.0,0.23076923076923078,0.7,0.0,0.0,0.0,0.3,1.0,0.0,1.0
859,0.42857142857142855,0.2857142857142857,0.0,0.0,0.2857142857142857,0.6,0.0,0.0,0.0,0.4,1.0,0.0,1.0
860,0.5,0.3333333333333333,0.0,0.0,0.16666666666666666,0.8,0.0,0.0,0.0,0.2,1.0,0.0,1.0
861,0.5,0.0,0.0,0.0,0.5,0.0,0.0,0.0,0.4,0.6,1.0,0.0,1.0
862,0.5,0.0,0.0,0.0,0.5,0.0,0.0,0.0,0.4,0.6,1.0,0.0,1.0
863,0.5,0.0,0.0,0.0,0.5,0.0,0.0,0.0,0.4,0.6,1.0,0.0,1.0
864,1.0,0.0,0.0,0.0,0.0,0.0,0.0,0.5,0.2,0.3,1.0,0.0,1.0
865,0.6,0.4,0.0,0.0,0.0,0.6666666666666666,0.0,0.16666666666666666,0.0,0.16666666666666666,1.0,0.0,1.0
866,0.6,0.4,0.0,0.0,0.0,0.6666666666666666,0.0,0.16666666666666666,0.0,0.16666666666666666,1.0,0.0,1.0
867,0.6,0.4,0.0,0.0,0.0,0.6666666666666666,0.0,0.16666666666666666,0.0,0.16666666666666666,1.0,0.0,1.0
868,0.5,0.0,0.0,0.0,0.5,0.0,0.0,0.0,0.4,0.6,1.0,0.0,1.0
869,0.5,0.0,0.0,0.0,0.5,0.0,0.0,0.0,0.4,0.6,1.0,0.0,1.0
870,0.5,0.0,0.0,0.0,0.5,0.0,0.0,0.0,0.4,0.6,1.0,0.0,1.0
871,0.5,0.0,0.0,0.0,0.5,0.0,0.0,0.0,0.4,0.6,1.0,0.0,1.0
872,0.5,0.0,0.0,0.0,0.5,0.0,0.0,0.0,0.4,0.6,1.0,0.0,1.0
873,0.5,0.0,0.0,0.0,0.5,0.0,0.0,0.0,0.4,0.6,1.0,0.0,1.0
874,0.5,0.0,0.0,0.0,0.5,0.0,0.0,0.0,0.4,0.6,1.0,0.0,1.0
875,0.5,0.0,0.0,0.0,0.5,0.0,0.0,0.0,0.4,0.6,1.0,0.0,1.0
876,0.5,0.0,0.0,0.0,0.5,0.0,0.0,0.0,0.4,0.6,1.0,0.0,1.0
877,0.5,0.0,0.0,0.0,0.5,0.0,0.0,0.0,0.4,0.6,1.0,0.0,1.0
878,0.5,0.0,0.0,0.0,0.5,0.0,0.0,0.0,0.4,0.6,1.0,0.0,1.0
879,0.5,0.0,0.0,0.0,0.5,0.0,0.0,0.0,0.4,0.6,1.0,0.0,1.0
880,0.5,0.0,0.0,0.0,0.5,0.0,0.0,0.0,0.4,0.6,1.0,0.0,1.0
881,0.5,0.0,0.0,0.0,0.5,0.0,0.0,0.0,0.4,0.6,1.0,0.0,1.0
882,0.5,0.0,0.0,0.0,0.5,0.0,0.0,0.0,0.4,0.6,1.0,0.0,1.0
883,0.6,0.4,0.0,0.0,0.0,0.6666666666666666,0.0,0.16666666666666666,0.0,0.16666666666666666,1.0,0.0,1.0
884,0.6,0.4,0.0,0.0,0.0,0.5384615384615384,0.0,0.23076923076923078,0.0,0.23076923076923078,1.0,0.0,1.0
885,0.5,0.0,0.0,0.0,0.5,0.0,0.0,0.0,0.4,0.6,1.0,0.0,1.0
886,0.5,0.0,0.0,0.0,0.5,0.0,0.0,0.0,0.4,0.6,1.0,0.0,1.0
887,0.3,0.2,0.0,0.0,0.5,0.0,0.0,0.0,0.0,1.0,1.0,0.0,1.0
888,0.3,0.2,0.0,0.0,0.5,0.0,0.0,0.0,0.0,1.0,1.0,0.0,1.0
889,0.3,0.2,0.0,0.0,0.5,0.0,0.0,0.0,0.0,1.0,1.0,0.0,1.0
890,0.5,0.0,0.0,0.0,0.5,0.0,0.0,0.0,0.4,0.6,1.0,0.0,1.0
891,0.5,0.0,0.0,0.0,0.5,0.0,0.0,0.0,0.4,0.6,1.0,0.0,1.0
892,0.4,0.26666666666666666,0.0,0.0,0.3333333333333333,0.5,0.0,0.0,0.0,0.5,1.0,0.0,1.0
893,0.46153846153846156,0.3076923076923077,0.0,0.0,0.23076923076923078,0.7,0.0,0.0,0.0,0.3,1.0,0.0,1.0
894,0.6,0.4,0.0,0.0,0.0,0.6666666666666666,0.0,0.16666666666666666,0.0,0.16666666666666666,1.0,0.0,1.0
895,0.6,0.4,0.0,0.0,0.0,0.5384615384615384,0.0,0.23076923076923078,0.0,0.23076923076923078,1.0,0.0,1.0
896,0.6,0.4,0.0,0.0,0.0,0.42857142857142855,0.0,0.2857142857142857,0.0,0.2857142857142857,1.0,0.0,1.0
897,0.6,0.4,0.0,0.0,0.0,0.25,0.0,0.375,0.0,0.375,1.0,0.0,1.0
898,0.7,0.0,0.0,0.3,0.0,0.5,0.2857142857142857,0.0,0.0,0.21428571428571427,1.0,0.0,1.0
899,0.7,0.0,0.0,0.3,0.0,0.5,0.2857142857142857,0.0,0.0,0.21428571428571427,1.0,0.0,1.0
900,0.8,0.0,0.0,0.2,0.0,0.5714285714285714,0.2857142857142857,0.0,0.0,0.14285714285714285,1.0,0.0,1.0
901,0.5,0.0,0.0,0.0,0.5,0.0,0.0,0.0,0.4,0.6,1.0,0.0,1.0
902,0.5,0.0,0.0,0.0,0.5,0.0,0.0,0.0,0.4,0.6,1.0,0.0,1.0
903,0.6,0.4,0.0,0.0,0.0,0.5384615384615384,0.0,0.23076923076923078,0.0,0.23076923076923078,1.0,0.0,1.0
904,0.6,0.4,0.0,0.0,0.0,0.5384615384615384,0.0,0.23076923076923078,0.0,0.23076923076923078,1.0,0.0,1.0
905,0.6,0.4,0.0,0.0,0.0,0.5384615384615384,0.0,0.23076923076923078,0.0,0.23076923076923078,1.0,0.0,1.0
906,0.6,0.4,0.0,0.0,0.0,0.3333333333333333,0.0,0.3333333333333333,0.0,0.3333333333333333,1.0,0.0,1.0
907,0.2,0.0,0.0,0.8,0.0,0.14285714285714285,0.2857142857142857,0.0,0.0,0.5714285714285714,1.0,0.0,1.0
908,0.3,0.0,0.0,0.7,0.0,0.21428571428571427,0.2857142857142857,0.0,0.0,0.5,1.0,0.0,1.0
909,0.2,0.0,0.0,0.8,0.0,0.14285714285714285,0.2857142857142857,0.0,0.0,0.5714285714285714,1.0,0.0,1.0
910,0.3,0.0,0.0,0.7,0.0,0.0,0.0,0.23076923076923078,0.3076923076923077,0.46153846153846156,1.0,0.0,1.0
911,0.5,0.0,0.0,0.5,0.0,0.35714285714285715,0.2857142857142857,0.0,0.0,0.35714285714285715,1.0,0.0,1.0
912,0.6,0.4,0.0,0.0,0.0,0.6666666666666666,0.0,0.16666666666666666,0.0,0.16666666666666666,1.0,0.0,1.0
913,0.6,0.4,0.0,0.0,0.0,0.6666666666666666,0.0,0.16666666666666666,0.0,0.16666666666666666,1.0,0.0,1.0
914,0.6,0.4,0.0,0.0,0.0,0.6666666666666666,0.0,0.16666666666666666,0.0,0.16666666666666666,1.0,0.0,1.0
915,0.6,0.4,0.0,0.0,0.0,0.6666666666666666,0.0,0.16666666666666666,0.0,0.16666666666666666,1.0,0.0,1.0
916,0.6,0.4,0.0,0.0,0.0,0.6666666666666666,0.0,0.16666666666666666,0.0,0.16666666666666666,1.0,0.0,1.0
917,0.6,0.4,0.0,0.0,0.0,0.6666666666666666,0.0,0.16666666666666666,0.0,0.16666666666666666,1.0,0.0,1.0
918,0.6,0.4,0.0,0.0,0.0,0.6666666666666666,0.0,0.16666666666666666,0.0,0.16666666666666666,1.0,0.0,1.0
919,0.6,0.4,0.0,0.0,0.0,0.6666666666666666,0.0,0.16666666666666666,0.0,0.16666666666666666,1.0,0.0,1.0
920,0.6,0.4,0.0,0.0,0.0,0.6666666666666666,0.0,0.16666666666666666,0.0,0.16666666666666666,1.0,0.0,1.0
921,0.6,0.4,0.0,0.0,0.0,0.5384615384615384,0.0,0.23076923076923078,0.0,0.23076923076923078,1.0,0.0,1.0
922,0.6,0.4,0.0,0.0,0.0,0.6666666666666666,0.0,0.16666666666666666,0.0,0.16666666666666666,1.0,0.0,1.0
923,0.2857142857142857,0.0,0.0,0.42857142857142855,0.2857142857142857,0.0,0.0,0.0,0.4,0.6,1.0,0.0,1.0
924,0.16666666666666666,0.0,0.0,0.6666666666666666,0.16666666666666666,0.0,0.0,0.0,0.4,0.6,1.0,0.0,1.0
925,0.16666666666666666,0.0,0.0,0.6666666666666666,0.16666666666666666,0.0,0.0,0.0,0.4,0.6,1.0,0.0,1.0
926,0.16666666666666666,0.0,0.0,0.6666666666666666,0.16666666666666666,0.0,0.0,0.0,0.4,0.6,1.0,0.0,1.0
927,0.3,0.2,0.0,0.0,0.5,0.0,0.0,0.0,0.0,1.0,1.0,0.0,1.0
928,0.3,0.2,0.0,0.0,0.5,0.0,0.0,0.0,0.0,1.0,1.0,0.0,1.0
929,0.3,0.2,0.0,0.0,0.5,0.0,0.0,0.0,0.0,1.0,1.0,0.0,1.0
930,0.6,0.4,0.0,0.0,0.0,0.0,0.0,0.5,0.0,0.5,1.0,0.0,1.0
931,0.6,0.4,0.0,0.0,0.0,0.6666666666666666,0.0,0.16666666666666666,0.0,0.16666666666666666,1.0,0.0,1.0
932,0.6,0.4,0.0,0.0,0.0,0.6666666666666666,0.0,0.16666666666666666,0.0,0.16666666666666666,1.0,0.0,1.0
933,0.6,0.4,0.0,0.0,0.0,0.6666666666666666,0.0,0.16666666666666666,0.0,0.16666666666666666,1.0,0.0,1.0
934,0.5,0.0,0.0,0.0,0.5,0.0,0.0,0.0,0.4,0.6,1.0,0.0,1.0
935,0.3,0.2,0.0,0.0,0.5,0.0,0.0,0.0,0.0,1.0,1.0,0.0,1.0
936,0.6,0.4,0.0,0.0,0.0,0.6666666666666666,0.0,0.16666666666666666,0.0,0.16666666666666666,1.0,0.0,1.0
937,0.3,0.2,0.0,0.0,0.5,0.0,0.0,0.0,0.0,1.0,1.0,0.0,1.0
938,0.3,0.2,0.0,0.0,0.5,0.0,0.0,0.0,0.0,1.0,1.0,0.0,1.0
939,0.3,0.2,0.0,0.0,0.5,0.0,0.0,0.0,0.0,1.0,1.0,0.0,1.0
940,0.3,0.2,0.0,0.0,0.5,0.0,0.0,0.0,0.0,1.0,1.0,0.0,1.0
941,0.3,0.2,0.0,0.0,0.5,0.0,0.0,0.0,0.0,1.0,1.0,0.0,1.0
942,0.3,0.2,0.0,0.0,0.5,0.0,0.0,0.0,0.0,1.0,1.0,0.0,1.0
943,0.3,0.2,0.0,0.0,0.5,0.0,0.0,0.0,0.0,1.0,1.0,0.0,1.0
944,0.3,0.2,0.0,0.0,0.5,0.0,0.0,0.0,0.0,1.0,1.0,0.0,1.0
945,0.3,0.2,0.0,0.0,0.5,0.0,0.0,0.0,0.0,1.0,1.0,0.0,1.0
946,0.3,0.2,0.0,0.0,0.5,0.0,0.0,0.0,0.0,1.0,1.0,0.0,1.0
947,1.0,0.0,0.0,0.0,0.0,0.0,0.0,0.5,0.2,0.3,1.0,0.0,1.0
948,1.0,0.0,0.0,0.0,0.0,0.0,0.0,0.5,0.2,0.3,1.0,0.0,1.0
949,0.3,0.2,0.0,0.0,0.5,0.0,0.0,0.0,0.0,1.0,1.0,0.0,1.0
950,0.3,0.2,0.0,0.0,0.5,0.0,0.0,0.0,0.0,1.0,1.0,0.0,1.0
951,1.0,0.0,0.0,0.0,0.0,0.0,0.0,0.5,0.2,0.3,1.0,0.0,1.0
952,0.5,0.0,0.0,0.0,0.5,0.0,0.0,0.0,0.4,0.6,1.0,0.0,1.0
953,0.5,0.0,0.0,0.0,0.5,0.0,0.0,0.0,0.4,0.6,1.0,0.0,1.0
954,1.0,0.0,0.0,0.0,0.0,0.0,0.0,0.5,0.2,0.3,1.0,0.0,1.0
955,0.5,0.3333333333333333,0.0,0.0,0.16666666666666666,0.8,0.0,0.0,0.0,0.2,1.0,0.0,1.0
956,0.6,0.4,0.0,0.0,0.0,0.6666666666666666,0.0,0.16666666666666666,0.0,0.16666666666666666,1.0,0.0,1.0
957,0.5,0.0,0.0,0.0,0.5,0.0,0.0,0.0,0.4,0.6,1.0,0.0,1.0
958,0.5,0.0,0.0,0.0,0.5,0.0,0.0,0.0,0.4,0.6,1.0,0.0,1.0
959,0.5,0.0,0.0,0.0,0.5,0.0,0.0,0.0,0.4,0.6,1.0,0.0,1.0
960,0.5,0.0,0.0,0.0,0.5,0.0,0.0,0.0,0.4,0.6,1.0,0.0,1.0
961,1.0,0.0,0.0,0.0,0.0,0.0,0.0,0.5,0.2,0.3,1.0,0.0,1.0
962,1.0,0.0,0.0,0.0,0.0,0.0,0.0,0.5,0.2,0.3,1.0,0.0,1.0
963,1.0,0.0,0.0,0.0,0.0,0.0,0.0,0.5,0.2,0.3,1.0,0.0,1.0
964,0.3,0.2,0.0,0.0,0.5,0.0,0.0,0.0,0.0,1.0,1.0,0.0,1.0
965,0.5,0.0,0.0,0.0,0.5,0.0,0.0,0.0,0.4,0.6,1.0,0.0,1.0
966,0.6,0.4,0.0,0.0,0.0,0.25,0.0,0.375,0.0,0.375,1.0,0.0,1.0
967,0.2,0.0,0.0,0.8,0.0,0.0,0.0,0.16666666666666666,0.3333333333333333,0.5,1.0,0.0,1.0
968,1.0,0.0,0.0,0.0,0.0,0.0,0.0,0.5,0.2,0.3,1.0,0.0,1.0
969,0.2,0.0,0.0,0.8,0.0,0.0,0.0,0.16666666666666666,0.3333333333333333,0.5,1.0,0.0,1.0
970,0.5,0.3333333333333333,0.0,0.0,0.16666666666666666,0.8,0.0,0.0,0.0,0.2,1.0,0.0,1.0
971,0.2,0.0,0.0,0.8,0.0,0.0,0.0,0.16666666666666666,0.3333333333333333,0.5,1.0,0.0,1.0
972,0.2,0.0,0.0,0.8,0.0,0.0,0.0,0.16666666666666666,0.3333333333333333,0.5,1.0,0.0,1.0
973,0.6,0.4,0.0,0.0,0.0,0.5384615384615384,0.0,0.23076923076923078,0.0,0.23076923076923078,1.0,0.0,1.0
974,1.0,0.0,0.0,0.0,0.0,0.0,0.0,0.5,0.2,0.3,1.0,0.0,1.0
975,0.5,0.0,0.0,0.0,0.5,0.0,0.0,0.0,0.4,0.6,1.0,0.0,1.0
976,0.5,0.0,0.0,0.0,0.5,0.0,0.0,0.0,0.4,0.6,1.0,0.0,1.0
977,0.46153846153846156,0.3076923076923077,0.0,0.0,0.23076923076923078,0.7,0.0,0.0,0.0,0.3,1.0,0.0,1.0
978,1.0,0.0,0.0,0.0,0.0,0.0,0.0,0.5,0.2,0.3,1.0,0.0,1.0
979,1.0,0.0,0.0,0.0,0.0,0.0,0.0,0.5,0.2,0.3,1.0,0.0,1.0
980,0.5,0.0,0.0,0.0,0.5,0.0,0.0,0.0,0.4,0.6,1.0,0.0,1.0
981,0.5,0.0,0.0,0.0,0.5,0.0,0.0,0.0,0.4,0.6,1.0,0.0,1.0
982,0.5,0.0,0.0,0.0,0.5,0.0,0.0,0.0,0.4,0.6,1.0,0.0,1.0
983,0.5,0.0,0.0,0.0,0.5,0.0,0.0,0.0,0.4,0.6,1.0,0.0,1.0
984,0.5,0.0,0.0,0.0,0.5,0.0,0.0,0.0,0.4,0.6,1.0,0.0,1.0
985,0.5,0.0,0.0,0.0,0.5,0.0,0.0,0.0,0.4,0.6,1.0,0.0,1.0
986,0.5,0.0,0.0,0.0,0.5,0.0,0.0,0.0,0.4,0.6,1.0,0.0,1.0
987,0.5,0.0,0.0,0.0,0.5,0.0,0.0,0.0,0.4,0.6,1.0,0.0,1.0
988,0.5,0.0,0.0,0.0,0.5,0.0,0.0,0.0,0.4,0.6,1.0,0.0,1.0
989,0.5,0.0,0.0,0.0,0.5,0.0,0.0,0.0,0.4,0.6,1.0,0.0,1.0
990,0.5,0.0,0.0,0.0,0.5,0.0,0.0,0.0,0.4,0.6,1.0,0.0,1.0
991,0.5,0.0,0.0,0.0,0.5,0.0,0.0,0.0,0.4,0.6,1.0,0.0,1.0
992,0.5,0.0,0.0,0.0,0.5,0.0,0.0,0.0,0.4,0.6,1.0,0.0,1.0
993,0.5,0.0,0.0,0.0,0.5,0.0,0.0,0.0,0.4,0.6,1.0,0.0,1.0
994,1.0,0.0,0.0,0.0,0.0,0.0,0.0,0.5,0.2,0.3,1.0,0.0,1.0
995,0.3333333333333333,0.2222222222222222,0.0,0.0,0.4444444444444444,0.2,0.0,0.0,0.0,0.8,1.0,0.0,1.0
996,0.6,0.4,0.0,0.0,0.0,0.42857142857142855,0.0,0.2857142857142857,0.0,0.2857142857142857,1.0,0.0,1.0
997,0.6,0.4,0.0,0.0,0.0,0.6666666666666666,0.0,0.16666666666666666,0.0,0.16666666666666666,1.0,0.0,1.0
998,0.6,0.4,0.0,0.0,0.0,0.6666666666666666,0.0,0.16666666666666666,0.0,0.16666666666666666,1.0,0.0,1.0
999,1.0,0.0,0.0,0.0,0.0,0.0,0.0,0.5,0.2,0.3,1.0,0.0,1.0
1000,1.0,0.0,0.0,0.0,0.0,0.0,0.0,0.5,0.2,0.3,1.0,0.0,1.0
1001,1.0,0.0,0.0,0.0,0.0,0.0,0.0,0.5,0.2,0.3,1.0,0.0,1.0
1002,1.0,0.0,0.0,0.0,0.0,0.0,0.0,0.5,0.2,0.3,1.0,0.0,1.0
1003,0.6,0.4,0.0,0.0,0.0,0.25,0.0,0.375,0.0,0.375,1.0,0.0,1.0
1004,1.0,0.0,0.0,0.0,0.0,0.0,0.0,0.5,0.2,0.3,1.0,0.0,1.0
1005,1.0,0.0,0.0,0.0,0.0,0.0,0.0,0.5,0.2,0.3,1.0,0.0,1.0
1006,1.0,0.0,0.0,0.0,0.0,0.0,0.0,0.5,0.2,0.3,1.0,0.0,1.0
1007,1.0,0.0,0.0,0.0,0.0,0.0,0.0,0.5,0.2,0.3,1.0,0.0,1.0
1008,1.0,0.0,0.0,0.0,0.0,0.0,0.0,0.5,0.2,0.3,1.0,0.0,1.0
1009,1.0,0.0,0.0,0.0,0.0,0.0,0.0,0.5,0.2,0.3,1.0,0.0,1.0
1010,1.0,0.0,0.0,0.0,0.0,0.0,0.0,0.5,0.2,0.3,1.0,0.0,1.0
1011,0.5,0.0,0.0,0.0,0.5,0.0,0.0,0.0,0.4,0.6,1.0,0.0,1.0
1012,0.6,0.4,0.0,0.0,0.0,0.0,0.0,0.5,0.0,0.5,1.0,0.0,1.0
1013,0.5,0.0,0.0,0.0,0.5,0.0,0.0,0.0,0.4,0.6,1.0,0.0,1.0
1014,0.5,0.0,0.0,0.0,0.5,0.0,0.0,0.0,0.4,0.6,1.0,0.0,1.0
1015,1.0,0.0,0.0,0.0,0.0,0.0,0.0,0.5,0.2,0.3,1.0,0.0,1.0
1016,1.0,0.0,0.0,0.0,0.0,0.0,0.0,0.5,0.2,0.3,1.0,0.0,1.0
1017,1.0,0.0,0.0,0.0,0.0,0.0,0.0,0.5,0.2,0.3,1.0,0.0,1.0
1018,1.0,0.0,0.0,0.0,0.0,0.0,0.0,0.5,0.2,0.3,1.0,0.0,1.0
1019,1.0,0.0,0.0,0.0,0.0,0.0,0.0,0.5,0.2,0.3,1.0,0.0,1.0
1020,1.0,0.0,0.0,0.0,0.0,0.0,0.0,0.5,0.2,0.3,1.0,0.0,1.0
1021,1.0,0.0,0.0,0.0,0.0,0.0,0.0,0.5,0.2,0.3,1.0,0.0,1.0
1022,1.0,0.0,0.0,0.0,0.0,0.0,0.0,0.5,0.2,0.3,1.0,0.0,1.0
1023,1.0,0.0,0.0,0.0,0.0,0.0,0.0,0.5,0.2,0.3,1.0,0.0,1.0
1024,1.0,0.0,0.0,0.0,0.0,0.0,0.0,0.5,0.2,0.3,1.0,0.0,1.0
1025,1.0,0.0,0.0,0.0,0.0,0.0,0.0,0.5,0.2,0.3,1.0,0.0,1.0
1026,1.0,0.0,0.0,0.0,0.0,0.0,0.0,0.5,0.2,0.3,1.0,0.0,1.0
1027,1.0,0.0,0.0,0.0,0.0,0.0,0.0,0.5,0.2,0.3,1.0,0.0,1.0
1028,0.5,0.0,0.0,0.0,0.5,0.0,0.0,0.0,0.4,0.6,1.0,0.0,1.0
1029,0.5714285714285714,0.0,0.2857142857142857,0.14285714285714285,0.0,0.8,0.0,0.0,0.0,0.2,1.0,0.0,1.0
1030,0.5714285714285714,0.0,0.2857142857142857,0.14285714285714285,0.0,0.8,0.0,0.0,0.0,0.2,1.0,0.0,1.0
1031,0.5,0.0,0.0,0.0,0.5,0.0,0.0,0.0,0.4,0.6,1.0,0.0,1.0
1032,0.2,0.0,0.0,0.8,0.0,0.0,0.0,0.16666666666666666,0.3333333333333333,0.5,1.0,0.0,1.0
1033,0.5,0.0,0.2857142857142857,0.21428571428571427,0.0,0.7,0.0,0.0,0.0,0.3,1.0,0.0,1.0
1034,0.5714285714285714,0.0,0.2857142857142857,0.14285714285714285,0.0,0.8,0.0,0.0,0.0,0.2,1.0,0.0,1.0
1035,0.5,0.0,0.2857142857142857,0.21428571428571427,0.0,0.7,0.0,0.0,0.0,0.3,1.0,0.0,1.0
1036,0.14285714285714285,0.0,0.2857142857142857,0.5714285714285714,0.0,0.2,0.0,0.0,0.0,0.8,1.0,0.0,1.0
1037,1.0,0.0,0.0,0.0,0.0,0.0,0.0,0.5,0.2,0.3,1.0,0.0,1.0
1038,1.0,0.0,0.0,0.0,0.0,0.0,0.0,0.5,0.2,0.3,1.0,0.0,1.0
1039,1.0,0.0,0.0,0.0,0.0,0.0,0.0,0.5,0.2,0.3,1.0,0.0,1.0
1040,1.0,0.0,0.0,0.0,0.0,0.0,0.0,0.5,0.2,0.3,1.0,0.0,1.0
1041,1.0,0.0,0.0,0.0,0.0,0.0,0.0,0.5,0.2,0.3,1.0,0.0,1.0
1042,0.7142857142857143,0.0,0.2857142857142857,0.0,0.0,0.6666666666666666,0.0,0.16666666666666666,0.0,0.16666666666666666,1.0,0.0,1.0
1043,1.0,0.0,0.0,0.0,0.0,0.0,0.0,0.5,0.2,0.3,1.0,0.0,1.0
1044,0.5,0.0,0.0,0.0,0.5,0.0,0.0,0.0,0.4,0.6,1.0,0.0,1.0
1045,0.5,0.0,0.0,0.0,0.5,0.0,0.0,0.0,0.4,0.6,1.0,0.0,1.0
1046,0.5,0.0,0.0,0.0,0.5,0.0,0.0,0.0,0.4,0.6,1.0,0.0,1.0
1047,1.0,0.0,0.0,0.0,0.0,0.0,0.0,0.5,0.2,0.3,1.0,0.0,1.0
1048,0.5,0.0,0.0,0.0,0.5,0.0,0.0,0.0,0.4,0.6,1.0,0.0,1.0
1049,0.5,0.0,0.0,0.0,0.5,0.0,0.0,0.0,0.4,0.6,1.0,0.0,1.0
1050,0.5,0.0,0.0,0.0,0.5,0.0,0.0,0.0,0.4,0.6,1.0,0.0,1.0
1051,0.5,0.0,0.0,0.0,0.5,0.0,0.0,0.0,0.4,0.6,1.0,0.0,1.0
1052,0.5,0.0,0.0,0.0,0.5,0.0,0.0,0.0,0.4,0.6,1.0,0.0,1.0
1053,1.0,0.0,0.0,0.0,0.0,0.0,0.0,0.5,0.2,0.3,1.0,0.0,1.0
1054,1.0,0.0,0.0,0.0,0.0,0.0,0.0,0.5,0.2,0.3,1.0,0.0,1.0
1055,1.0,0.0,0.0,0.0,0.0,0.0,0.0,0.5,0.2,0.3,1.0,0.0,1.0
1056,1.0,0.0,0.0,0.0,0.0,0.0,0.0,0.5,0.2,0.3,1.0,0.0,1.0
1057,1.0,0.0,0.0,0.0,0.0,0.0,0.0,0.5,0.2,0.3,1.0,0.0,1.0
1058,1.0,0.0,0.0,0.0,0.0,0.0,0.0,0.5,0.2,0.3,1.0,0.0,1.0
1059,1.0,0.0,0.0,0.0,0.0,0.0,0.0,0.5,0.2,0.3,1.0,0.0,1.0
1060,1.0,0.0,0.0,0.0,0.0,0.0,0.0,0.5,0.2,0.3,1.0,0.0,1.0
1061,1.0,0.0,0.0,0.0,0.0,0.0,0.0,0.5,0.2,0.3,1.0,0.0,1.0
1062,1.0,0.0,0.0,0.0,0.0,0.0,0.0,0.5,0.2,0.3,1.0,0.0,1.0
1063,1.0,0.0,0.0,0.0,0.0,0.0,0.0,0.5,0.2,0.3,1.0,0.0,1.0
1064,1.0,0.0,0.0,0.0,0.0,0.0,0.0,0.5,0.2,0.3,1.0,0.0,1.0
1065,1.0,0.0,0.0,0.0,0.0,0.0,0.0,0.5,0.2,0.3,1.0,0.0,1.0
1066,1.0,0.0,0.0,0.0,0.0,0.0,0.0,0.5,0.2,0.3,1.0,0.0,1.0
1067,0.5,0.0,0.0,0.0,0.5,0.0,0.0,0.0,0.4,0.6,1.0,0.0,1.0
1068,0.5,0.0,0.0,0.0,0.5,0.0,0.0,0.0,0.4,0.6,1.0,0.0,1.0
1069,0.5,0.0,0.0,0.0,0.5,0.0,0.0,0.0,0.4,0.6,1.0,0.0,1.0
1070,0.5,0.0,0.0,0.0,0.5,0.0,0.0,0.0,0.4,0.6,1.0,0.0,1.0
1071,0.5,0.0,0.0,0.0,0.5,0.0,0.0,0.0,0.4,0.6,1.0,0.0,1.0
1072,0.5,0.3333333333333333,0.0,0.0,0.16666666666666666,0.8,0.0,0.0,0.0,0.2,1.0,0.0,1.0
1073,0.6,0.4,0.0,0.0,0.0,0.6666666666666666,0.0,0.16666666666666666,0.0,0.16666666666666666,1.0,0.0,1.0
1074,0.6,0.4,0.0,0.0,0.0,0.6666666666666666,0.0,0.16666666666666666,0.0,0.16666666666666666,1.0,0.0,1.0
1075,0.6,0.4,0.0,0.0,0.0,0.6666666666666666,0.0,0.16666666666666666,0.0,0.16666666666666666,1.0,0.0,1.0
1076,0.6,0.4,0.0,0.0,0.0,0.42857142857142855,0.0,0.2857142857142857,0.0,0.2857142857142857,1.0,0.0,1.0
1077,0.5,0.0,0.0,0.0,0.5,0.0,0.0,0.0,0.4,0.6,1.0,0.0,1.0
1078,0.5,0.0,0.0,0.0,0.5,0.0,0.0,0.0,0.4,0.6,1.0,0.0,1.0
1079,0.5,0.0,0.0,0.0,0.5,0.0,0.0,0.0,0.4,0.6,1.0,0.0,1.0
1080,0.16666666666666666,0.0,0.0,0.6666666666666666,0.16666666666666666,0.0,0.0,0.0,0.4,0.6,1.0,0.0,1.0
1081,1.0,0.0,0.0,0.0,0.0,0.0,0.0,0.5,0.2,0.3,1.0,0.0,1.0
1082,1.0,0.0,0.0,0.0,0.0,0.0,0.0,0.5,0.2,0.3,1.0,0.0,1.0
1083,1.0,0.0,0.0,0.0,0.0,0.0,0.0,0.5,0.2,0.3,1.0,0.0,1.0
1084,0.5,0.0,0.0,0.0,0.5,0.0,0.0,0.0,0.4,0.6,1.0,0.0,1.0
1085,0.5,0.0,0.0,0.0,0.5,0.0,0.0,0.0,0.4,0.6,1.0,0.0,1.0
1086,0.5,0.0,0.0,0.0,0.5,0.0,0.0,0.0,0.4,0.6,1.0,0.0,1.0
1087,0.23076923076923078,0.0,0.0,0.5384615384615384,0.23076923076923078,0.0,0.0,0.0,0.4,0.6,1.0,0.0,1.0
1088,0.5,0.0,0.0,0.0,0.5,0.0,0.0,0.0,0.4,0.6,1.0,0.0,1.0
1089,0.5,0.0,0.0,0.0,0.5,0.0,0.0,0.0,0.4,0.6,1.0,0.0,1.0
1090,0.2,0.0,0.0,0.8,0.0,0.0,0.0,0.0,0.4,0.6,0.875,0.125,1.0
1091,0.2,0.0,0.0,0.8,0.0,0.0,0.0,0.0,0.4,0.6,0.875,0.125,1.0
1092,0.2,0.0,0.0,0.8,0.0,0.0,0.0,0.0,0.4,0.6,0.875,0.125,1.0
1093,0.6,0.4,0.0,0.0,0.0,0.5384615384615384,0.0,0.23076923076923078,0.0,0.23076923076923078,1.0,0.0,1.0
1094,0.6,0.4,0.0,0.0,0.0,0.6666666666666666,0.0,0.16666666666666666,0.0,0.16666666666666666,1.0,0.0,1.0
1095,0.16666666666666666,0.0,0.0,0.6666666666666666,0.16666666666666666,0.0,0.2857142857142857,0.0,0.0,0.7142857142857143,1.0,0.0,1.0
1096,0.3333333333333333,0.0,0.0,0.3333333333333333,0.3333333333333333,0.0,0.2857142857142857,0.0,0.0,0.7142857142857143,1.0,0.0,1.0
1097,0.5,0.0,0.0,0.0,0.5,0.0,0.0,0.0,0.4,0.6,1.0,0.0,1.0
1098,0.5,0.0,0.0,0.0,0.5,0.0,0.0,0.0,0.4,0.6,1.0,0.0,1.0
1099,0.5,0.0,0.0,0.0,0.5,0.0,0.0,0.0,0.4,0.6,1.0,0.0,1.0
1100,0.5,0.0,0.0,0.0,0.5,0.0,0.0,0.0,0.4,0.6,1.0,0.0,1.0
1101,0.5,0.0,0.0,0.0,0.5,0.0,0.0,0.0,0.4,0.6,1.0,0.0,1.0
1102,0.5,0.0,0.0,0.0,0.5,0.0,0.0,0.0,0.4,0.6,1.0,0.0,1.0
1103,0.16666666666666666,0.0,0.0,0.6666666666666666,0.16666666666666666,0.0,0.2857142857142857,0.0,0.0,0.7142857142857143,1.0,0.0,1.0
1104,0.16666666666666666,0.0,0.0,0.6666666666666666,0.16666666666666666,0.0,0.2857142857142857,0.0,0.0,0.7142857142857143,1.0,0.0,1.0
1105,0.16666666666666666,0.0,0.0,0.6666666666666666,0.16666666666666666,0.0,0.2857142857142857,0.0,0.0,0.7142857142857143,1.0,0.0,1.0
1106,0.16666666666666666,0.0,0.0,0.6666666666666666,0.16666666666666666,0.0,0.2857142857142857,0.0,0.0,0.7142857142857143,1.0,0.0,1.0
1107,0.16666666666666666,0.0,0.0,0.6666666666666666,0.16666666666666666,0.0,0.2857142857142857,0.0,0.0,0.7142857142857143,1.0,0.0,1.0
1108,0.16666666666666666,0.0,0.0,0.6666666666666666,0.16666666666666666,0.0,0.0,0.0,0.4,0.6,1.0,0.0,1.0
1109,0.5,0.3333333333333333,0.0,0.0,0.16666666666666666,0.8,0.0,0.0,0.0,0.2,1.0,0.0,1.0
1110,0.5,0.0,0.0,0.0,0.5,0.0,0.0,0.0,0.4,0.6,1.0,0.0,1.0
1111,0.5,0.0,0.0,0.0,0.5,0.0,0.0,0.0,0.4,0.6,1.0,0.0,1.0
1112,0.5,0.0,0.0,0.0,0.5,0.0,0.0,0.0,0.4,0.6,1.0,0.0,1.0
1113,0.14285714285714285,0.0,0.2857142857142857,0.5714285714285714,0.0,0.2,0.0,0.0,0.0,0.8,1.0,0.0,1.0
1114,0.16666666666666666,0.0,0.0,0.6666666666666666,0.16666666666666666,0.0,0.2857142857142857,0.0,0.0,0.7142857142857143,1.0,0.0,1.0
1115,0.16666666666666666,0.0,0.0,0.6666666666666666,0.16666666666666666,0.0,0.0,0.0,0.4,0.6,1.0,0.0,1.0
1116,0.16666666666666666,0.0,0.0,0.6666666666666666,0.16666666666666666,0.0,0.0,0.0,0.4,0.6,1.0,0.0,1.0
1117,0.23076923076923078,0.0,0.0,0.5384615384615384,0.23076923076923078,0.0,0.0,0.0,0.4,0.6,1.0,0.0,1.0
1118,0.16666666666666666,0.0,0.0,0.6666666666666666,0.16666666666666666,0.0,0.0,0.0,0.4,0.6,1.0,0.0,1.0
1119,0.5,0.0,0.0,0.0,0.5,0.0,0.0,0.0,0.4,0.6,1.0,0.0,1.0
1120,0.5,0.0,0.0,0.0,0.5,0.0,0.0,0.0,0.4,0.6,1.0,0.0,1.0
1121,0.5,0.0,0.0,0.0,0.5,0.0,0.0,0.0,0.4,0.6,1.0,0.0,1.0
1122,0.5,0.0,0.0,0.0,0.5,0.0,0.0,0.0,0.4,0.6,1.0,0.0,1.0
1123,0.5,0.0,0.0,0.0,0.5,0.0,0.0,0.0,0.4,0.6,1.0,0.0,1.0
1124,0.5,0.0,0.0,0.0,0.5,0.0,0.0,0.0,0.4,0.6,1.0,0.0,1.0
1125,0.5,0.0,0.0,0.0,0.5,0.0,0.0,0.0,0.4,0.6,1.0,0.0,1.0
1126,0.5,0.0,0.0,0.0,0.5,0.0,0.0,0.0,0.4,0.6,1.0,0.0,1.0
1127,0.5,0.0,0.0,0.0,0.5,0.0,0.0,0.0,0.4,0.6,1.0,0.0,1.0
1128,0.5,0.0,0.0,0.0,0.5,0.0,0.0,0.0,0.4,0.6,1.0,0.0,1.0
1129,0.5,0.0,0.0,0.0,0.5,0.0,0.0,0.0,0.4,0.6,1.0,0.0,1.0
1130,0.5,0.0,0.0,0.0,0.5,0.0,0.0,0.0,0.4,0.6,1.0,0.0,1.0
1131,0.5,0.0,0.0,0.0,0.5,0.0,0.0,0.0,0.4,0.6,1.0,0.0,1.0
1132,0.5,0.0,0.0,0.0,0.5,0.0,0.0,0.0,0.4,0.6,1.0,0.0,1.0
1133,0.5,0.0,0.0,0.0,0.5,0.0,0.0,0.0,0.4,0.6,1.0,0.0,1.0
1134,0.5,0.0,0.0,0.0,0.5,0.0,0.0,0.0,0.4,0.6,1.0,0.0,1.0
1135,0.5,0.0,0.0,0.0,0.5,0.0,0.0,0.0,0.4,0.6,1.0,0.0,1.0
1136,0.2,0.0,0.0,0.8,0.0,0.14285714285714285,0.2857142857142857,0.0,0.0,0.5714285714285714,1.0,0.0,1.0
1137,0.5,0.0,0.0,0.0,0.5,0.0,0.0,0.0,0.4,0.6,1.0,0.0,1.0
1138,0.3,0.2,0.0,0.0,0.5,0.0,0.0,0.0,0.0,1.0,1.0,0.0,1.0
1139,0.3,0.2,0.0,0.0,0.5,0.0,0.0,0.0,0.0,1.0,1.0,0.0,1.0
1140,0.5,0.3333333333333333,0.0,0.0,0.16666666666666666,0.8,0.0,0.0,0.0,0.2,1.0,0.0,1.0
1141,0.3,0.2,0.0,0.0,0.5,0.0,0.0,0.0,0.0,1.0,1.0,0.0,1.0
1142,0.3,0.2,0.0,0.0,0.5,0.0,0.0,0.0,0.0,1.0,1.0,0.0,1.0
1143,0.3,0.2,0.0,0.0,0.5,0.0,0.0,0.0,0.0,1.0,1.0,0.0,1.0
1144,0.5,0.0,0.0,0.0,0.5,0.0,0.0,0.0,0.4,0.6,1.0,0.0,1.0
1145,1.0,0.0,0.0,0.0,0.0,0.0,0.0,0.5,0.2,0.3,1.0,0.0,1.0
1146,1.0,0.0,0.0,0.0,0.0,0.0,0.0,0.5,0.2,0.3,1.0,0.0,1.0
1147,1.0,0.0,0.0,0.0,0.0,0.0,0.0,0.5,0.2,0.3,1.0,0.0,1.0
1148,1.0,0.0,0.0,0.0,0.0,0.0,0.0,0.5,0.2,0.3,1.0,0.0,1.0
1149,1.0,0.0,0.0,0.0,0.0,0.0,0.0,0.5,0.2,0.3,1.0,0.0,1.0
1150,1.0,0.0,0.0,0.0,0.0,0.0,0.0,0.5,0.2,0.3,1.0,0.0,1.0
1151,1.0,0.0,0.0,0.0,0.0,0.0,0.0,0.5,0.2,0.3,1.0,0.0,1.0
1152,1.0,0.0,0.0,0.0,0.0,0.0,0.0,0.5,0.2,0.3,1.0,0.0,1.0
1153,1.0,0.0,0.0,0.0,0.0,0.0,0.0,0.5,0.2,0.3,1.0,0.0,1.0
1154,1.0,0.0,0.0,0.0,0.0,0.0,0.0,0.5,0.2,0.3,1.0,0.0,1.0
1155,1.0,0.0,0.0,0.0,0.0,0.0,0.0,0.5,0.2,0.3,1.0,0.0,1.0
1156,0.3,0.2,0.0,0.0,0.5,0.0,0.0,0.0,0.0,1.0,1.0,0.0,1.0
1157,1.0,0.0,0.0,0.0,0.0,0.0,0.0,0.5,0.2,0.3,1.0,0.0,1.0
1158,1.0,0.0,0.0,0.0,0.0,0.0,0.0,0.5,0.2,0.3,1.0,0.0,1.0
1159,1.0,0.0,0.0,0.0,0.0,0.0,0.0,0.5,0.2,0.3,1.0,0.0,1.0
1160,1.0,0.0,0.0,0.0,0.0,0.0,0.0,0.5,0.2,0.3,1.0,0.0,1.0
1161,0.3,0.2,0.0,0.0,0.5,0.0,0.0,0.0,0.0,1.0,1.0,0.0,1.0
1162,1.0,0.0,0.0,0.0,0.0,0.0,0.0,0.5,0.2,0.3,1.0,0.0,1.0
1163,0.5,0.0,0.0,0.0,0.5,0.0,0.0,0.0,0.4,0.6,1.0,0.0,1.0
1164,0.5,0.0,0.0,0.0,0.5,0.0,0.0,0.0,0.4,0.6,1.0,0.0,1.0
1165,0.5,0.0,0.0,0.0,0.5,0.0,0.0,0.0,0.4,0.6,1.0,0.0,1.0
1166,0.5,0.0,0.0,0.0,0.5,0.0,0.0,0.0,0.4,0.6,1.0,0.0,1.0
1167,0.5,0.0,0.0,0.0,0.5,0.0,0.0,0.0,0.4,0.6,1.0,0.0,1.0
1168,0.6,0.4,0.0,0.0,0.0,0.8,0.0,0.0,0.0,0.2,0.875,0.125,1.0
1169,1.0,0.0,0.0,0.0,0.0,0.0,0.0,0.5,0.2,0.3,1.0,0.0,1.0
1170,0.3,0.2,0.0,0.0,0.5,0.0,0.0,0.0,0.0,1.0,1.0,0.0,1.0
1171,0.6,0.4,0.0,0.0,0.0,0.8,0.0,0.0,0.0,0.2,0.875,0.125,1.0
1172,1.0,0.0,0.0,0.0,0.0,0.0,0.0,0.5,0.2,0.3,1.0,0.0,1.0
1173,1.0,0.0,0.0,0.0,0.0,0.0,0.0,0.5,0.2,0.3,1.0,0.0,1.0
1174,1.0,0.0,0.0,0.0,0.0,0.0,0.0,0.5,0.2,0.3,1.0,0.0,1.0
1175,0.3,0.2,0.0,0.0,0.5,0.0,0.0,0.0,0.0,1.0,1.0,0.0,1.0
1176,0.3,0.2,0.0,0.0,0.5,0.0,0.0,0.0,0.0,1.0,1.0,0.0,1.0
1177,0.3,0.2,0.0,0.0,0.5,0.0,0.0,0.0,0.0,1.0,1.0,0.0,1.0
1178,0.3,0.2,0.0,0.0,0.5,0.0,0.0,0.0,0.0,1.0,1.0,0.0,1.0
1179,0.3,0.2,0.0,0.0,0.5,0.0,0.0,0.0,0.0,1.0,1.0,0.0,1.0
1180,0.3,0.2,0.0,0.0,0.5,0.0,0.0,0.0,0.0,1.0,1.0,0.0,1.0
1181,0.5,0.0,0.0,0.0,0.5,0.0,0.0,0.0,0.4,0.6,1.0,0.0,1.0
1182,1.0,0.0,0.0,0.0,0.0,0.0,0.0,0.5,0.2,0.3,1.0,0.0,1.0
1183,0.6,0.4,0.0,0.0,0.0,0.8,0.0,0.0,0.0,0.2,0.875,0.125,1.0
1184,0.3,0.2,0.0,0.0,0.5,0.0,0.0,0.0,0.0,1.0,1.0,0.0,1.0
1185,0.3,0.2,0.0,0.0,0.5,0.0,0.0,0.0,0.0,1.0,1.0,0.0,1.0
1186,0.3,0.2,0.0,0.0,0.5,0.0,0.0,0.0,0.0,1.0,1.0,0.0,1.0
1187,1.0,0.0,0.0,0.0,0.0,0.0,0.0,0.5,0.2,0.3,1.0,0.0,1.0
1188,0.3,0.2,0.0,0.0,0.5,0.0,0.0,0.0,0.0,1.0,1.0,0.0,1.0
1189,1.0,0.0,0.0,0.0,0.0,0.0,0.0,0.5,0.2,0.3,1.0,0.0,1.0
1190,0.3,0.2,0.0,0.0,0.5,0.0,0.0,0.0,0.0,1.0,1.0,0.0,1.0
1191,0.3,0.2,0.0,0.0,0.5,0.0,0.0,0.0,0.0,1.0,1.0,0.0,1.0
1192,0.3,0.2,0.0,0.0,0.5,0.0,0.0,0.0,0.0,1.0,1.0,0.0,1.0
1193,0.3,0.2,0.0,0.0,0.5,0.0,0.0,0.0,0.0,1.0,1.0,0.0,1.0
1194,0.3,0.2,0.0,0.0,0.5,0.0,0.0,0.0,0.0,1.0,1.0,0.0,1.0
1195,0.5,0.0,0.0,0.0,0.5,0.0,0.0,0.0,0.4,0.6,1.0,0.0,1.0
1196,1.0,0.0,0.0,0.0,0.0,0.0,0.0,0.5,0.2,0.3,1.0,0.0,1.0
1197,1.0,0.0,0.0,0.0,0.0,0.0,0.0,0.5,0.2,0.3,1.0,0.0,1.0
1198,1.0,0.0,0.0,0.0,0.0,0.0,0.0,0.5,0.2,0.3,1.0,0.0,1.0
1199,1.0,0.0,0.0,0.0,0.0,0.0,0.0,0.5,0.2,0.3,1.0,0.0,1.0
1200,1.0,0.0,0.0,0.0,0.0,0.0,0.0,0.5,0.2,0.3,1.0,0.0,1.0
1201,0.3,0.2,0.0,0.0,0.5,0.0,0.0,0.0,0.0,1.0,1.0,0.0,1.0
1202,0.3,0.2,0.0,0.0,0.5,0.0,0.0,0.0,0.0,1.0,1.0,0.0,1.0
1203,1.0,0.0,0.0,0.0,0.0,0.0,0.0,0.5,0.2,0.3,1.0,0.0,1.0
1204,0.5,0.0,0.0,0.0,0.5,0.0,0.0,0.0,0.4,0.6,1.0,0.0,1.0
1205,0.3,0.2,0.0,0.0,0.5,0.0,0.0,0.0,0.0,1.0,1.0,0.0,1.0
1206,0.3,0.2,0.0,0.0,0.5,0.0,0.0,0.0,0.0,1.0,1.0,0.0,1.0
1207,1.0,0.0,0.0,0.0,0.0,0.0,0.0,0.5,0.2,0.3,1.0,0.0,1.0
1208,1.0,0.0,0.0,0.0,0.0,0.0,0.0,0.5,0.2,0.3,1.0,0.0,1.0
1209,0.3,0.2,0.0,0.0,0.5,0.0,0.0,0.0,0.0,1.0,1.0,0.0,1.0
1210,0.3,0.2,0.0,0.0,0.5,0.0,0.0,0.0,0.0,1.0,1.0,0.0,1.0
1211,0.3,0.2,0.0,0.0,0.5,0.0,0.0,0.0,0.0,1.0,1.0,0.0,1.0
1212,0.3,0.2,0.0,0.0,0.5,0.0,0.0,0.0,0.0,1.0,1.0,0.0,1.0
1213,0.3,0.2,0.0,0.0,0.5,0.0,0.0,0.0,0.0,1.0,1.0,0.0,1.0
1214,0.5,0.0,0.0,0.0,0.5,0.0,0.0,0.0,0.4,0.6,1.0,0.0,1.0
1215,0.5,0.0,0.0,0.0,0.5,0.0,0.0,0.0,0.4,0.6,1.0,0.0,1.0
1216,0.3,0.2,0.0,0.0,0.5,0.0,0.0,0.0,0.0,1.0,1.0,0.0,1.0
1217,0.3,0.2,0.0,0.0,0.5,0.0,0.0,0.0,0.0,1.0,1.0,0.0,1.0
1218,0.3,0.2,0.0,0.0,0.5,0.0,0.0,0.0,0.0,1.0,1.0,0.0,1.0
1219,0.3,0.2,0.0,0.0,0.5,0.0,0.0,0.0,0.0,1.0,1.0,0.0,1.0
1220,0.3,0.2,0.0,0.0,0.5,0.0,0.0,0.0,0.0,1.0,1.0,0.0,1.0
1221,0.5,0.0,0.0,0.0,0.5,0.0,0.0,0.0,0.4,0.6,1.0,0.0,1.0
1222,0.2,0.0,0.0,0.8,0.0,0.0,0.0,0.16666666666666666,0.3333333333333333,0.5,1.0,0.0,1.0
1223,0.3,0.2,0.0,0.0,0.5,0.0,0.0,0.0,0.0,1.0,1.0,0.0,1.0
1224,0.3,0.2,0.0,0.0,0.5,0.0,0.0,0.0,0.0,1.0,1.0,0.0,1.0
1225,0.3,0.2,0.0,0.0,0.5,0.0,0.0,0.0,0.0,1.0,1.0,0.0,1.0
1226,0.3,0.2,0.0,0.0,0.5,0.0,0.0,0.0,0.0,1.0,1.0,0.0,1.0
1227,0.3,0.2,0.0,0.0,0.5,0.0,0.0,0.0,0.0,1.0,1.0,0.0,1.0
1228,0.3,0.2,0.0,0.0,0.5,0.0,0.0,0.0,0.0,1.0,1.0,0.0,1.0
1229,0.5,0.0,0.0,0.0,0.5,0.0,0.0,0.0,0.4,0.6,1.0,0.0,1.0
1230,0.3,0.2,0.0,0.0,0.5,0.0,0.0,0.0,0.0,1.0,1.0,0.0,1.0
1231,0.5,0.0,0.0,0.0,0.5,0.0,0.0,0.0,0.4,0.6,1.0,0.0,1.0
1232,0.5,0.0,0.0,0.0,0.5,0.0,0.0,0.0,0.4,0.6,1.0,0.0,1.0
1233,0.5,0.0,0.0,0.0,0.5,0.0,0.0,0.0,0.4,0.6,1.0,0.0,1.0
1234,0.5,0.0,0.0,0.0,0.5,0.0,0.0,0.0,0.4,0.6,1.0,0.0,1.0
1235,0.5,0.0,0.0,0.0,0.5,0.0,0.0,0.0,0.4,0.6,1.0,0.0,1.0
1236,0.5,0.3333333333333333,0.0,0.0,0.16666666666666666,0.8,0.0,0.0,0.0,0.2,1.0,0.0,1.0
1237,0.3,0.2,0.0,0.0,0.5,0.0,0.0,0.0,0.0,1.0,1.0,0.0,1.0
1238,0.3,0.2,0.0,0.0,0.5,0.0,0.0,0.0,0.0,1.0,1.0,0.0,1.0
1239,0.3,0.2,0.0,0.0,0.5,0.0,0.0,0.0,0.0,1.0,1.0,0.0,1.0
1240,0.3,0.2,0.0,0.0,0.5,0.0,0.0,0.0,0.0,1.0,1.0,0.0,1.0
1241,0.3,0.2,0.0,0.0,0.5,0.0,0.0,0.0,0.0,1.0,1.0,0.0,1.0
1242,0.3,0.2,0.0,0.0,0.5,0.0,0.0,0.0,0.0,1.0,1.0,0.0,1.0
1243,0.3,0.2,0.0,0.0,0.5,0.0,0.0,0.0,0.0,1.0,1.0,0.0,1.0
1244,0.3,0.2,0.0,0.0,0.5,0.0,0.0,0.0,0.0,1.0,1.0,0.0,1.0
1245,0.3,0.2,0.0,0.0,0.5,0.0,0.0,0.0,0.0,1.0,1.0,0.0,1.0
1246,0.3,0.2,0.0,0.0,0.5,0.0,0.0,0.0,0.0,1.0,1.0,0.0,1.0
1247,0.3,0.2,0.0,0.0,0.5,0.0,0.0,0.0,0.0,1.0,1.0,0.0,1.0
1248,0.5,0.0,0.0,0.0,0.5,0.0,0.0,0.0,0.4,0.6,1.0,0.0,1.0
1249,0.5,0.0,0.0,0.0,0.5,0.0,0.0,0.0,0.4,0.6,1.0,0.0,1.0
