,"('S', ('VP',))","('S', ('NP', 'VP'))","('S', ('NP', 'S'))","('S', ('VP', 'NP'))","('S', ('S', 'NP'))","('VP', ('NP', 'VP'))","('VP', ('NP', 'V'))","('VP', ('V',))","('VP', ('VP', 'NP'))","('VP', ('V', 'NP'))","('NP', ('NP', 'NP'))","('NP', 'np')","('V', 'v')"
0,0.9,0.0,0.0,0.1,0.0,0.25,0.0,0.75,0.0,0.0,0.0,1.0,1.0
1,1.0,0.0,0.0,0.0,0.0,0.25,0.0,0.675,0.0,0.075,0.0,1.0,1.0
2,1.0,0.0,0.0,0.0,0.0,0.25,0.0,0.675,0.0,0.075,0.0,1.0,1.0
3,1.0,0.0,0.0,0.0,0.0,0.25,0.0,0.675,0.0,0.075,0.0,1.0,1.0
4,1.0,0.0,0.0,0.0,0.0,0.25,0.0,0.675,0.0,0.075,0.0,1.0,1.0
5,1.0,0.0,0.0,0.0,0.0,0.25,0.0,0.675,0.0,0.075,0.0,1.0,1.0
6,0.9,0.0,0.0,0.1,0.0,0.25,0.0,0.75,0.0,0.0,0.0,1.0,1.0
7,0.9,0.0,0.0,0.1,0.0,0.25,0.0,0.75,0.0,0.0,0.0,1.0,1.0
8,0.9,0.0,0.0,0.1,0.0,0.25,0.0,0.75,0.0,0.0,0.0,1.0,1.0
9,0.9,0.0,0.0,0.1,0.0,0.25,0.0,0.75,0.0,0.0,0.0,1.0,1.0
10,1.0,0.0,0.0,0.0,0.0,0.25,0.0,0.675,0.0,0.075,0.0,1.0,1.0
11,1.0,0.0,0.0,0.0,0.0,0.25,0.0,0.675,0.0,0.075,0.0,1.0,1.0
12,1.0,0.0,0.0,0.0,0.0,0.25,0.0,0.675,0.0,0.075,0.0,1.0,1.0
13,0.675,0.0,0.25,0.075,0.0,0.0,0.0,1.0,0.0,0.0,0.0,1.0,1.0
14,0.675,0.0,0.25,0.075,0.0,0.0,0.0,1.0,0.0,0.0,0.0,1.0,1.0
15,0.675,0.0,0.25,0.075,0.0,0.0,0.0,1.0,0.0,0.0,0.0,1.0,1.0
16,0.675,0.0,0.25,0.075,0.0,0.0,0.0,1.0,0.0,0.0,0.0,1.0,1.0
17,0.675,0.0,0.25,0.075,0.0,0.0,0.0,1.0,0.0,0.0,0.0,1.0,1.0
18,0.675,0.0,0.25,0.075,0.0,0.0,0.0,1.0,0.0,0.0,0.0,1.0,1.0
19,0.675,0.0,0.25,0.075,0.0,0.0,0.0,1.0,0.0,0.0,0.0,1.0,1.0
20,0.675,0.0,0.25,0.075,0.0,0.0,0.0,1.0,0.0,0.0,0.0,1.0,1.0
21,0.675,0.0,0.25,0.075,0.0,0.0,0.0,1.0,0.0,0.0,0.0,1.0,1.0
22,1.0,0.0,0.0,0.0,0.0,0.25,0.0,0.675,0.0,0.075,0.0,1.0,1.0
23,0.9,0.0,0.0,0.1,0.0,0.25,0.0,0.75,0.0,0.0,0.0,1.0,1.0
24,1.0,0.0,0.0,0.0,0.0,0.25,0.0,0.675,0.0,0.075,0.0,1.0,1.0
25,1.0,0.0,0.0,0.0,0.0,0.25,0.0,0.675,0.0,0.075,0.0,1.0,1.0
26,1.0,0.0,0.0,0.0,0.0,0.25,0.0,0.675,0.0,0.075,0.0,1.0,1.0
27,0.675,0.0,0.25,0.075,0.0,0.0,0.0,1.0,0.0,0.0,0.0,1.0,1.0
28,0.675,0.0,0.25,0.075,0.0,0.0,0.0,1.0,0.0,0.0,0.0,1.0,1.0
29,0.675,0.0,0.25,0.075,0.0,0.0,0.0,1.0,0.0,0.0,0.0,1.0,1.0
30,0.9,0.0,0.0,0.1,0.0,0.25,0.0,0.75,0.0,0.0,0.0,1.0,1.0
31,0.9,0.0,0.0,0.1,0.0,0.25,0.0,0.75,0.0,0.0,0.0,1.0,1.0
32,0.9,0.0,0.0,0.1,0.0,0.25,0.0,0.75,0.0,0.0,0.0,1.0,1.0
33,0.9,0.0,0.0,0.1,0.0,0.25,0.0,0.75,0.0,0.0,0.0,1.0,1.0
34,0.9,0.0,0.0,0.1,0.0,0.25,0.0,0.75,0.0,0.0,0.0,1.0,1.0
35,0.9,0.0,0.0,0.1,0.0,0.25,0.0,0.75,0.0,0.0,0.0,1.0,1.0
36,1.0,0.0,0.0,0.0,0.0,0.25,0.0,0.675,0.0,0.075,0.0,1.0,1.0
37,1.0,0.0,0.0,0.0,0.0,0.25,0.0,0.675,0.0,0.075,0.0,1.0,1.0
38,0.6976744186046512,0.0,0.23255813953488372,0.0,0.06976744186046512,0.0,0.0,1.0,0.0,0.0,0.0,1.0,1.0
39,0.675,0.0,0.25,0.075,0.0,0.0,0.0,1.0,0.0,0.0,0.0,1.0,1.0
40,0.675,0.0,0.25,0.075,0.0,0.0,0.0,1.0,0.0,0.0,0.0,1.0,1.0
41,0.75,0.0,0.25,0.0,0.0,0.0,0.0,0.9,0.0,0.1,0.0,1.0,1.0
42,0.75,0.0,0.25,0.0,0.0,0.0,0.0,0.9,0.0,0.1,0.0,1.0,1.0
43,0.675,0.0,0.25,0.075,0.0,0.0,0.0,1.0,0.0,0.0,0.0,1.0,1.0
44,0.675,0.0,0.25,0.075,0.0,0.0,0.0,1.0,0.0,0.0,0.0,1.0,1.0
45,0.675,0.0,0.25,0.075,0.0,0.0,0.0,1.0,0.0,0.0,0.0,1.0,1.0
46,0.675,0.0,0.25,0.075,0.0,0.0,0.0,1.0,0.0,0.0,0.0,1.0,1.0
47,0.675,0.0,0.25,0.075,0.0,0.0,0.0,1.0,0.0,0.0,0.0,1.0,1.0
48,0.675,0.0,0.25,0.075,0.0,0.0,0.0,1.0,0.0,0.0,0.0,1.0,1.0
49,0.675,0.0,0.25,0.075,0.0,0.0,0.0,1.0,0.0,0.0,0.0,1.0,1.0
50,0.75,0.0,0.25,0.0,0.0,0.0,0.0,0.9,0.0,0.1,0.0,1.0,1.0
51,0.75,0.0,0.25,0.0,0.0,0.0,0.0,0.9,0.0,0.1,0.0,1.0,1.0
52,1.0,0.0,0.0,0.0,0.0,0.25,0.0,0.675,0.0,0.075,0.0,1.0,1.0
53,1.0,0.0,0.0,0.0,0.0,0.25,0.0,0.675,0.0,0.075,0.0,1.0,1.0
54,1.0,0.0,0.0,0.0,0.0,0.25,0.0,0.675,0.0,0.075,0.0,1.0,1.0
55,1.0,0.0,0.0,0.0,0.0,0.25,0.0,0.675,0.0,0.075,0.0,1.0,1.0
56,1.0,0.0,0.0,0.0,0.0,0.25,0.0,0.675,0.0,0.075,0.0,1.0,1.0
57,1.0,0.0,0.0,0.0,0.0,0.25,0.0,0.675,0.0,0.075,0.0,1.0,1.0
58,1.0,0.0,0.0,0.0,0.0,0.25,0.0,0.675,0.0,0.075,0.0,1.0,1.0
59,1.0,0.0,0.0,0.0,0.0,0.25,0.0,0.675,0.0,0.075,0.0,1.0,1.0
60,0.75,0.0,0.25,0.0,0.0,0.0,0.0,0.9090909090909091,0.09090909090909091,0.0,0.0,1.0,1.0
61,0.75,0.0,0.25,0.0,0.0,0.0,0.0,0.9,0.0,0.1,0.0,1.0,1.0
62,0.6976744186046512,0.0,0.23255813953488372,0.0,0.06976744186046512,0.0,0.0,1.0,0.0,0.0,0.0,1.0,1.0
63,0.675,0.0,0.25,0.075,0.0,0.0,0.0,1.0,0.0,0.0,0.0,1.0,1.0
64,0.75,0.0,0.25,0.0,0.0,0.0,0.0,0.9090909090909091,0.09090909090909091,0.0,0.0,1.0,1.0
65,1.0,0.0,0.0,0.0,0.0,0.25,0.0,0.675,0.0,0.075,0.0,1.0,1.0
66,0.75,0.0,0.25,0.0,0.0,0.0,0.0,0.9090909090909091,0.09090909090909091,0.0,0.0,1.0,1.0
67,0.75,0.0,0.25,0.0,0.0,0.0,0.0,0.9090909090909091,0.09090909090909091,0.0,0.0,1.0,1.0
68,0.75,0.0,0.25,0.0,0.0,0.0,0.0,0.9090909090909091,0.09090909090909091,0.0,0.0,1.0,1.0
69,0.75,0.0,0.25,0.0,0.0,0.0,0.0,0.9090909090909091,0.09090909090909091,0.0,0.0,1.0,1.0
70,1.0,0.0,0.0,0.0,0.0,0.25,0.0,0.675,0.0,0.075,0.0,1.0,1.0
71,0.675,0.0,0.25,0.075,0.0,0.0,0.0,1.0,0.0,0.0,0.0,1.0,1.0
72,0.675,0.0,0.25,0.075,0.0,0.0,0.0,1.0,0.0,0.0,0.0,1.0,1.0
73,0.675,0.0,0.25,0.075,0.0,0.0,0.0,1.0,0.0,0.0,0.0,1.0,1.0
74,1.0,0.0,0.0,0.0,0.0,0.25,0.0,0.675,0.0,0.075,0.0,1.0,1.0
75,0.675,0.0,0.25,0.075,0.0,0.0,0.0,1.0,0.0,0.0,0.0,1.0,1.0
76,0.675,0.0,0.25,0.075,0.0,0.0,0.0,1.0,0.0,0.0,0.0,1.0,1.0
77,0.675,0.0,0.25,0.075,0.0,0.0,0.0,1.0,0.0,0.0,0.0,1.0,1.0
78,0.675,0.0,0.25,0.075,0.0,0.0,0.0,1.0,0.0,0.0,0.0,1.0,1.0
79,0.675,0.0,0.25,0.075,0.0,0.0,0.0,1.0,0.0,0.0,0.0,1.0,1.0
80,0.75,0.0,0.25,0.0,0.0,0.0,0.0,0.9090909090909091,0.09090909090909091,0.0,0.0,1.0,1.0
81,0.75,0.0,0.25,0.0,0.0,0.0,0.0,0.9090909090909091,0.09090909090909091,0.0,0.0,1.0,1.0
82,0.75,0.0,0.25,0.0,0.0,0.0,0.0,0.9090909090909091,0.09090909090909091,0.0,0.0,1.0,1.0
83,0.675,0.0,0.25,0.075,0.0,0.0,0.0,1.0,0.0,0.0,0.0,1.0,1.0
84,0.675,0.0,0.25,0.075,0.0,0.0,0.0,1.0,0.0,0.0,0.0,1.0,1.0
85,0.675,0.0,0.25,0.075,0.0,0.0,0.0,1.0,0.0,0.0,0.0,1.0,1.0
86,0.675,0.0,0.25,0.075,0.0,0.0,0.0,1.0,0.0,0.0,0.0,1.0,1.0
87,0.675,0.0,0.25,0.075,0.0,0.0,0.0,1.0,0.0,0.0,0.0,1.0,1.0
88,0.675,0.0,0.25,0.075,0.0,0.0,0.0,1.0,0.0,0.0,0.0,1.0,1.0
89,0.675,0.0,0.25,0.075,0.0,0.0,0.0,1.0,0.0,0.0,0.0,1.0,1.0
90,0.675,0.0,0.25,0.075,0.0,0.0,0.0,1.0,0.0,0.0,0.0,1.0,1.0
91,1.0,0.0,0.0,0.0,0.0,0.25,0.0,0.675,0.0,0.075,0.0,1.0,1.0
92,1.0,0.0,0.0,0.0,0.0,0.25,0.0,0.675,0.0,0.075,0.0,1.0,1.0
93,1.0,0.0,0.0,0.0,0.0,0.25,0.0,0.675,0.0,0.075,0.0,1.0,1.0
94,1.0,0.0,0.0,0.0,0.0,0.25,0.0,0.675,0.0,0.075,0.0,1.0,1.0
95,0.75,0.0,0.25,0.0,0.0,0.0,0.0,0.9,0.0,0.1,0.0,1.0,1.0
96,0.75,0.0,0.25,0.0,0.0,0.0,0.0,0.9,0.0,0.1,0.0,1.0,1.0
97,0.75,0.0,0.25,0.0,0.0,0.0,0.0,0.9,0.0,0.1,0.0,1.0,1.0
98,0.75,0.0,0.25,0.0,0.0,0.0,0.0,0.9,0.0,0.1,0.0,1.0,1.0
99,0.75,0.0,0.25,0.0,0.0,0.0,0.0,0.9,0.0,0.1,0.0,1.0,1.0
100,1.0,0.0,0.0,0.0,0.0,0.25,0.0,0.675,0.0,0.075,0.0,1.0,1.0
101,1.0,0.0,0.0,0.0,0.0,0.25,0.0,0.675,0.0,0.075,0.0,1.0,1.0
102,0.675,0.0,0.25,0.075,0.0,0.0,0.0,1.0,0.0,0.0,0.0,1.0,1.0
103,0.675,0.0,0.25,0.075,0.0,0.0,0.0,1.0,0.0,0.0,0.0,1.0,1.0
104,0.675,0.0,0.25,0.075,0.0,0.0,0.0,1.0,0.0,0.0,0.0,1.0,1.0
105,1.0,0.0,0.0,0.0,0.0,0.25,0.0,0.675,0.0,0.075,0.0,1.0,1.0
106,0.675,0.0,0.25,0.075,0.0,0.0,0.0,1.0,0.0,0.0,0.0,1.0,1.0
107,0.675,0.0,0.25,0.075,0.0,0.0,0.0,1.0,0.0,0.0,0.0,1.0,1.0
108,0.675,0.0,0.25,0.075,0.0,0.0,0.0,1.0,0.0,0.0,0.0,1.0,1.0
109,1.0,0.0,0.0,0.0,0.0,0.25,0.0,0.675,0.0,0.075,0.0,1.0,1.0
110,0.75,0.0,0.25,0.0,0.0,0.0,0.0,0.9,0.0,0.1,0.0,1.0,1.0
111,0.675,0.0,0.25,0.075,0.0,0.0,0.0,1.0,0.0,0.0,0.0,1.0,1.0
112,0.75,0.0,0.25,0.0,0.0,0.0,0.0,0.9,0.0,0.1,0.0,1.0,1.0
113,0.75,0.0,0.25,0.0,0.0,0.0,0.0,0.9,0.0,0.1,0.0,1.0,1.0
114,0.75,0.0,0.25,0.0,0.0,0.0,0.0,0.9,0.0,0.1,0.0,1.0,1.0
115,0.75,0.0,0.25,0.0,0.0,0.0,0.0,0.9,0.0,0.1,0.0,1.0,1.0
116,1.0,0.0,0.0,0.0,0.0,0.25,0.0,0.675,0.0,0.075,0.0,1.0,1.0
117,0.75,0.0,0.25,0.0,0.0,0.0,0.0,0.9,0.0,0.1,0.0,1.0,1.0
118,0.75,0.0,0.25,0.0,0.0,0.0,0.0,0.9,0.0,0.1,0.0,1.0,1.0
119,0.75,0.0,0.25,0.0,0.0,0.0,0.0,0.9,0.0,0.1,0.0,1.0,1.0
120,0.75,0.0,0.25,0.0,0.0,0.0,0.0,0.9,0.0,0.1,0.0,1.0,1.0
121,0.75,0.0,0.25,0.0,0.0,0.0,0.0,0.9,0.0,0.1,0.0,1.0,1.0
122,0.75,0.0,0.25,0.0,0.0,0.0,0.0,0.9,0.0,0.1,0.0,1.0,1.0
123,1.0,0.0,0.0,0.0,0.0,0.25,0.0,0.675,0.0,0.075,0.0,1.0,1.0
124,0.75,0.0,0.25,0.0,0.0,0.0,0.0,0.9,0.0,0.1,0.0,1.0,1.0
125,0.75,0.0,0.25,0.0,0.0,0.0,0.0,0.9,0.0,0.1,0.0,1.0,1.0
126,0.75,0.0,0.25,0.0,0.0,0.0,0.0,0.9,0.0,0.1,0.0,1.0,1.0
127,0.675,0.0,0.25,0.075,0.0,0.0,0.0,1.0,0.0,0.0,0.0,1.0,1.0
128,0.75,0.0,0.25,0.0,0.0,0.0,0.0,0.9,0.0,0.1,0.0,1.0,1.0
129,0.675,0.0,0.25,0.075,0.0,0.0,0.0,1.0,0.0,0.0,0.0,1.0,1.0
130,0.675,0.0,0.25,0.075,0.0,0.0,0.0,1.0,0.0,0.0,0.0,1.0,1.0
131,1.0,0.0,0.0,0.0,0.0,0.25,0.0,0.675,0.0,0.075,0.0,1.0,1.0
132,1.0,0.0,0.0,0.0,0.0,0.25,0.0,0.675,0.0,0.075,0.0,1.0,1.0
133,0.75,0.0,0.25,0.0,0.0,0.0,0.0,0.9,0.0,0.1,0.0,1.0,1.0
134,0.675,0.0,0.25,0.075,0.0,0.0,0.0,1.0,0.0,0.0,0.0,1.0,1.0
135,0.75,0.0,0.25,0.0,0.0,0.0,0.0,0.9,0.0,0.1,0.0,1.0,1.0
136,0.75,0.0,0.25,0.0,0.0,0.0,0.0,0.9,0.0,0.1,0.0,1.0,1.0
137,0.675,0.0,0.25,0.075,0.0,0.0,0.0,1.0,0.0,0.0,0.0,1.0,1.0
138,0.675,0.0,0.25,0.075,0.0,0.0,0.0,1.0,0.0,0.0,0.0,1.0,1.0
139,0.75,0.0,0.25,0.0,0.0,0.0,0.0,0.9,0.0,0.1,0.0,1.0,1.0
140,0.75,0.0,0.25,0.0,0.0,0.0,0.0,0.9,0.0,0.1,0.0,1.0,1.0
141,1.0,0.0,0.0,0.0,0.0,0.25,0.0,0.675,0.0,0.075,0.0,1.0,1.0
142,0.75,0.0,0.25,0.0,0.0,0.0,0.0,0.9,0.0,0.1,0.0,1.0,1.0
143,0.75,0.0,0.25,0.0,0.0,0.0,0.0,0.9,0.0,0.1,0.0,1.0,1.0
144,0.75,0.0,0.25,0.0,0.0,0.0,0.0,0.9,0.0,0.1,0.0,1.0,1.0
145,0.75,0.0,0.25,0.0,0.0,0.0,0.0,0.9,0.0,0.1,0.0,1.0,1.0
146,1.0,0.0,0.0,0.0,0.0,0.25,0.0,0.675,0.0,0.075,0.0,1.0,1.0
147,0.9,0.0,0.0,0.1,0.0,0.0,0.3,0.7,0.0,0.0,0.07142857142857142,0.9285714285714286,1.0
148,0.75,0.0,0.25,0.0,0.0,0.0,0.0,0.9,0.0,0.1,0.0,1.0,1.0
149,0.75,0.0,0.25,0.0,0.0,0.0,0.0,0.9,0.0,0.1,0.0,1.0,1.0
150,1.0,0.0,0.0,0.0,0.0,0.25,0.0,0.675,0.0,0.075,0.0,1.0,1.0
151,1.0,0.0,0.0,0.0,0.0,0.25,0.0,0.675,0.0,0.075,0.0,1.0,1.0
152,1.0,0.0,0.0,0.0,0.0,0.25,0.0,0.675,0.0,0.075,0.0,1.0,1.0
153,1.0,0.0,0.0,0.0,0.0,0.25,0.0,0.675,0.0,0.075,0.0,1.0,1.0
154,0.9090909090909091,0.0,0.0,0.0,0.09090909090909091,0.25,0.0,0.75,0.0,0.0,0.0,1.0,1.0
155,0.9090909090909091,0.0,0.0,0.0,0.09090909090909091,0.25,0.0,0.75,0.0,0.0,0.0,1.0,1.0
156,0.9090909090909091,0.0,0.0,0.0,0.09090909090909091,0.25,0.0,0.75,0.0,0.0,0.0,1.0,1.0
157,0.9090909090909091,0.0,0.0,0.0,0.09090909090909091,0.25,0.0,0.75,0.0,0.0,0.0,1.0,1.0
158,0.9090909090909091,0.0,0.0,0.0,0.09090909090909091,0.25,0.0,0.75,0.0,0.0,0.0,1.0,1.0
159,0.75,0.0,0.25,0.0,0.0,0.0,0.0,0.9,0.0,0.1,0.0,1.0,1.0
160,1.0,0.0,0.0,0.0,0.0,0.25,0.0,0.675,0.0,0.075,0.0,1.0,1.0
161,1.0,0.0,0.0,0.0,0.0,0.25,0.0,0.675,0.0,0.075,0.0,1.0,1.0
162,0.675,0.0,0.25,0.075,0.0,0.0,0.0,1.0,0.0,0.0,0.0,1.0,1.0
163,0.675,0.0,0.25,0.075,0.0,0.0,0.0,1.0,0.0,0.0,0.0,1.0,1.0
164,1.0,0.0,0.0,0.0,0.0,0.25,0.0,0.675,0.0,0.075,0.0,1.0,1.0
165,0.675,0.0,0.25,0.075,0.0,0.0,0.0,1.0,0.0,0.0,0.0,1.0,1.0
166,0.675,0.0,0.25,0.075,0.0,0.0,0.0,1.0,0.0,0.0,0.0,1.0,1.0
167,0.675,0.0,0.25,0.075,0.0,0.0,0.0,1.0,0.0,0.0,0.0,1.0,1.0
168,1.0,0.0,0.0,0.0,0.0,0.25,0.0,0.675,0.0,0.075,0.0,1.0,1.0
169,1.0,0.0,0.0,0.0,0.0,0.25,0.0,0.675,0.0,0.075,0.0,1.0,1.0
170,0.75,0.0,0.25,0.0,0.0,0.0,0.0,0.9,0.0,0.1,0.0,1.0,1.0
171,0.675,0.0,0.25,0.075,0.0,0.0,0.0,1.0,0.0,0.0,0.0,1.0,1.0
172,0.75,0.0,0.25,0.0,0.0,0.0,0.0,0.9,0.0,0.1,0.0,1.0,1.0
173,0.75,0.0,0.25,0.0,0.0,0.0,0.0,0.9,0.0,0.1,0.0,1.0,1.0
174,0.75,0.0,0.25,0.0,0.0,0.0,0.0,0.9,0.0,0.1,0.0,1.0,1.0
175,1.0,0.0,0.0,0.0,0.0,0.25,0.0,0.675,0.0,0.075,0.0,1.0,1.0
176,1.0,0.0,0.0,0.0,0.0,0.25,0.0,0.675,0.0,0.075,0.0,1.0,1.0
177,0.675,0.0,0.25,0.075,0.0,0.0,0.0,1.0,0.0,0.0,0.0,1.0,1.0
178,1.0,0.0,0.0,0.0,0.0,0.25,0.0,0.675,0.0,0.075,0.0,1.0,1.0
179,0.75,0.0,0.25,0.0,0.0,0.0,0.0,0.9,0.0,0.1,0.0,1.0,1.0
180,0.75,0.0,0.25,0.0,0.0,0.0,0.0,0.9,0.0,0.1,0.0,1.0,1.0
181,0.75,0.0,0.25,0.0,0.0,0.0,0.0,0.9,0.0,0.1,0.0,1.0,1.0
182,0.675,0.0,0.25,0.075,0.0,0.0,0.0,1.0,0.0,0.0,0.0,1.0,1.0
183,1.0,0.0,0.0,0.0,0.0,0.25,0.0,0.675,0.0,0.075,0.0,1.0,1.0
184,1.0,0.0,0.0,0.0,0.0,0.25,0.0,0.675,0.0,0.075,0.0,1.0,1.0
185,1.0,0.0,0.0,0.0,0.0,0.25,0.0,0.675,0.0,0.075,0.0,1.0,1.0
186,1.0,0.0,0.0,0.0,0.0,0.25,0.0,0.675,0.0,0.075,0.0,1.0,1.0
187,1.0,0.0,0.0,0.0,0.0,0.25,0.0,0.675,0.0,0.075,0.0,1.0,1.0
188,0.75,0.0,0.25,0.0,0.0,0.0,0.0,0.9,0.0,0.1,0.0,1.0,1.0
189,0.75,0.0,0.25,0.0,0.0,0.0,0.0,0.9,0.0,0.1,0.0,1.0,1.0
190,0.75,0.0,0.25,0.0,0.0,0.0,0.0,0.9,0.0,0.1,0.0,1.0,1.0
191,0.75,0.0,0.25,0.0,0.0,0.0,0.0,0.9,0.0,0.1,0.0,1.0,1.0
192,1.0,0.0,0.0,0.0,0.0,0.25,0.0,0.675,0.0,0.075,0.0,1.0,1.0
193,1.0,0.0,0.0,0.0,0.0,0.25,0.0,0.675,0.0,0.075,0.0,1.0,1.0
194,1.0,0.0,0.0,0.0,0.0,0.25,0.0,0.675,0.0,0.075,0.0,1.0,1.0
195,1.0,0.0,0.0,0.0,0.0,0.25,0.0,0.675,0.0,0.075,0.0,1.0,1.0
196,0.675,0.0,0.25,0.075,0.0,0.0,0.0,1.0,0.0,0.0,0.0,1.0,1.0
197,0.675,0.0,0.25,0.075,0.0,0.0,0.0,1.0,0.0,0.0,0.0,1.0,1.0
198,0.75,0.0,0.25,0.0,0.0,0.0,0.0,0.9,0.0,0.1,0.0,1.0,1.0
199,0.75,0.0,0.25,0.0,0.0,0.0,0.0,0.9,0.0,0.1,0.0,1.0,1.0
200,0.75,0.0,0.25,0.0,0.0,0.0,0.0,0.9,0.0,0.1,0.0,1.0,1.0
201,1.0,0.0,0.0,0.0,0.0,0.25,0.0,0.675,0.0,0.075,0.0,1.0,1.0
202,1.0,0.0,0.0,0.0,0.0,0.25,0.0,0.675,0.0,0.075,0.0,1.0,1.0
203,0.75,0.0,0.25,0.0,0.0,0.0,0.0,0.9,0.0,0.1,0.0,1.0,1.0
204,0.675,0.0,0.25,0.075,0.0,0.0,0.0,1.0,0.0,0.0,0.0,1.0,1.0
205,1.0,0.0,0.0,0.0,0.0,0.25,0.0,0.675,0.0,0.075,0.0,1.0,1.0
206,1.0,0.0,0.0,0.0,0.0,0.25,0.0,0.675,0.0,0.075,0.0,1.0,1.0
207,0.675,0.0,0.25,0.075,0.0,0.0,0.0,1.0,0.0,0.0,0.0,1.0,1.0
208,0.75,0.0,0.25,0.0,0.0,0.0,0.0,0.9,0.0,0.1,0.0,1.0,1.0
209,0.75,0.0,0.25,0.0,0.0,0.0,0.0,0.9,0.0,0.1,0.0,1.0,1.0
210,0.75,0.0,0.25,0.0,0.0,0.0,0.0,0.9,0.0,0.1,0.0,1.0,1.0
211,0.75,0.0,0.25,0.0,0.0,0.0,0.0,0.9,0.0,0.1,0.0,1.0,1.0
212,0.75,0.0,0.25,0.0,0.0,0.0,0.0,0.9,0.0,0.1,0.0,1.0,1.0
213,0.75,0.0,0.25,0.0,0.0,0.0,0.0,0.9,0.0,0.1,0.0,1.0,1.0
214,0.75,0.0,0.25,0.0,0.0,0.0,0.0,0.9,0.0,0.1,0.0,1.0,1.0
215,0.75,0.0,0.25,0.0,0.0,0.0,0.0,0.9,0.0,0.1,0.0,1.0,1.0
216,1.0,0.0,0.0,0.0,0.0,0.25,0.0,0.675,0.0,0.075,0.0,1.0,1.0
217,0.75,0.0,0.25,0.0,0.0,0.0,0.0,0.9,0.0,0.1,0.0,1.0,1.0
218,1.0,0.0,0.0,0.0,0.0,0.25,0.0,0.675,0.0,0.075,0.0,1.0,1.0
219,0.75,0.0,0.25,0.0,0.0,0.0,0.0,0.9,0.0,0.1,0.0,1.0,1.0
220,0.75,0.0,0.25,0.0,0.0,0.0,0.0,0.9,0.0,0.1,0.0,1.0,1.0
221,0.75,0.0,0.25,0.0,0.0,0.0,0.0,0.9,0.0,0.1,0.0,1.0,1.0
222,0.75,0.0,0.25,0.0,0.0,0.0,0.0,0.9,0.0,0.1,0.0,1.0,1.0
223,1.0,0.0,0.0,0.0,0.0,0.25,0.0,0.675,0.0,0.075,0.0,1.0,1.0
224,0.75,0.0,0.25,0.0,0.0,0.0,0.0,0.9,0.0,0.1,0.0,1.0,1.0
225,0.75,0.0,0.25,0.0,0.0,0.0,0.0,0.9,0.0,0.1,0.0,1.0,1.0
226,0.75,0.0,0.25,0.0,0.0,0.0,0.0,0.9,0.0,0.1,0.0,1.0,1.0
227,0.75,0.0,0.25,0.0,0.0,0.0,0.0,0.9,0.0,0.1,0.0,1.0,1.0
228,1.0,0.0,0.0,0.0,0.0,0.25,0.0,0.675,0.0,0.075,0.0,1.0,1.0
229,0.75,0.0,0.25,0.0,0.0,0.0,0.0,0.9,0.0,0.1,0.0,1.0,1.0
230,1.0,0.0,0.0,0.0,0.0,0.25,0.0,0.675,0.0,0.075,0.0,1.0,1.0
231,0.75,0.0,0.25,0.0,0.0,0.0,0.0,0.9,0.0,0.1,0.0,1.0,1.0
232,1.0,0.0,0.0,0.0,0.0,0.25,0.0,0.675,0.0,0.075,0.0,1.0,1.0
233,0.75,0.0,0.25,0.0,0.0,0.0,0.0,0.9,0.0,0.1,0.0,1.0,1.0
234,0.75,0.0,0.25,0.0,0.0,0.0,0.0,0.9,0.0,0.1,0.0,1.0,1.0
235,0.75,0.0,0.25,0.0,0.0,0.0,0.0,0.9,0.0,0.1,0.0,1.0,1.0
236,0.75,0.0,0.25,0.0,0.0,0.0,0.0,0.9,0.0,0.1,0.0,1.0,1.0
237,0.75,0.0,0.25,0.0,0.0,0.0,0.0,0.9,0.0,0.1,0.0,1.0,1.0
238,0.75,0.0,0.25,0.0,0.0,0.0,0.0,0.9,0.0,0.1,0.0,1.0,1.0
239,0.75,0.0,0.25,0.0,0.0,0.0,0.0,0.9,0.0,0.1,0.0,1.0,1.0
240,0.75,0.0,0.25,0.0,0.0,0.0,0.0,0.9,0.0,0.1,0.0,1.0,1.0
241,1.0,0.0,0.0,0.0,0.0,0.25,0.0,0.675,0.0,0.075,0.0,1.0,1.0
242,1.0,0.0,0.0,0.0,0.0,0.25,0.0,0.675,0.0,0.075,0.0,1.0,1.0
243,0.75,0.0,0.25,0.0,0.0,0.0,0.0,0.9,0.0,0.1,0.0,1.0,1.0
244,0.75,0.0,0.25,0.0,0.0,0.0,0.0,0.9,0.0,0.1,0.0,1.0,1.0
245,0.75,0.0,0.25,0.0,0.0,0.0,0.0,0.9,0.0,0.1,0.0,1.0,1.0
246,0.75,0.0,0.25,0.0,0.0,0.0,0.0,0.9,0.0,0.1,0.0,1.0,1.0
247,0.75,0.0,0.25,0.0,0.0,0.0,0.0,0.9,0.0,0.1,0.0,1.0,1.0
248,0.75,0.0,0.25,0.0,0.0,0.0,0.0,0.9,0.0,0.1,0.0,1.0,1.0
249,0.75,0.0,0.25,0.0,0.0,0.0,0.0,0.9,0.0,0.1,0.0,1.0,1.0
250,0.75,0.0,0.25,0.0,0.0,0.0,0.0,0.9,0.0,0.1,0.0,1.0,1.0
251,0.75,0.0,0.25,0.0,0.0,0.0,0.0,0.9,0.0,0.1,0.0,1.0,1.0
252,0.75,0.0,0.25,0.0,0.0,0.0,0.0,0.9,0.0,0.1,0.0,1.0,1.0
253,1.0,0.0,0.0,0.0,0.0,0.25,0.0,0.675,0.0,0.075,0.0,1.0,1.0
254,0.75,0.0,0.25,0.0,0.0,0.0,0.0,0.9,0.0,0.1,0.0,1.0,1.0
255,1.0,0.0,0.0,0.0,0.0,0.25,0.0,0.675,0.0,0.075,0.0,1.0,1.0
256,1.0,0.0,0.0,0.0,0.0,0.25,0.0,0.675,0.0,0.075,0.0,1.0,1.0
257,1.0,0.0,0.0,0.0,0.0,0.25,0.0,0.675,0.0,0.075,0.0,1.0,1.0
258,0.75,0.0,0.25,0.0,0.0,0.0,0.0,0.9,0.0,0.1,0.0,1.0,1.0
259,0.75,0.0,0.25,0.0,0.0,0.0,0.0,0.9,0.0,0.1,0.0,1.0,1.0
260,0.75,0.0,0.25,0.0,0.0,0.0,0.0,0.9,0.0,0.1,0.0,1.0,1.0
261,1.0,0.0,0.0,0.0,0.0,0.23255813953488372,0.0,0.6976744186046512,0.06976744186046512,0.0,0.0,1.0,1.0
262,1.0,0.0,0.0,0.0,0.0,0.23255813953488372,0.0,0.6976744186046512,0.06976744186046512,0.0,0.0,1.0,1.0
263,0.75,0.0,0.25,0.0,0.0,0.0,0.0,0.9,0.0,0.1,0.0,1.0,1.0
264,0.75,0.0,0.25,0.0,0.0,0.0,0.0,0.9,0.0,0.1,0.0,1.0,1.0
265,0.75,0.0,0.25,0.0,0.0,0.0,0.0,0.9,0.0,0.1,0.0,1.0,1.0
266,0.75,0.0,0.25,0.0,0.0,0.0,0.0,0.9,0.0,0.1,0.0,1.0,1.0
267,0.75,0.0,0.25,0.0,0.0,0.0,0.0,0.9,0.0,0.1,0.0,1.0,1.0
268,0.75,0.0,0.25,0.0,0.0,0.0,0.0,0.9,0.0,0.1,0.0,1.0,1.0
269,1.0,0.0,0.0,0.0,0.0,0.23255813953488372,0.0,0.6976744186046512,0.06976744186046512,0.0,0.0,1.0,1.0
270,1.0,0.0,0.0,0.0,0.0,0.23255813953488372,0.0,0.6976744186046512,0.06976744186046512,0.0,0.0,1.0,1.0
271,1.0,0.0,0.0,0.0,0.0,0.23255813953488372,0.0,0.6976744186046512,0.06976744186046512,0.0,0.0,1.0,1.0
272,0.75,0.0,0.25,0.0,0.0,0.0,0.0,0.9,0.0,0.1,0.0,1.0,1.0
273,1.0,0.0,0.0,0.0,0.0,0.25,0.0,0.675,0.0,0.075,0.0,1.0,1.0
274,1.0,0.0,0.0,0.0,0.0,0.25,0.0,0.675,0.0,0.075,0.0,1.0,1.0
275,1.0,0.0,0.0,0.0,0.0,0.25,0.0,0.675,0.0,0.075,0.0,1.0,1.0
276,1.0,0.0,0.0,0.0,0.0,0.25,0.0,0.675,0.0,0.075,0.0,1.0,1.0
277,1.0,0.0,0.0,0.0,0.0,0.25,0.0,0.675,0.0,0.075,0.0,1.0,1.0
278,0.75,0.0,0.25,0.0,0.0,0.0,0.0,0.9,0.0,0.1,0.0,1.0,1.0
279,1.0,0.0,0.0,0.0,0.0,0.23255813953488372,0.0,0.6976744186046512,0.06976744186046512,0.0,0.0,1.0,1.0
280,0.75,0.0,0.25,0.0,0.0,0.0,0.0,0.9,0.0,0.1,0.0,1.0,1.0
281,0.75,0.0,0.25,0.0,0.0,0.0,0.0,0.9,0.0,0.1,0.0,1.0,1.0
282,0.75,0.0,0.25,0.0,0.0,0.0,0.0,0.9,0.0,0.1,0.0,1.0,1.0
283,0.8,0.2,0.0,0.0,0.0,0.0,0.13333333333333333,0.7666666666666667,0.0,0.1,0.0,1.0,1.0
284,0.6774193548387096,0.2903225806451613,0.03225806451612903,0.0,0.0,0.0,0.0,0.9,0.0,0.1,0.0,1.0,1.0
285,0.75,0.0,0.25,0.0,0.0,0.0,0.0,0.9,0.0,0.1,0.0,1.0,1.0
286,0.75,0.0,0.25,0.0,0.0,0.0,0.0,0.9,0.0,0.1,0.0,1.0,1.0
287,0.75,0.0,0.25,0.0,0.0,0.0,0.0,0.9,0.0,0.1,0.0,1.0,1.0
288,1.0,0.0,0.0,0.0,0.0,0.25,0.0,0.675,0.0,0.075,0.0,1.0,1.0
289,1.0,0.0,0.0,0.0,0.0,0.25,0.0,0.675,0.0,0.075,0.0,1.0,1.0
290,1.0,0.0,0.0,0.0,0.0,0.25,0.0,0.675,0.0,0.075,0.0,1.0,1.0
291,1.0,0.0,0.0,0.0,0.0,0.25,0.0,0.675,0.0,0.075,0.0,1.0,1.0
292,0.75,0.0,0.25,0.0,0.0,0.0,0.0,0.9,0.0,0.1,0.0,1.0,1.0
293,0.75,0.0,0.25,0.0,0.0,0.0,0.0,0.9,0.0,0.1,0.0,1.0,1.0
294,1.0,0.0,0.0,0.0,0.0,0.25,0.0,0.675,0.0,0.075,0.0,1.0,1.0
295,1.0,0.0,0.0,0.0,0.0,0.25,0.0,0.675,0.0,0.075,0.0,1.0,1.0
296,1.0,0.0,0.0,0.0,0.0,0.25,0.0,0.675,0.0,0.075,0.0,1.0,1.0
297,1.0,0.0,0.0,0.0,0.0,0.25,0.0,0.675,0.0,0.075,0.0,1.0,1.0
298,1.0,0.0,0.0,0.0,0.0,0.25,0.0,0.675,0.0,0.075,0.0,1.0,1.0
299,0.75,0.0,0.25,0.0,0.0,0.0,0.0,0.9,0.0,0.1,0.0,1.0,1.0
300,0.75,0.0,0.25,0.0,0.0,0.0,0.0,0.9,0.0,0.1,0.0,1.0,1.0
301,1.0,0.0,0.0,0.0,0.0,0.25,0.0,0.675,0.0,0.075,0.0,1.0,1.0
302,1.0,0.0,0.0,0.0,0.0,0.25,0.0,0.675,0.0,0.075,0.0,1.0,1.0
303,0.75,0.0,0.25,0.0,0.0,0.0,0.0,0.9,0.0,0.1,0.0,1.0,1.0
304,0.75,0.0,0.25,0.0,0.0,0.0,0.0,0.9,0.0,0.1,0.0,1.0,1.0
305,0.75,0.0,0.25,0.0,0.0,0.0,0.0,0.9,0.0,0.1,0.0,1.0,1.0
306,0.75,0.0,0.25,0.0,0.0,0.0,0.0,0.9,0.0,0.1,0.0,1.0,1.0
307,0.75,0.0,0.25,0.0,0.0,0.0,0.0,0.9,0.0,0.1,0.0,1.0,1.0
308,0.75,0.0,0.25,0.0,0.0,0.0,0.0,0.9,0.0,0.1,0.0,1.0,1.0
309,0.75,0.0,0.25,0.0,0.0,0.0,0.0,0.9,0.0,0.1,0.0,1.0,1.0
310,0.75,0.0,0.25,0.0,0.0,0.0,0.0,0.9,0.0,0.1,0.0,1.0,1.0
311,0.75,0.0,0.25,0.0,0.0,0.0,0.0,0.9,0.0,0.1,0.0,1.0,1.0
312,1.0,0.0,0.0,0.0,0.0,0.25,0.0,0.675,0.0,0.075,0.0,1.0,1.0
313,0.75,0.0,0.25,0.0,0.0,0.0,0.0,0.9,0.0,0.1,0.0,1.0,1.0
314,0.75,0.0,0.25,0.0,0.0,0.0,0.0,0.9,0.0,0.1,0.0,1.0,1.0
315,0.75,0.0,0.25,0.0,0.0,0.0,0.0,0.9,0.0,0.1,0.0,1.0,1.0
316,0.75,0.0,0.25,0.0,0.0,0.0,0.0,0.9,0.0,0.1,0.0,1.0,1.0
317,0.75,0.0,0.25,0.0,0.0,0.0,0.0,0.9,0.0,0.1,0.0,1.0,1.0
318,0.75,0.0,0.25,0.0,0.0,0.0,0.0,0.9,0.0,0.1,0.0,1.0,1.0
319,0.75,0.0,0.25,0.0,0.0,0.0,0.0,0.9,0.0,0.1,0.0,1.0,1.0
320,1.0,0.0,0.0,0.0,0.0,0.25,0.0,0.675,0.0,0.075,0.0,1.0,1.0
321,0.75,0.0,0.25,0.0,0.0,0.0,0.0,0.9,0.0,0.1,0.0,1.0,1.0
322,1.0,0.0,0.0,0.0,0.0,0.25,0.0,0.675,0.0,0.075,0.0,1.0,1.0
323,1.0,0.0,0.0,0.0,0.0,0.25,0.0,0.675,0.0,0.075,0.0,1.0,1.0
324,1.0,0.0,0.0,0.0,0.0,0.25,0.0,0.675,0.0,0.075,0.0,1.0,1.0
325,1.0,0.0,0.0,0.0,0.0,0.25,0.0,0.675,0.0,0.075,0.0,1.0,1.0
326,0.9,0.0,0.0,0.1,0.0,0.25,0.0,0.75,0.0,0.0,0.0,1.0,1.0
327,0.9,0.0,0.0,0.1,0.0,0.25,0.0,0.75,0.0,0.0,0.0,1.0,1.0
328,0.9,0.0,0.0,0.1,0.0,0.25,0.0,0.75,0.0,0.0,0.0,1.0,1.0
329,0.9,0.0,0.0,0.1,0.0,0.25,0.0,0.75,0.0,0.0,0.0,1.0,1.0
330,0.9,0.0,0.0,0.1,0.0,0.25,0.0,0.75,0.0,0.0,0.0,1.0,1.0
331,0.9,0.0,0.0,0.1,0.0,0.25,0.0,0.75,0.0,0.0,0.0,1.0,1.0
332,0.75,0.0,0.25,0.0,0.0,0.0,0.0,0.9,0.0,0.1,0.0,1.0,1.0
333,0.75,0.0,0.25,0.0,0.0,0.0,0.0,0.9,0.0,0.1,0.0,1.0,1.0
334,0.75,0.0,0.25,0.0,0.0,0.0,0.0,0.9,0.0,0.1,0.0,1.0,1.0
335,0.75,0.0,0.25,0.0,0.0,0.0,0.0,0.9,0.0,0.1,0.0,1.0,1.0
336,0.75,0.0,0.25,0.0,0.0,0.0,0.0,0.9,0.0,0.1,0.0,1.0,1.0
337,0.75,0.0,0.25,0.0,0.0,0.0,0.0,0.9,0.0,0.1,0.0,1.0,1.0
338,0.75,0.0,0.25,0.0,0.0,0.0,0.0,0.9,0.0,0.1,0.0,1.0,1.0
339,0.75,0.0,0.25,0.0,0.0,0.0,0.0,0.9,0.0,0.1,0.0,1.0,1.0
340,0.75,0.0,0.25,0.0,0.0,0.0,0.0,0.9,0.0,0.1,0.0,1.0,1.0
341,1.0,0.0,0.0,0.0,0.0,0.25,0.0,0.675,0.0,0.075,0.0,1.0,1.0
342,0.9090909090909091,0.0,0.0,0.0,0.09090909090909091,0.0,0.3,0.7,0.0,0.0,0.07142857142857142,0.9285714285714286,1.0
343,0.9,0.0,0.0,0.1,0.0,0.25,0.0,0.75,0.0,0.0,0.0,1.0,1.0
344,0.75,0.0,0.25,0.0,0.0,0.0,0.0,0.9,0.0,0.1,0.0,1.0,1.0
345,0.9,0.0,0.0,0.1,0.0,0.25,0.0,0.75,0.0,0.0,0.0,1.0,1.0
346,0.9,0.0,0.0,0.1,0.0,0.25,0.0,0.75,0.0,0.0,0.0,1.0,1.0
347,0.9,0.0,0.0,0.1,0.0,0.25,0.0,0.75,0.0,0.0,0.0,1.0,1.0
348,0.7333333333333333,0.16666666666666666,0.0,0.1,0.0,0.14285714285714285,0.0,0.8571428571428571,0.0,0.0,0.0,1.0,1.0
349,1.0,0.0,0.0,0.0,0.0,0.25,0.0,0.675,0.0,0.075,0.0,1.0,1.0
350,1.0,0.0,0.0,0.0,0.0,0.25,0.0,0.675,0.0,0.075,0.0,1.0,1.0
351,1.0,0.0,0.0,0.0,0.0,0.25,0.0,0.675,0.0,0.075,0.0,1.0,1.0
352,1.0,0.0,0.0,0.0,0.0,0.25,0.0,0.675,0.0,0.075,0.0,1.0,1.0
353,0.675,0.0,0.25,0.075,0.0,0.0,0.0,1.0,0.0,0.0,0.0,1.0,1.0
354,0.675,0.0,0.25,0.075,0.0,0.0,0.0,1.0,0.0,0.0,0.0,1.0,1.0
355,0.75,0.0,0.25,0.0,0.0,0.0,0.0,0.9,0.0,0.1,0.0,1.0,1.0
356,0.75,0.0,0.25,0.0,0.0,0.0,0.0,0.9,0.0,0.1,0.0,1.0,1.0
357,1.0,0.0,0.0,0.0,0.0,0.25,0.0,0.675,0.0,0.075,0.0,1.0,1.0
358,1.0,0.0,0.0,0.0,0.0,0.25,0.0,0.675,0.0,0.075,0.0,1.0,1.0
359,1.0,0.0,0.0,0.0,0.0,0.25,0.0,0.675,0.0,0.075,0.0,1.0,1.0
360,1.0,0.0,0.0,0.0,0.0,0.25,0.0,0.675,0.0,0.075,0.0,1.0,1.0
361,0.675,0.0,0.25,0.075,0.0,0.0,0.0,1.0,0.0,0.0,0.0,1.0,1.0
362,0.675,0.0,0.25,0.075,0.0,0.0,0.0,1.0,0.0,0.0,0.0,1.0,1.0
363,0.675,0.0,0.25,0.075,0.0,0.0,0.0,1.0,0.0,0.0,0.0,1.0,1.0
364,1.0,0.0,0.0,0.0,0.0,0.25,0.0,0.675,0.0,0.075,0.0,1.0,1.0
365,0.675,0.0,0.25,0.075,0.0,0.0,0.0,1.0,0.0,0.0,0.0,1.0,1.0
366,0.675,0.0,0.25,0.075,0.0,0.0,0.0,1.0,0.0,0.0,0.0,1.0,1.0
367,0.675,0.0,0.25,0.075,0.0,0.0,0.0,1.0,0.0,0.0,0.0,1.0,1.0
368,0.675,0.0,0.25,0.075,0.0,0.0,0.0,1.0,0.0,0.0,0.0,1.0,1.0
369,0.675,0.0,0.25,0.075,0.0,0.0,0.0,1.0,0.0,0.0,0.0,1.0,1.0
370,0.675,0.0,0.25,0.075,0.0,0.0,0.0,1.0,0.0,0.0,0.0,1.0,1.0
371,0.675,0.0,0.25,0.075,0.0,0.0,0.0,1.0,0.0,0.0,0.0,1.0,1.0
372,0.675,0.0,0.25,0.075,0.0,0.0,0.0,1.0,0.0,0.0,0.0,1.0,1.0
373,0.75,0.0,0.25,0.0,0.0,0.0,0.0,0.9,0.0,0.1,0.0,1.0,1.0
374,0.75,0.0,0.25,0.0,0.0,0.0,0.0,0.9,0.0,0.1,0.0,1.0,1.0
375,1.0,0.0,0.0,0.0,0.0,0.25,0.0,0.675,0.0,0.075,0.0,1.0,1.0
376,1.0,0.0,0.0,0.0,0.0,0.25,0.0,0.675,0.0,0.075,0.0,1.0,1.0
377,1.0,0.0,0.0,0.0,0.0,0.25,0.0,0.675,0.0,0.075,0.0,1.0,1.0
378,1.0,0.0,0.0,0.0,0.0,0.25,0.0,0.675,0.0,0.075,0.0,1.0,1.0
379,1.0,0.0,0.0,0.0,0.0,0.25,0.0,0.675,0.0,0.075,0.0,1.0,1.0
380,1.0,0.0,0.0,0.0,0.0,0.25,0.0,0.675,0.0,0.075,0.0,1.0,1.0
381,0.675,0.0,0.25,0.075,0.0,0.0,0.0,1.0,0.0,0.0,0.0,1.0,1.0
382,1.0,0.0,0.0,0.0,0.0,0.25,0.0,0.675,0.0,0.075,0.0,1.0,1.0
383,1.0,0.0,0.0,0.0,0.0,0.25,0.0,0.675,0.0,0.075,0.0,1.0,1.0
384,1.0,0.0,0.0,0.0,0.0,0.25,0.0,0.675,0.0,0.075,0.0,1.0,1.0
385,1.0,0.0,0.0,0.0,0.0,0.25,0.0,0.675,0.0,0.075,0.0,1.0,1.0
386,1.0,0.0,0.0,0.0,0.0,0.25,0.0,0.675,0.0,0.075,0.0,1.0,1.0
387,1.0,0.0,0.0,0.0,0.0,0.25,0.0,0.675,0.0,0.075,0.0,1.0,1.0
388,0.675,0.0,0.25,0.075,0.0,0.0,0.0,1.0,0.0,0.0,0.0,1.0,1.0
389,1.0,0.0,0.0,0.0,0.0,0.25,0.0,0.675,0.0,0.075,0.0,1.0,1.0
390,1.0,0.0,0.0,0.0,0.0,0.25,0.0,0.675,0.0,0.075,0.0,1.0,1.0
391,1.0,0.0,0.0,0.0,0.0,0.25,0.0,0.675,0.0,0.075,0.0,1.0,1.0
392,0.675,0.0,0.25,0.075,0.0,0.0,0.0,1.0,0.0,0.0,0.0,1.0,1.0
393,1.0,0.0,0.0,0.0,0.0,0.25,0.0,0.675,0.0,0.075,0.0,1.0,1.0
394,1.0,0.0,0.0,0.0,0.0,0.25,0.0,0.675,0.0,0.075,0.0,1.0,1.0
395,0.675,0.0,0.25,0.075,0.0,0.0,0.0,1.0,0.0,0.0,0.0,1.0,1.0
396,0.675,0.0,0.25,0.075,0.0,0.0,0.0,1.0,0.0,0.0,0.0,1.0,1.0
397,0.675,0.0,0.25,0.075,0.0,0.0,0.0,1.0,0.0,0.0,0.0,1.0,1.0
398,0.675,0.0,0.25,0.075,0.0,0.0,0.0,1.0,0.0,0.0,0.0,1.0,1.0
399,0.675,0.0,0.25,0.075,0.0,0.0,0.0,1.0,0.0,0.0,0.0,1.0,1.0
400,0.675,0.0,0.25,0.075,0.0,0.0,0.0,1.0,0.0,0.0,0.0,1.0,1.0
401,1.0,0.0,0.0,0.0,0.0,0.25,0.0,0.675,0.0,0.075,0.0,1.0,1.0
402,1.0,0.0,0.0,0.0,0.0,0.25,0.0,0.675,0.0,0.075,0.0,1.0,1.0
403,0.675,0.0,0.25,0.075,0.0,0.0,0.0,1.0,0.0,0.0,0.0,1.0,1.0
404,0.675,0.0,0.25,0.075,0.0,0.0,0.0,1.0,0.0,0.0,0.0,1.0,1.0
405,1.0,0.0,0.0,0.0,0.0,0.25,0.0,0.675,0.0,0.075,0.0,1.0,1.0
406,0.675,0.0,0.25,0.075,0.0,0.0,0.0,1.0,0.0,0.0,0.0,1.0,1.0
407,0.675,0.0,0.25,0.075,0.0,0.0,0.0,1.0,0.0,0.0,0.0,1.0,1.0
408,0.675,0.0,0.25,0.075,0.0,0.0,0.0,1.0,0.0,0.0,0.0,1.0,1.0
409,1.0,0.0,0.0,0.0,0.0,0.25,0.0,0.675,0.0,0.075,0.0,1.0,1.0
410,0.6976744186046512,0.0,0.23255813953488372,0.0,0.06976744186046512,0.0,0.0,1.0,0.0,0.0,0.0,1.0,1.0
411,0.675,0.0,0.25,0.075,0.0,0.0,0.0,1.0,0.0,0.0,0.0,1.0,1.0
412,0.675,0.0,0.25,0.075,0.0,0.0,0.0,1.0,0.0,0.0,0.0,1.0,1.0
413,0.675,0.0,0.25,0.075,0.0,0.0,0.0,1.0,0.0,0.0,0.0,1.0,1.0
414,0.675,0.0,0.25,0.075,0.0,0.0,0.0,1.0,0.0,0.0,0.0,1.0,1.0
415,0.675,0.0,0.25,0.075,0.0,0.0,0.0,1.0,0.0,0.0,0.0,1.0,1.0
416,0.675,0.0,0.25,0.075,0.0,0.0,0.0,1.0,0.0,0.0,0.0,1.0,1.0
417,0.675,0.0,0.25,0.075,0.0,0.0,0.0,1.0,0.0,0.0,0.0,1.0,1.0
418,0.675,0.0,0.25,0.075,0.0,0.0,0.0,1.0,0.0,0.0,0.0,1.0,1.0
419,0.675,0.0,0.25,0.075,0.0,0.0,0.0,1.0,0.0,0.0,0.0,1.0,1.0
420,0.675,0.0,0.25,0.075,0.0,0.0,0.0,1.0,0.0,0.0,0.0,1.0,1.0
421,0.675,0.0,0.25,0.075,0.0,0.0,0.0,1.0,0.0,0.0,0.0,1.0,1.0
422,1.0,0.0,0.0,0.0,0.0,0.25,0.0,0.675,0.0,0.075,0.0,1.0,1.0
423,0.6976744186046512,0.0,0.23255813953488372,0.0,0.06976744186046512,0.0,0.0,1.0,0.0,0.0,0.0,1.0,1.0
424,0.675,0.0,0.25,0.075,0.0,0.0,0.0,1.0,0.0,0.0,0.0,1.0,1.0
425,0.675,0.0,0.25,0.075,0.0,0.0,0.0,1.0,0.0,0.0,0.0,1.0,1.0
426,0.675,0.0,0.25,0.075,0.0,0.0,0.0,1.0,0.0,0.0,0.0,1.0,1.0
427,0.675,0.0,0.25,0.075,0.0,0.0,0.0,1.0,0.0,0.0,0.0,1.0,1.0
428,0.675,0.0,0.25,0.075,0.0,0.0,0.0,1.0,0.0,0.0,0.0,1.0,1.0
429,0.675,0.0,0.25,0.075,0.0,0.0,0.0,1.0,0.0,0.0,0.0,1.0,1.0
430,0.675,0.0,0.25,0.075,0.0,0.0,0.0,1.0,0.0,0.0,0.0,1.0,1.0
431,0.675,0.0,0.25,0.075,0.0,0.0,0.0,1.0,0.0,0.0,0.0,1.0,1.0
432,1.0,0.0,0.0,0.0,0.0,0.25,0.0,0.675,0.0,0.075,0.0,1.0,1.0
433,1.0,0.0,0.0,0.0,0.0,0.25,0.0,0.675,0.0,0.075,0.0,1.0,1.0
434,0.675,0.0,0.25,0.075,0.0,0.0,0.0,1.0,0.0,0.0,0.0,1.0,1.0
435,0.675,0.0,0.25,0.075,0.0,0.0,0.0,1.0,0.0,0.0,0.0,1.0,1.0
436,0.675,0.0,0.25,0.075,0.0,0.0,0.0,1.0,0.0,0.0,0.0,1.0,1.0
437,0.675,0.0,0.25,0.075,0.0,0.0,0.0,1.0,0.0,0.0,0.0,1.0,1.0
438,1.0,0.0,0.0,0.0,0.0,0.25,0.0,0.675,0.0,0.075,0.0,1.0,1.0
439,0.6976744186046512,0.0,0.23255813953488372,0.0,0.06976744186046512,0.0,0.0,1.0,0.0,0.0,0.0,1.0,1.0
440,0.6976744186046512,0.0,0.23255813953488372,0.0,0.06976744186046512,0.0,0.0,1.0,0.0,0.0,0.0,1.0,1.0
441,1.0,0.0,0.0,0.0,0.0,0.25,0.0,0.675,0.0,0.075,0.0,1.0,1.0
442,1.0,0.0,0.0,0.0,0.0,0.25,0.0,0.675,0.0,0.075,0.0,1.0,1.0
443,0.6976744186046512,0.0,0.23255813953488372,0.0,0.06976744186046512,0.0,0.0,1.0,0.0,0.0,0.0,1.0,1.0
444,0.675,0.0,0.25,0.075,0.0,0.0,0.0,1.0,0.0,0.0,0.0,1.0,1.0
445,1.0,0.0,0.0,0.0,0.0,0.25,0.0,0.675,0.0,0.075,0.0,1.0,1.0
446,1.0,0.0,0.0,0.0,0.0,0.25,0.0,0.675,0.0,0.075,0.0,1.0,1.0
447,1.0,0.0,0.0,0.0,0.0,0.25,0.0,0.675,0.0,0.075,0.0,1.0,1.0
448,0.6976744186046512,0.0,0.23255813953488372,0.0,0.06976744186046512,0.0,0.0,1.0,0.0,0.0,0.0,1.0,1.0
449,0.6976744186046512,0.0,0.23255813953488372,0.0,0.06976744186046512,0.0,0.0,1.0,0.0,0.0,0.0,1.0,1.0
450,0.9,0.0,0.0,0.1,0.0,0.25,0.0,0.75,0.0,0.0,0.0,1.0,1.0
451,0.9,0.0,0.0,0.1,0.0,0.25,0.0,0.75,0.0,0.0,0.0,1.0,1.0
452,0.9,0.0,0.0,0.1,0.0,0.25,0.0,0.75,0.0,0.0,0.0,1.0,1.0
453,1.0,0.0,0.0,0.0,0.0,0.25,0.0,0.675,0.0,0.075,0.0,1.0,1.0
454,1.0,0.0,0.0,0.0,0.0,0.25,0.0,0.675,0.0,0.075,0.0,1.0,1.0
455,1.0,0.0,0.0,0.0,0.0,0.25,0.0,0.675,0.0,0.075,0.0,1.0,1.0
456,1.0,0.0,0.0,0.0,0.0,0.25,0.0,0.675,0.0,0.075,0.0,1.0,1.0
457,0.9,0.0,0.0,0.1,0.0,0.25,0.0,0.75,0.0,0.0,0.0,1.0,1.0
458,0.9,0.0,0.0,0.1,0.0,0.25,0.0,0.75,0.0,0.0,0.0,1.0,1.0
459,0.675,0.0,0.25,0.075,0.0,0.0,0.0,1.0,0.0,0.0,0.0,1.0,1.0
460,0.675,0.0,0.25,0.075,0.0,0.0,0.0,1.0,0.0,0.0,0.0,1.0,1.0
461,0.9,0.0,0.0,0.1,0.0,0.25,0.0,0.75,0.0,0.0,0.0,1.0,1.0
462,0.9,0.0,0.0,0.1,0.0,0.25,0.0,0.75,0.0,0.0,0.0,1.0,1.0
463,0.9,0.0,0.0,0.1,0.0,0.25,0.0,0.75,0.0,0.0,0.0,1.0,1.0
464,0.9,0.0,0.0,0.1,0.0,0.25,0.0,0.75,0.0,0.0,0.0,1.0,1.0
465,0.9,0.0,0.0,0.1,0.0,0.25,0.0,0.75,0.0,0.0,0.0,1.0,1.0
466,0.9,0.0,0.0,0.1,0.0,0.25,0.0,0.75,0.0,0.0,0.0,1.0,1.0
467,0.9,0.0,0.0,0.1,0.0,0.25,0.0,0.75,0.0,0.0,0.0,1.0,1.0
468,1.0,0.0,0.0,0.0,0.0,0.25,0.0,0.675,0.0,0.075,0.0,1.0,1.0
469,1.0,0.0,0.0,0.0,0.0,0.25,0.0,0.675,0.0,0.075,0.0,1.0,1.0
470,1.0,0.0,0.0,0.0,0.0,0.25,0.0,0.675,0.0,0.075,0.0,1.0,1.0
471,0.6976744186046512,0.0,0.23255813953488372,0.0,0.06976744186046512,0.0,0.0,1.0,0.0,0.0,0.0,1.0,1.0
472,1.0,0.0,0.0,0.0,0.0,0.25,0.0,0.675,0.0,0.075,0.0,1.0,1.0
473,0.75,0.0,0.25,0.0,0.0,0.0,0.0,0.9,0.0,0.1,0.0,1.0,1.0
474,1.0,0.0,0.0,0.0,0.0,0.25,0.0,0.675,0.0,0.075,0.0,1.0,1.0
475,0.75,0.0,0.25,0.0,0.0,0.0,0.0,0.9,0.0,0.1,0.0,1.0,1.0
476,0.9,0.0,0.0,0.1,0.0,0.25,0.0,0.75,0.0,0.0,0.0,1.0,1.0
477,0.9,0.0,0.0,0.1,0.0,0.25,0.0,0.75,0.0,0.0,0.0,1.0,1.0
478,0.75,0.0,0.25,0.0,0.0,0.0,0.0,0.9,0.0,0.1,0.0,1.0,1.0
479,1.0,0.0,0.0,0.0,0.0,0.25,0.0,0.675,0.0,0.075,0.0,1.0,1.0
480,1.0,0.0,0.0,0.0,0.0,0.25,0.0,0.675,0.0,0.075,0.0,1.0,1.0
481,1.0,0.0,0.0,0.0,0.0,0.25,0.0,0.675,0.0,0.075,0.0,1.0,1.0
482,1.0,0.0,0.0,0.0,0.0,0.25,0.0,0.675,0.0,0.075,0.0,1.0,1.0
483,0.9,0.0,0.0,0.1,0.0,0.25,0.0,0.75,0.0,0.0,0.0,1.0,1.0
484,0.9,0.0,0.0,0.1,0.0,0.25,0.0,0.75,0.0,0.0,0.0,1.0,1.0
485,0.75,0.0,0.25,0.0,0.0,0.0,0.0,0.9,0.0,0.1,0.0,1.0,1.0
486,0.75,0.0,0.25,0.0,0.0,0.0,0.0,0.9,0.0,0.1,0.0,1.0,1.0
487,0.75,0.0,0.25,0.0,0.0,0.0,0.0,0.9,0.0,0.1,0.0,1.0,1.0
488,0.75,0.0,0.25,0.0,0.0,0.0,0.0,0.9,0.0,0.1,0.0,1.0,1.0
489,0.75,0.0,0.25,0.0,0.0,0.0,0.0,0.9,0.0,0.1,0.0,1.0,1.0
490,0.75,0.0,0.25,0.0,0.0,0.0,0.0,0.9,0.0,0.1,0.0,1.0,1.0
491,0.6976744186046512,0.0,0.23255813953488372,0.0,0.06976744186046512,0.0,0.0,1.0,0.0,0.0,0.0,1.0,1.0
492,0.75,0.0,0.25,0.0,0.0,0.0,0.0,0.9,0.0,0.1,0.0,1.0,1.0
493,0.75,0.0,0.25,0.0,0.0,0.0,0.0,0.9,0.0,0.1,0.0,1.0,1.0
494,0.75,0.0,0.25,0.0,0.0,0.0,0.0,0.9,0.0,0.1,0.0,1.0,1.0
495,0.75,0.0,0.25,0.0,0.0,0.0,0.0,0.9,0.0,0.1,0.0,1.0,1.0
496,1.0,0.0,0.0,0.0,0.0,0.25,0.0,0.675,0.0,0.075,0.0,1.0,1.0
497,0.75,0.0,0.25,0.0,0.0,0.0,0.0,0.9,0.0,0.1,0.0,1.0,1.0
498,0.9,0.0,0.0,0.1,0.0,0.25,0.0,0.75,0.0,0.0,0.0,1.0,1.0
499,0.75,0.0,0.25,0.0,0.0,0.0,0.0,0.9,0.0,0.1,0.0,1.0,1.0
500,0.75,0.0,0.25,0.0,0.0,0.0,0.0,0.9,0.0,0.1,0.0,1.0,1.0
501,0.675,0.0,0.25,0.075,0.0,0.0,0.0,1.0,0.0,0.0,0.0,1.0,1.0
502,0.75,0.0,0.25,0.0,0.0,0.0,0.0,0.9,0.0,0.1,0.0,1.0,1.0
503,1.0,0.0,0.0,0.0,0.0,0.25,0.0,0.675,0.0,0.075,0.0,1.0,1.0
504,0.675,0.0,0.25,0.075,0.0,0.0,0.0,1.0,0.0,0.0,0.0,1.0,1.0
505,0.9,0.0,0.0,0.1,0.0,0.25,0.0,0.75,0.0,0.0,0.0,1.0,1.0
506,0.75,0.0,0.25,0.0,0.0,0.0,0.0,0.9,0.0,0.1,0.0,1.0,1.0
507,0.675,0.0,0.25,0.075,0.0,0.0,0.0,1.0,0.0,0.0,0.0,1.0,1.0
508,0.75,0.0,0.25,0.0,0.0,0.0,0.0,0.9,0.0,0.1,0.0,1.0,1.0
509,0.75,0.0,0.25,0.0,0.0,0.0,0.0,0.9,0.0,0.1,0.0,1.0,1.0
510,0.675,0.0,0.25,0.075,0.0,0.0,0.0,1.0,0.0,0.0,0.0,1.0,1.0
511,0.675,0.0,0.25,0.075,0.0,0.0,0.0,1.0,0.0,0.0,0.0,1.0,1.0
512,1.0,0.0,0.0,0.0,0.0,0.25,0.0,0.675,0.0,0.075,0.0,1.0,1.0
513,1.0,0.0,0.0,0.0,0.0,0.25,0.0,0.675,0.0,0.075,0.0,1.0,1.0
514,1.0,0.0,0.0,0.0,0.0,0.25,0.0,0.675,0.0,0.075,0.0,1.0,1.0
515,0.675,0.0,0.25,0.075,0.0,0.0,0.0,1.0,0.0,0.0,0.0,1.0,1.0
516,1.0,0.0,0.0,0.0,0.0,0.25,0.0,0.675,0.0,0.075,0.0,1.0,1.0
517,1.0,0.0,0.0,0.0,0.0,0.25,0.0,0.675,0.0,0.075,0.0,1.0,1.0
518,1.0,0.0,0.0,0.0,0.0,0.25,0.0,0.675,0.0,0.075,0.0,1.0,1.0
519,0.675,0.0,0.25,0.075,0.0,0.0,0.0,1.0,0.0,0.0,0.0,1.0,1.0
520,0.6976744186046512,0.0,0.23255813953488372,0.0,0.06976744186046512,0.0,0.0,1.0,0.0,0.0,0.0,1.0,1.0
521,1.0,0.0,0.0,0.0,0.0,0.25,0.0,0.675,0.0,0.075,0.0,1.0,1.0
522,1.0,0.0,0.0,0.0,0.0,0.25,0.0,0.675,0.0,0.075,0.0,1.0,1.0
523,1.0,0.0,0.0,0.0,0.0,0.25,0.0,0.675,0.0,0.075,0.0,1.0,1.0
524,0.6976744186046512,0.0,0.23255813953488372,0.0,0.06976744186046512,0.0,0.0,1.0,0.0,0.0,0.0,1.0,1.0
525,0.6976744186046512,0.0,0.23255813953488372,0.0,0.06976744186046512,0.0,0.0,1.0,0.0,0.0,0.0,1.0,1.0
526,0.6976744186046512,0.0,0.23255813953488372,0.0,0.06976744186046512,0.0,0.0,1.0,0.0,0.0,0.0,1.0,1.0
527,1.0,0.0,0.0,0.0,0.0,0.25,0.0,0.675,0.0,0.075,0.0,1.0,1.0
528,1.0,0.0,0.0,0.0,0.0,0.25,0.0,0.675,0.0,0.075,0.0,1.0,1.0
529,1.0,0.0,0.0,0.0,0.0,0.25,0.0,0.675,0.0,0.075,0.0,1.0,1.0
530,1.0,0.0,0.0,0.0,0.0,0.25,0.0,0.675,0.0,0.075,0.0,1.0,1.0
531,1.0,0.0,0.0,0.0,0.0,0.25,0.0,0.675,0.0,0.075,0.0,1.0,1.0
532,0.6976744186046512,0.0,0.23255813953488372,0.0,0.06976744186046512,0.0,0.0,1.0,0.0,0.0,0.0,1.0,1.0
533,0.6976744186046512,0.0,0.23255813953488372,0.0,0.06976744186046512,0.0,0.0,1.0,0.0,0.0,0.0,1.0,1.0
534,0.75,0.0,0.25,0.0,0.0,0.0,0.0,0.9,0.0,0.1,0.0,1.0,1.0
535,0.675,0.0,0.25,0.075,0.0,0.0,0.0,1.0,0.0,0.0,0.0,1.0,1.0
536,0.675,0.0,0.25,0.075,0.0,0.0,0.0,1.0,0.0,0.0,0.0,1.0,1.0
537,1.0,0.0,0.0,0.0,0.0,0.25,0.0,0.675,0.0,0.075,0.0,1.0,1.0
538,1.0,0.0,0.0,0.0,0.0,0.25,0.0,0.675,0.0,0.075,0.0,1.0,1.0
539,1.0,0.0,0.0,0.0,0.0,0.25,0.0,0.675,0.0,0.075,0.0,1.0,1.0
540,1.0,0.0,0.0,0.0,0.0,0.25,0.0,0.675,0.0,0.075,0.0,1.0,1.0
541,1.0,0.0,0.0,0.0,0.0,0.25,0.0,0.675,0.0,0.075,0.0,1.0,1.0
542,1.0,0.0,0.0,0.0,0.0,0.25,0.0,0.675,0.0,0.075,0.0,1.0,1.0
543,1.0,0.0,0.0,0.0,0.0,0.25,0.0,0.675,0.0,0.075,0.0,1.0,1.0
544,0.675,0.0,0.25,0.075,0.0,0.0,0.0,1.0,0.0,0.0,0.0,1.0,1.0
545,0.75,0.0,0.25,0.0,0.0,0.0,0.0,0.9,0.0,0.1,0.0,1.0,1.0
546,0.75,0.0,0.25,0.0,0.0,0.0,0.0,0.9,0.0,0.1,0.0,1.0,1.0
547,1.0,0.0,0.0,0.0,0.0,0.25,0.0,0.675,0.0,0.075,0.0,1.0,1.0
548,1.0,0.0,0.0,0.0,0.0,0.25,0.0,0.675,0.0,0.075,0.0,1.0,1.0
549,1.0,0.0,0.0,0.0,0.0,0.25,0.0,0.675,0.0,0.075,0.0,1.0,1.0
550,0.75,0.0,0.25,0.0,0.0,0.0,0.0,0.9,0.0,0.1,0.0,1.0,1.0
551,0.675,0.0,0.25,0.075,0.0,0.0,0.0,1.0,0.0,0.0,0.0,1.0,1.0
552,0.675,0.0,0.25,0.075,0.0,0.0,0.0,1.0,0.0,0.0,0.0,1.0,1.0
553,0.75,0.0,0.25,0.0,0.0,0.0,0.0,0.9,0.0,0.1,0.0,1.0,1.0
554,0.75,0.0,0.25,0.0,0.0,0.0,0.0,0.9,0.0,0.1,0.0,1.0,1.0
555,0.75,0.0,0.25,0.0,0.0,0.0,0.0,0.9,0.0,0.1,0.0,1.0,1.0
556,0.675,0.0,0.25,0.075,0.0,0.0,0.0,1.0,0.0,0.0,0.0,1.0,1.0
557,0.675,0.0,0.25,0.075,0.0,0.0,0.0,1.0,0.0,0.0,0.0,1.0,1.0
558,0.675,0.0,0.25,0.075,0.0,0.0,0.0,1.0,0.0,0.0,0.0,1.0,1.0
559,0.9090909090909091,0.0,0.0,0.0,0.09090909090909091,0.25,0.0,0.75,0.0,0.0,0.0,1.0,1.0
560,0.9090909090909091,0.0,0.0,0.0,0.09090909090909091,0.25,0.0,0.75,0.0,0.0,0.0,1.0,1.0
561,1.0,0.0,0.0,0.0,0.0,0.25,0.0,0.675,0.0,0.075,0.0,1.0,1.0
562,1.0,0.0,0.0,0.0,0.0,0.25,0.0,0.675,0.0,0.075,0.0,1.0,1.0
563,0.6875,0.25,0.0625,0.0,0.0,0.0,0.0,0.9090909090909091,0.09090909090909091,0.0,0.0,1.0,1.0
564,0.7142857142857143,0.14285714285714285,0.14285714285714285,0.0,0.0,0.0,0.0,0.9090909090909091,0.09090909090909091,0.0,0.0,1.0,1.0
565,0.9090909090909091,0.0,0.0,0.0,0.09090909090909091,0.25,0.0,0.75,0.0,0.0,0.0,1.0,1.0
566,0.9090909090909091,0.0,0.0,0.0,0.09090909090909091,0.25,0.0,0.75,0.0,0.0,0.0,1.0,1.0
567,0.9090909090909091,0.0,0.0,0.0,0.09090909090909091,0.25,0.0,0.75,0.0,0.0,0.0,1.0,1.0
568,0.9090909090909091,0.0,0.0,0.0,0.09090909090909091,0.25,0.0,0.75,0.0,0.0,0.0,1.0,1.0
569,1.0,0.0,0.0,0.0,0.0,0.25,0.0,0.675,0.0,0.075,0.0,1.0,1.0
570,1.0,0.0,0.0,0.0,0.0,0.25,0.0,0.675,0.0,0.075,0.0,1.0,1.0
571,1.0,0.0,0.0,0.0,0.0,0.25,0.0,0.675,0.0,0.075,0.0,1.0,1.0
572,1.0,0.0,0.0,0.0,0.0,0.25,0.0,0.675,0.0,0.075,0.0,1.0,1.0
573,0.9090909090909091,0.0,0.0,0.0,0.09090909090909091,0.25,0.0,0.75,0.0,0.0,0.0,1.0,1.0
574,0.75,0.0,0.25,0.0,0.0,0.0,0.0,0.9090909090909091,0.09090909090909091,0.0,0.0,1.0,1.0
575,1.0,0.0,0.0,0.0,0.0,0.25,0.0,0.675,0.0,0.075,0.0,1.0,1.0
576,1.0,0.0,0.0,0.0,0.0,0.25,0.0,0.675,0.0,0.075,0.0,1.0,1.0
577,1.0,0.0,0.0,0.0,0.0,0.25,0.0,0.675,0.0,0.075,0.0,1.0,1.0
578,1.0,0.0,0.0,0.0,0.0,0.25,0.0,0.675,0.0,0.075,0.0,1.0,1.0
579,0.675,0.0,0.25,0.075,0.0,0.0,0.0,1.0,0.0,0.0,0.0,1.0,1.0
580,1.0,0.0,0.0,0.0,0.0,0.25,0.0,0.675,0.0,0.075,0.0,1.0,1.0
581,0.675,0.0,0.25,0.075,0.0,0.0,0.0,1.0,0.0,0.0,0.0,1.0,1.0
582,1.0,0.0,0.0,0.0,0.0,0.25,0.0,0.675,0.0,0.075,0.0,1.0,1.0
583,1.0,0.0,0.0,0.0,0.0,0.25,0.0,0.675,0.0,0.075,0.0,1.0,1.0
584,1.0,0.0,0.0,0.0,0.0,0.25,0.0,0.675,0.0,0.075,0.0,1.0,1.0
585,0.9090909090909091,0.0,0.0,0.0,0.09090909090909091,0.25,0.0,0.75,0.0,0.0,0.0,1.0,1.0
586,0.9090909090909091,0.0,0.0,0.0,0.09090909090909091,0.25,0.0,0.75,0.0,0.0,0.0,1.0,1.0
587,1.0,0.0,0.0,0.0,0.0,0.25,0.0,0.675,0.0,0.075,0.0,1.0,1.0
588,1.0,0.0,0.0,0.0,0.0,0.25,0.0,0.675,0.0,0.075,0.0,1.0,1.0
589,1.0,0.0,0.0,0.0,0.0,0.25,0.0,0.675,0.0,0.075,0.0,1.0,1.0
590,1.0,0.0,0.0,0.0,0.0,0.25,0.0,0.675,0.0,0.075,0.0,1.0,1.0
591,1.0,0.0,0.0,0.0,0.0,0.25,0.0,0.675,0.0,0.075,0.0,1.0,1.0
592,1.0,0.0,0.0,0.0,0.0,0.25,0.0,0.675,0.0,0.075,0.0,1.0,1.0
593,1.0,0.0,0.0,0.0,0.0,0.25,0.0,0.675,0.0,0.075,0.0,1.0,1.0
594,1.0,0.0,0.0,0.0,0.0,0.25,0.0,0.675,0.0,0.075,0.0,1.0,1.0
595,1.0,0.0,0.0,0.0,0.0,0.25,0.0,0.675,0.0,0.075,0.0,1.0,1.0
596,1.0,0.0,0.0,0.0,0.0,0.25,0.0,0.675,0.0,0.075,0.0,1.0,1.0
597,1.0,0.0,0.0,0.0,0.0,0.25,0.0,0.675,0.0,0.075,0.0,1.0,1.0
598,1.0,0.0,0.0,0.0,0.0,0.25,0.0,0.675,0.0,0.075,0.0,1.0,1.0
599,1.0,0.0,0.0,0.0,0.0,0.25,0.0,0.675,0.0,0.075,0.0,1.0,1.0
600,1.0,0.0,0.0,0.0,0.0,0.25,0.0,0.675,0.0,0.075,0.0,1.0,1.0
601,1.0,0.0,0.0,0.0,0.0,0.25,0.0,0.675,0.0,0.075,0.0,1.0,1.0
602,1.0,0.0,0.0,0.0,0.0,0.25,0.0,0.675,0.0,0.075,0.0,1.0,1.0
603,1.0,0.0,0.0,0.0,0.0,0.25,0.0,0.675,0.0,0.075,0.0,1.0,1.0
604,1.0,0.0,0.0,0.0,0.0,0.25,0.0,0.675,0.0,0.075,0.0,1.0,1.0
605,1.0,0.0,0.0,0.0,0.0,0.25,0.0,0.675,0.0,0.075,0.0,1.0,1.0
606,1.0,0.0,0.0,0.0,0.0,0.25,0.0,0.675,0.0,0.075,0.0,1.0,1.0
607,1.0,0.0,0.0,0.0,0.0,0.25,0.0,0.675,0.0,0.075,0.0,1.0,1.0
608,1.0,0.0,0.0,0.0,0.0,0.25,0.0,0.675,0.0,0.075,0.0,1.0,1.0
609,1.0,0.0,0.0,0.0,0.0,0.25,0.0,0.675,0.0,0.075,0.0,1.0,1.0
610,1.0,0.0,0.0,0.0,0.0,0.25,0.0,0.675,0.0,0.075,0.0,1.0,1.0
611,1.0,0.0,0.0,0.0,0.0,0.25,0.0,0.675,0.0,0.075,0.0,1.0,1.0
612,1.0,0.0,0.0,0.0,0.0,0.25,0.0,0.675,0.0,0.075,0.0,1.0,1.0
613,0.9090909090909091,0.0,0.09090909090909091,0.0,0.0,0.0,0.21212121212121213,0.696969696969697,0.09090909090909091,0.0,0.0,1.0,1.0
614,0.7333333333333333,0.26666666666666666,0.0,0.0,0.0,0.0625,0.0,0.84375,0.0,0.09375,0.0,1.0,1.0
615,0.7,0.3,0.0,0.0,0.0,0.03225806451612903,0.0,0.8709677419354839,0.0,0.0967741935483871,0.0,1.0,1.0
616,0.6774193548387096,0.2903225806451613,0.03225806451612903,0.0,0.0,0.0,0.0,0.9,0.0,0.1,0.0,1.0,1.0
617,0.6176470588235294,0.2647058823529412,0.029411764705882353,0.0,0.08823529411764706,0.0,0.0,1.0,0.0,0.0,0.0,1.0,1.0
618,0.6363636363636364,0.2727272727272727,0.0,0.0,0.09090909090909091,0.03225806451612903,0.0,0.967741935483871,0.0,0.0,0.0,1.0,1.0
619,0.6666666666666666,0.24242424242424243,0.0,0.0,0.09090909090909091,0.0625,0.0,0.9375,0.0,0.0,0.0,1.0,1.0
620,1.0,0.0,0.0,0.0,0.0,0.25,0.0,0.675,0.0,0.075,0.0,1.0,1.0
621,1.0,0.0,0.0,0.0,0.0,0.25,0.0,0.675,0.0,0.075,0.0,1.0,1.0
622,1.0,0.0,0.0,0.0,0.0,0.25,0.0,0.675,0.0,0.075,0.0,1.0,1.0
623,0.9,0.0,0.0,0.1,0.0,0.25,0.0,0.75,0.0,0.0,0.0,1.0,1.0
624,0.9090909090909091,0.0,0.0,0.0,0.09090909090909091,0.25,0.0,0.75,0.0,0.0,0.0,1.0,1.0
625,0.9090909090909091,0.0,0.0,0.0,0.09090909090909091,0.25,0.0,0.75,0.0,0.0,0.0,1.0,1.0
626,1.0,0.0,0.0,0.0,0.0,0.25,0.0,0.675,0.0,0.075,0.0,1.0,1.0
627,0.9090909090909091,0.0,0.0,0.0,0.09090909090909091,0.25,0.0,0.75,0.0,0.0,0.0,1.0,1.0
628,0.9090909090909091,0.0,0.0,0.0,0.09090909090909091,0.25,0.0,0.75,0.0,0.0,0.0,1.0,1.0
629,0.9090909090909091,0.0,0.0,0.0,0.09090909090909091,0.25,0.0,0.75,0.0,0.0,0.0,1.0,1.0
630,0.9090909090909091,0.0,0.0,0.0,0.09090909090909091,0.25,0.0,0.75,0.0,0.0,0.0,1.0,1.0
631,0.9090909090909091,0.0,0.0,0.0,0.09090909090909091,0.25,0.0,0.75,0.0,0.0,0.0,1.0,1.0
632,0.9090909090909091,0.0,0.0,0.0,0.09090909090909091,0.25,0.0,0.75,0.0,0.0,0.0,1.0,1.0
633,0.9,0.0,0.0,0.1,0.0,0.25,0.0,0.75,0.0,0.0,0.0,1.0,1.0
634,0.9,0.0,0.0,0.1,0.0,0.25,0.0,0.75,0.0,0.0,0.0,1.0,1.0
635,1.0,0.0,0.0,0.0,0.0,0.25,0.0,0.675,0.0,0.075,0.0,1.0,1.0
636,1.0,0.0,0.0,0.0,0.0,0.25,0.0,0.675,0.0,0.075,0.0,1.0,1.0
637,0.9090909090909091,0.0,0.0,0.0,0.09090909090909091,0.25,0.0,0.75,0.0,0.0,0.0,1.0,1.0
638,0.9090909090909091,0.0,0.0,0.0,0.09090909090909091,0.25,0.0,0.75,0.0,0.0,0.0,1.0,1.0
639,0.9090909090909091,0.0,0.0,0.0,0.09090909090909091,0.25,0.0,0.75,0.0,0.0,0.0,1.0,1.0
640,0.9090909090909091,0.0,0.0,0.0,0.09090909090909091,0.25,0.0,0.75,0.0,0.0,0.0,1.0,1.0
641,0.9090909090909091,0.0,0.0,0.0,0.09090909090909091,0.25,0.0,0.75,0.0,0.0,0.0,1.0,1.0
642,0.9090909090909091,0.0,0.0,0.0,0.09090909090909091,0.25,0.0,0.75,0.0,0.0,0.0,1.0,1.0
643,0.9090909090909091,0.0,0.0,0.0,0.09090909090909091,0.25,0.0,0.75,0.0,0.0,0.0,1.0,1.0
644,0.9,0.0,0.0,0.1,0.0,0.25,0.0,0.75,0.0,0.0,0.0,1.0,1.0
645,0.9,0.0,0.0,0.1,0.0,0.25,0.0,0.75,0.0,0.0,0.0,1.0,1.0
646,1.0,0.0,0.0,0.0,0.0,0.25,0.0,0.675,0.0,0.075,0.0,1.0,1.0
647,0.9090909090909091,0.0,0.0,0.0,0.09090909090909091,0.25,0.0,0.75,0.0,0.0,0.0,1.0,1.0
648,0.9090909090909091,0.0,0.0,0.0,0.09090909090909091,0.25,0.0,0.75,0.0,0.0,0.0,1.0,1.0
649,0.75,0.0,0.25,0.0,0.0,0.0,0.0,0.9090909090909091,0.09090909090909091,0.0,0.0,1.0,1.0
650,1.0,0.0,0.0,0.0,0.0,0.25,0.0,0.675,0.0,0.075,0.0,1.0,1.0
651,0.9090909090909091,0.0,0.0,0.0,0.09090909090909091,0.25,0.0,0.75,0.0,0.0,0.0,1.0,1.0
652,0.9090909090909091,0.0,0.0,0.0,0.09090909090909091,0.25,0.0,0.75,0.0,0.0,0.0,1.0,1.0
653,0.9090909090909091,0.0,0.0,0.0,0.09090909090909091,0.25,0.0,0.75,0.0,0.0,0.0,1.0,1.0
654,0.9090909090909091,0.0,0.0,0.0,0.09090909090909091,0.25,0.0,0.75,0.0,0.0,0.0,1.0,1.0
655,1.0,0.0,0.0,0.0,0.0,0.25,0.0,0.675,0.0,0.075,0.0,1.0,1.0
656,0.9090909090909091,0.0,0.0,0.0,0.09090909090909091,0.25,0.0,0.75,0.0,0.0,0.0,1.0,1.0
657,0.9090909090909091,0.0,0.0,0.0,0.09090909090909091,0.25,0.0,0.75,0.0,0.0,0.0,1.0,1.0
658,0.9090909090909091,0.0,0.0,0.0,0.09090909090909091,0.25,0.0,0.75,0.0,0.0,0.0,1.0,1.0
659,1.0,0.0,0.0,0.0,0.0,0.25,0.0,0.675,0.0,0.075,0.0,1.0,1.0
660,0.675,0.0,0.25,0.075,0.0,0.0,0.0,1.0,0.0,0.0,0.0,1.0,1.0
661,0.75,0.0,0.25,0.0,0.0,0.0,0.0,0.9090909090909091,0.09090909090909091,0.0,0.0,1.0,1.0
662,0.9090909090909091,0.0,0.0,0.0,0.09090909090909091,0.25,0.0,0.75,0.0,0.0,0.0,1.0,1.0
663,1.0,0.0,0.0,0.0,0.0,0.25,0.0,0.675,0.0,0.075,0.0,1.0,1.0
664,0.75,0.0,0.25,0.0,0.0,0.0,0.0,0.9090909090909091,0.09090909090909091,0.0,0.0,1.0,1.0
665,0.75,0.0,0.25,0.0,0.0,0.0,0.0,0.9090909090909091,0.09090909090909091,0.0,0.0,1.0,1.0
666,0.675,0.0,0.25,0.075,0.0,0.0,0.0,1.0,0.0,0.0,0.0,1.0,1.0
667,1.0,0.0,0.0,0.0,0.0,0.25,0.0,0.675,0.0,0.075,0.0,1.0,1.0
668,0.675,0.0,0.25,0.075,0.0,0.0,0.0,1.0,0.0,0.0,0.0,1.0,1.0
669,0.675,0.0,0.25,0.075,0.0,0.0,0.0,1.0,0.0,0.0,0.0,1.0,1.0
670,0.9090909090909091,0.0,0.0,0.0,0.09090909090909091,0.25,0.0,0.75,0.0,0.0,0.0,1.0,1.0
671,0.9090909090909091,0.0,0.0,0.0,0.09090909090909091,0.25,0.0,0.75,0.0,0.0,0.0,1.0,1.0
672,0.9090909090909091,0.0,0.0,0.0,0.09090909090909091,0.25,0.0,0.75,0.0,0.0,0.0,1.0,1.0
673,0.9090909090909091,0.0,0.0,0.0,0.09090909090909091,0.25,0.0,0.75,0.0,0.0,0.0,1.0,1.0
674,0.9090909090909091,0.0,0.0,0.0,0.09090909090909091,0.25,0.0,0.75,0.0,0.0,0.0,1.0,1.0
675,0.9090909090909091,0.0,0.0,0.0,0.09090909090909091,0.25,0.0,0.75,0.0,0.0,0.0,1.0,1.0
676,0.9090909090909091,0.0,0.0,0.0,0.09090909090909091,0.25,0.0,0.75,0.0,0.0,0.0,1.0,1.0
677,0.675,0.0,0.25,0.075,0.0,0.0,0.0,1.0,0.0,0.0,0.0,1.0,1.0
678,0.675,0.0,0.25,0.075,0.0,0.0,0.0,1.0,0.0,0.0,0.0,1.0,1.0
679,1.0,0.0,0.0,0.0,0.0,0.25,0.0,0.675,0.0,0.075,0.0,1.0,1.0
680,1.0,0.0,0.0,0.0,0.0,0.25,0.0,0.675,0.0,0.075,0.0,1.0,1.0
681,1.0,0.0,0.0,0.0,0.0,0.25,0.0,0.675,0.0,0.075,0.0,1.0,1.0
682,0.675,0.0,0.25,0.075,0.0,0.0,0.0,1.0,0.0,0.0,0.0,1.0,1.0
683,1.0,0.0,0.0,0.0,0.0,0.23255813953488372,0.0,0.6976744186046512,0.06976744186046512,0.0,0.0,1.0,1.0
684,0.675,0.0,0.25,0.075,0.0,0.0,0.0,1.0,0.0,0.0,0.0,1.0,1.0
685,0.75,0.0,0.25,0.0,0.0,0.0,0.0,0.9090909090909091,0.09090909090909091,0.0,0.0,1.0,1.0
686,0.675,0.0,0.25,0.075,0.0,0.0,0.0,1.0,0.0,0.0,0.0,1.0,1.0
687,0.675,0.0,0.25,0.075,0.0,0.0,0.0,1.0,0.0,0.0,0.0,1.0,1.0
688,0.75,0.0,0.25,0.0,0.0,0.0,0.0,0.9090909090909091,0.09090909090909091,0.0,0.0,1.0,1.0
689,0.75,0.0,0.25,0.0,0.0,0.0,0.0,0.9090909090909091,0.09090909090909091,0.0,0.0,1.0,1.0
690,0.75,0.0,0.25,0.0,0.0,0.0,0.0,0.9090909090909091,0.09090909090909091,0.0,0.0,1.0,1.0
691,0.75,0.0,0.25,0.0,0.0,0.0,0.0,0.9090909090909091,0.09090909090909091,0.0,0.0,1.0,1.0
692,0.675,0.0,0.25,0.075,0.0,0.0,0.0,1.0,0.0,0.0,0.0,1.0,1.0
693,0.675,0.0,0.25,0.075,0.0,0.0,0.0,1.0,0.0,0.0,0.0,1.0,1.0
694,0.675,0.0,0.25,0.075,0.0,0.0,0.0,1.0,0.0,0.0,0.0,1.0,1.0
695,0.675,0.0,0.25,0.075,0.0,0.0,0.0,1.0,0.0,0.0,0.0,1.0,1.0
696,1.0,0.0,0.0,0.0,0.0,0.25,0.0,0.675,0.0,0.075,0.0,1.0,1.0
697,1.0,0.0,0.0,0.0,0.0,0.25,0.0,0.675,0.0,0.075,0.0,1.0,1.0
698,0.675,0.0,0.25,0.075,0.0,0.0,0.0,1.0,0.0,0.0,0.0,1.0,1.0
699,0.675,0.0,0.25,0.075,0.0,0.0,0.0,1.0,0.0,0.0,0.0,1.0,1.0
700,0.675,0.0,0.25,0.075,0.0,0.0,0.0,1.0,0.0,0.0,0.0,1.0,1.0
701,0.675,0.0,0.25,0.075,0.0,0.0,0.0,1.0,0.0,0.0,0.0,1.0,1.0
702,0.675,0.0,0.25,0.075,0.0,0.0,0.0,1.0,0.0,0.0,0.0,1.0,1.0
703,0.675,0.0,0.25,0.075,0.0,0.0,0.0,1.0,0.0,0.0,0.0,1.0,1.0
704,0.75,0.0,0.25,0.0,0.0,0.0,0.0,0.9090909090909091,0.09090909090909091,0.0,0.0,1.0,1.0
705,0.75,0.0,0.25,0.0,0.0,0.0,0.0,0.9090909090909091,0.09090909090909091,0.0,0.0,1.0,1.0
706,0.75,0.0,0.25,0.0,0.0,0.0,0.0,0.9090909090909091,0.09090909090909091,0.0,0.0,1.0,1.0
707,0.75,0.0,0.25,0.0,0.0,0.0,0.0,0.9090909090909091,0.09090909090909091,0.0,0.0,1.0,1.0
708,0.75,0.0,0.25,0.0,0.0,0.0,0.0,0.9090909090909091,0.09090909090909091,0.0,0.0,1.0,1.0
709,0.75,0.0,0.25,0.0,0.0,0.0,0.0,0.9090909090909091,0.09090909090909091,0.0,0.0,1.0,1.0
710,0.75,0.0,0.25,0.0,0.0,0.0,0.0,0.9090909090909091,0.09090909090909091,0.0,0.0,1.0,1.0
711,0.75,0.0,0.25,0.0,0.0,0.0,0.0,0.9090909090909091,0.09090909090909091,0.0,0.0,1.0,1.0
712,0.75,0.0,0.25,0.0,0.0,0.0,0.0,0.9090909090909091,0.09090909090909091,0.0,0.0,1.0,1.0
713,1.0,0.0,0.0,0.0,0.0,0.25,0.0,0.675,0.0,0.075,0.0,1.0,1.0
714,0.675,0.0,0.25,0.075,0.0,0.0,0.0,1.0,0.0,0.0,0.0,1.0,1.0
715,1.0,0.0,0.0,0.0,0.0,0.25,0.0,0.675,0.0,0.075,0.0,1.0,1.0
716,0.675,0.0,0.25,0.075,0.0,0.0,0.0,1.0,0.0,0.0,0.0,1.0,1.0
717,0.675,0.0,0.25,0.075,0.0,0.0,0.0,1.0,0.0,0.0,0.0,1.0,1.0
718,0.675,0.0,0.25,0.075,0.0,0.0,0.0,1.0,0.0,0.0,0.0,1.0,1.0
719,0.675,0.0,0.25,0.075,0.0,0.0,0.0,1.0,0.0,0.0,0.0,1.0,1.0
720,0.675,0.0,0.25,0.075,0.0,0.0,0.0,1.0,0.0,0.0,0.0,1.0,1.0
721,0.675,0.0,0.25,0.075,0.0,0.0,0.0,1.0,0.0,0.0,0.0,1.0,1.0
722,0.75,0.0,0.25,0.0,0.0,0.0,0.0,0.9090909090909091,0.09090909090909091,0.0,0.0,1.0,1.0
723,0.675,0.0,0.25,0.075,0.0,0.0,0.0,1.0,0.0,0.0,0.0,1.0,1.0
724,0.9,0.0,0.0,0.1,0.0,0.25,0.0,0.75,0.0,0.0,0.0,1.0,1.0
725,0.9,0.0,0.0,0.1,0.0,0.25,0.0,0.75,0.0,0.0,0.0,1.0,1.0
726,0.9,0.0,0.0,0.1,0.0,0.25,0.0,0.75,0.0,0.0,0.0,1.0,1.0
727,0.75,0.0,0.25,0.0,0.0,0.0,0.0,0.9090909090909091,0.09090909090909091,0.0,0.0,1.0,1.0
728,1.0,0.0,0.0,0.0,0.0,0.25,0.0,0.675,0.0,0.075,0.0,1.0,1.0
729,0.75,0.0,0.25,0.0,0.0,0.0,0.0,0.9090909090909091,0.09090909090909091,0.0,0.0,1.0,1.0
730,0.75,0.0,0.25,0.0,0.0,0.0,0.0,0.9090909090909091,0.09090909090909091,0.0,0.0,1.0,1.0
731,1.0,0.0,0.0,0.0,0.0,0.25,0.0,0.675,0.0,0.075,0.0,1.0,1.0
732,1.0,0.0,0.0,0.0,0.0,0.25,0.0,0.675,0.0,0.075,0.0,1.0,1.0
733,1.0,0.0,0.0,0.0,0.0,0.25,0.0,0.675,0.0,0.075,0.0,1.0,1.0
734,1.0,0.0,0.0,0.0,0.0,0.25,0.0,0.675,0.0,0.075,0.0,1.0,1.0
735,1.0,0.0,0.0,0.0,0.0,0.25,0.0,0.675,0.0,0.075,0.0,1.0,1.0
736,0.75,0.0,0.25,0.0,0.0,0.0,0.0,0.9090909090909091,0.09090909090909091,0.0,0.0,1.0,1.0
737,1.0,0.0,0.0,0.0,0.0,0.25,0.0,0.675,0.0,0.075,0.0,1.0,1.0
738,1.0,0.0,0.0,0.0,0.0,0.25,0.0,0.675,0.0,0.075,0.0,1.0,1.0
739,0.75,0.0,0.25,0.0,0.0,0.0,0.0,0.9090909090909091,0.09090909090909091,0.0,0.0,1.0,1.0
740,0.75,0.0,0.25,0.0,0.0,0.0,0.0,0.9090909090909091,0.09090909090909091,0.0,0.0,1.0,1.0
741,0.75,0.0,0.25,0.0,0.0,0.0,0.0,0.9090909090909091,0.09090909090909091,0.0,0.0,1.0,1.0
742,0.75,0.0,0.25,0.0,0.0,0.0,0.0,0.9090909090909091,0.09090909090909091,0.0,0.0,1.0,1.0
743,0.75,0.0,0.25,0.0,0.0,0.0,0.0,0.9090909090909091,0.09090909090909091,0.0,0.0,1.0,1.0
744,1.0,0.0,0.0,0.0,0.0,0.25,0.0,0.675,0.0,0.075,0.0,1.0,1.0
745,1.0,0.0,0.0,0.0,0.0,0.25,0.0,0.675,0.0,0.075,0.0,1.0,1.0
746,1.0,0.0,0.0,0.0,0.0,0.25,0.0,0.675,0.0,0.075,0.0,1.0,1.0
747,1.0,0.0,0.0,0.0,0.0,0.25,0.0,0.675,0.0,0.075,0.0,1.0,1.0
748,1.0,0.0,0.0,0.0,0.0,0.25,0.0,0.675,0.0,0.075,0.0,1.0,1.0
749,1.0,0.0,0.0,0.0,0.0,0.25,0.0,0.675,0.0,0.075,0.0,1.0,1.0
750,1.0,0.0,0.0,0.0,0.0,0.25,0.0,0.675,0.0,0.075,0.0,1.0,1.0
751,0.75,0.0,0.25,0.0,0.0,0.0,0.0,0.9090909090909091,0.09090909090909091,0.0,0.0,1.0,1.0
752,0.75,0.0,0.25,0.0,0.0,0.0,0.0,0.9090909090909091,0.09090909090909091,0.0,0.0,1.0,1.0
753,1.0,0.0,0.0,0.0,0.0,0.25,0.0,0.675,0.0,0.075,0.0,1.0,1.0
754,0.9,0.0,0.0,0.1,0.0,0.25,0.0,0.75,0.0,0.0,0.0,1.0,1.0
755,0.75,0.0,0.25,0.0,0.0,0.0,0.0,0.9090909090909091,0.09090909090909091,0.0,0.0,1.0,1.0
756,0.6976744186046512,0.0,0.23255813953488372,0.0,0.06976744186046512,0.0,0.0,1.0,0.0,0.0,0.0,1.0,1.0
757,0.6976744186046512,0.0,0.23255813953488372,0.0,0.06976744186046512,0.0,0.0,1.0,0.0,0.0,0.0,1.0,1.0
758,0.6976744186046512,0.0,0.23255813953488372,0.0,0.06976744186046512,0.0,0.0,1.0,0.0,0.0,0.0,1.0,1.0
759,0.6976744186046512,0.0,0.23255813953488372,0.0,0.06976744186046512,0.0,0.0,1.0,0.0,0.0,0.0,1.0,1.0
760,0.75,0.0,0.25,0.0,0.0,0.0,0.0,0.9090909090909091,0.09090909090909091,0.0,0.0,1.0,1.0
761,0.9,0.0,0.0,0.1,0.0,0.25,0.0,0.75,0.0,0.0,0.0,1.0,1.0
762,0.9,0.0,0.0,0.1,0.0,0.25,0.0,0.75,0.0,0.0,0.0,1.0,1.0
763,0.6976744186046512,0.0,0.23255813953488372,0.0,0.06976744186046512,0.0,0.0,1.0,0.0,0.0,0.0,1.0,1.0
764,1.0,0.0,0.0,0.0,0.0,0.25,0.0,0.675,0.0,0.075,0.0,1.0,1.0
765,0.6976744186046512,0.0,0.23255813953488372,0.0,0.06976744186046512,0.0,0.0,1.0,0.0,0.0,0.0,1.0,1.0
766,0.6976744186046512,0.0,0.23255813953488372,0.0,0.06976744186046512,0.0,0.0,1.0,0.0,0.0,0.0,1.0,1.0
767,0.6976744186046512,0.0,0.23255813953488372,0.0,0.06976744186046512,0.0,0.0,1.0,0.0,0.0,0.0,1.0,1.0
768,1.0,0.0,0.0,0.0,0.0,0.25,0.0,0.675,0.0,0.075,0.0,1.0,1.0
769,1.0,0.0,0.0,0.0,0.0,0.25,0.0,0.675,0.0,0.075,0.0,1.0,1.0
770,1.0,0.0,0.0,0.0,0.0,0.25,0.0,0.675,0.0,0.075,0.0,1.0,1.0
771,1.0,0.0,0.0,0.0,0.0,0.25,0.0,0.675,0.0,0.075,0.0,1.0,1.0
772,1.0,0.0,0.0,0.0,0.0,0.25,0.0,0.675,0.0,0.075,0.0,1.0,1.0
773,1.0,0.0,0.0,0.0,0.0,0.25,0.0,0.675,0.0,0.075,0.0,1.0,1.0
774,0.9,0.0,0.0,0.1,0.0,0.25,0.0,0.75,0.0,0.0,0.0,1.0,1.0
775,0.6976744186046512,0.0,0.23255813953488372,0.0,0.06976744186046512,0.0,0.0,1.0,0.0,0.0,0.0,1.0,1.0
776,0.6976744186046512,0.0,0.23255813953488372,0.0,0.06976744186046512,0.0,0.0,1.0,0.0,0.0,0.0,1.0,1.0
777,0.675,0.0,0.25,0.075,0.0,0.0,0.0,1.0,0.0,0.0,0.0,1.0,1.0
778,0.675,0.0,0.25,0.075,0.0,0.0,0.0,1.0,0.0,0.0,0.0,1.0,1.0
779,0.675,0.0,0.25,0.075,0.0,0.0,0.0,1.0,0.0,0.0,0.0,1.0,1.0
780,0.675,0.0,0.25,0.075,0.0,0.0,0.0,1.0,0.0,0.0,0.0,1.0,1.0
781,1.0,0.0,0.0,0.0,0.0,0.25,0.0,0.675,0.0,0.075,0.0,1.0,1.0
782,1.0,0.0,0.0,0.0,0.0,0.25,0.0,0.675,0.0,0.075,0.0,1.0,1.0
783,1.0,0.0,0.0,0.0,0.0,0.25,0.0,0.675,0.0,0.075,0.0,1.0,1.0
784,1.0,0.0,0.0,0.0,0.0,0.25,0.0,0.675,0.0,0.075,0.0,1.0,1.0
785,1.0,0.0,0.0,0.0,0.0,0.25,0.0,0.675,0.0,0.075,0.0,1.0,1.0
786,1.0,0.0,0.0,0.0,0.0,0.25,0.0,0.675,0.0,0.075,0.0,1.0,1.0
787,1.0,0.0,0.0,0.0,0.0,0.25,0.0,0.675,0.0,0.075,0.0,1.0,1.0
788,1.0,0.0,0.0,0.0,0.0,0.25,0.0,0.675,0.0,0.075,0.0,1.0,1.0
789,1.0,0.0,0.0,0.0,0.0,0.25,0.0,0.675,0.0,0.075,0.0,1.0,1.0
790,1.0,0.0,0.0,0.0,0.0,0.25,0.0,0.675,0.0,0.075,0.0,1.0,1.0
791,1.0,0.0,0.0,0.0,0.0,0.25,0.0,0.675,0.0,0.075,0.0,1.0,1.0
792,1.0,0.0,0.0,0.0,0.0,0.25,0.0,0.675,0.0,0.075,0.0,1.0,1.0
793,1.0,0.0,0.0,0.0,0.0,0.25,0.0,0.675,0.0,0.075,0.0,1.0,1.0
794,1.0,0.0,0.0,0.0,0.0,0.25,0.0,0.675,0.0,0.075,0.0,1.0,1.0
795,1.0,0.0,0.0,0.0,0.0,0.25,0.0,0.675,0.0,0.075,0.0,1.0,1.0
796,1.0,0.0,0.0,0.0,0.0,0.25,0.0,0.675,0.0,0.075,0.0,1.0,1.0
797,1.0,0.0,0.0,0.0,0.0,0.25,0.0,0.675,0.0,0.075,0.0,1.0,1.0
798,1.0,0.0,0.0,0.0,0.0,0.25,0.0,0.675,0.0,0.075,0.0,1.0,1.0
799,0.9,0.0,0.0,0.1,0.0,0.25,0.0,0.75,0.0,0.0,0.0,1.0,1.0
800,1.0,0.0,0.0,0.0,0.0,0.25,0.0,0.675,0.0,0.075,0.0,1.0,1.0
801,1.0,0.0,0.0,0.0,0.0,0.25,0.0,0.675,0.0,0.075,0.0,1.0,1.0
802,1.0,0.0,0.0,0.0,0.0,0.25,0.0,0.675,0.0,0.075,0.0,1.0,1.0
803,1.0,0.0,0.0,0.0,0.0,0.25,0.0,0.675,0.0,0.075,0.0,1.0,1.0
804,1.0,0.0,0.0,0.0,0.0,0.25,0.0,0.675,0.0,0.075,0.0,1.0,1.0
805,1.0,0.0,0.0,0.0,0.0,0.25,0.0,0.675,0.0,0.075,0.0,1.0,1.0
806,1.0,0.0,0.0,0.0,0.0,0.25,0.0,0.675,0.0,0.075,0.0,1.0,1.0
807,1.0,0.0,0.0,0.0,0.0,0.25,0.0,0.675,0.0,0.075,0.0,1.0,1.0
808,1.0,0.0,0.0,0.0,0.0,0.25,0.0,0.675,0.0,0.075,0.0,1.0,1.0
809,0.9,0.0,0.0,0.1,0.0,0.25,0.0,0.75,0.0,0.0,0.0,1.0,1.0
810,0.9,0.0,0.0,0.1,0.0,0.25,0.0,0.75,0.0,0.0,0.0,1.0,1.0
811,0.6976744186046512,0.0,0.23255813953488372,0.0,0.06976744186046512,0.0,0.0,1.0,0.0,0.0,0.0,1.0,1.0
812,0.75,0.0,0.25,0.0,0.0,0.0,0.0,0.9,0.0,0.1,0.0,1.0,1.0
813,0.9,0.0,0.0,0.1,0.0,0.25,0.0,0.75,0.0,0.0,0.0,1.0,1.0
814,0.9,0.0,0.0,0.1,0.0,0.25,0.0,0.75,0.0,0.0,0.0,1.0,1.0
815,0.9,0.0,0.0,0.1,0.0,0.25,0.0,0.75,0.0,0.0,0.0,1.0,1.0
816,0.9,0.0,0.0,0.1,0.0,0.25,0.0,0.75,0.0,0.0,0.0,1.0,1.0
817,0.75,0.0,0.25,0.0,0.0,0.0,0.0,0.9,0.0,0.1,0.0,1.0,1.0
818,0.75,0.0,0.25,0.0,0.0,0.0,0.0,0.9,0.0,0.1,0.0,1.0,1.0
819,0.75,0.0,0.25,0.0,0.0,0.0,0.0,0.9,0.0,0.1,0.0,1.0,1.0
820,0.75,0.0,0.25,0.0,0.0,0.0,0.0,0.9,0.0,0.1,0.0,1.0,1.0
821,0.75,0.0,0.25,0.0,0.0,0.0,0.0,0.9,0.0,0.1,0.0,1.0,1.0
822,0.75,0.0,0.25,0.0,0.0,0.0,0.0,0.9,0.0,0.1,0.0,1.0,1.0
823,0.75,0.0,0.25,0.0,0.0,0.0,0.0,0.9,0.0,0.1,0.0,1.0,1.0
824,0.75,0.0,0.25,0.0,0.0,0.0,0.0,0.9,0.0,0.1,0.0,1.0,1.0
825,0.75,0.0,0.25,0.0,0.0,0.0,0.0,0.9,0.0,0.1,0.0,1.0,1.0
826,0.8709677419354839,0.0,0.03225806451612903,0.0967741935483871,0.0,0.0,0.3,0.7,0.0,0.0,0.0,1.0,1.0
827,0.6976744186046512,0.0,0.23255813953488372,0.0,0.06976744186046512,0.0,0.0,1.0,0.0,0.0,0.0,1.0,1.0
828,0.75,0.0,0.25,0.0,0.0,0.0,0.0,0.9,0.0,0.1,0.0,1.0,1.0
829,0.75,0.0,0.25,0.0,0.0,0.0,0.0,0.9,0.0,0.1,0.0,1.0,1.0
830,0.9,0.0,0.0,0.1,0.0,0.03225806451612903,0.2903225806451613,0.6774193548387096,0.0,0.0,0.0,1.0,1.0
831,0.9,0.0,0.0,0.1,0.0,0.25,0.0,0.75,0.0,0.0,0.0,1.0,1.0
832,0.6976744186046512,0.0,0.23255813953488372,0.0,0.06976744186046512,0.0,0.0,1.0,0.0,0.0,0.0,1.0,1.0
833,0.9,0.0,0.0,0.1,0.0,0.25,0.0,0.75,0.0,0.0,0.0,1.0,1.0
834,0.9,0.0,0.0,0.1,0.0,0.25,0.0,0.75,0.0,0.0,0.0,1.0,1.0
835,0.9,0.0,0.0,0.1,0.0,0.25,0.0,0.75,0.0,0.0,0.0,1.0,1.0
836,0.9,0.0,0.0,0.1,0.0,0.25,0.0,0.75,0.0,0.0,0.0,1.0,1.0
837,0.9,0.0,0.0,0.1,0.0,0.25,0.0,0.75,0.0,0.0,0.0,1.0,1.0
838,0.9,0.0,0.0,0.1,0.0,0.25,0.0,0.75,0.0,0.0,0.0,1.0,1.0
839,0.9,0.0,0.0,0.1,0.0,0.25,0.0,0.75,0.0,0.0,0.0,1.0,1.0
840,0.9,0.0,0.0,0.1,0.0,0.25,0.0,0.75,0.0,0.0,0.0,1.0,1.0
841,0.9,0.0,0.0,0.1,0.0,0.25,0.0,0.75,0.0,0.0,0.0,1.0,1.0
842,0.6976744186046512,0.0,0.23255813953488372,0.0,0.06976744186046512,0.0,0.0,1.0,0.0,0.0,0.0,1.0,1.0
843,0.6976744186046512,0.0,0.23255813953488372,0.0,0.06976744186046512,0.0,0.0,1.0,0.0,0.0,0.0,1.0,1.0
844,0.6976744186046512,0.0,0.23255813953488372,0.0,0.06976744186046512,0.0,0.0,1.0,0.0,0.0,0.0,1.0,1.0
845,0.6976744186046512,0.0,0.23255813953488372,0.0,0.06976744186046512,0.0,0.0,1.0,0.0,0.0,0.0,1.0,1.0
846,1.0,0.0,0.0,0.0,0.0,0.25,0.0,0.675,0.0,0.075,0.0,1.0,1.0
847,0.9,0.0,0.0,0.1,0.0,0.25,0.0,0.75,0.0,0.0,0.0,1.0,1.0
848,0.9,0.0,0.0,0.1,0.0,0.25,0.0,0.75,0.0,0.0,0.0,1.0,1.0
849,0.6976744186046512,0.0,0.23255813953488372,0.0,0.06976744186046512,0.0,0.0,1.0,0.0,0.0,0.0,1.0,1.0
850,1.0,0.0,0.0,0.0,0.0,0.25,0.0,0.675,0.0,0.075,0.0,1.0,1.0
851,1.0,0.0,0.0,0.0,0.0,0.25,0.0,0.675,0.0,0.075,0.0,1.0,1.0
852,0.6976744186046512,0.0,0.23255813953488372,0.0,0.06976744186046512,0.0,0.0,1.0,0.0,0.0,0.0,1.0,1.0
853,0.75,0.0,0.25,0.0,0.0,0.0,0.0,0.9,0.0,0.1,0.0,1.0,1.0
854,0.75,0.0,0.25,0.0,0.0,0.0,0.0,0.9,0.0,0.1,0.0,1.0,1.0
855,0.6976744186046512,0.0,0.23255813953488372,0.0,0.06976744186046512,0.0,0.0,1.0,0.0,0.0,0.0,1.0,1.0
856,0.6976744186046512,0.0,0.23255813953488372,0.0,0.06976744186046512,0.0,0.0,1.0,0.0,0.0,0.0,1.0,1.0
857,0.75,0.0,0.25,0.0,0.0,0.0,0.0,0.9,0.0,0.1,0.0,1.0,1.0
858,1.0,0.0,0.0,0.0,0.0,0.23255813953488372,0.0,0.6976744186046512,0.06976744186046512,0.0,0.0,1.0,1.0
859,0.9,0.0,0.0,0.1,0.0,0.25,0.0,0.75,0.0,0.0,0.0,1.0,1.0
860,1.0,0.0,0.0,0.0,0.0,0.25,0.0,0.675,0.0,0.075,0.0,1.0,1.0
861,0.9090909090909091,0.0,0.09090909090909091,0.0,0.0,0.0,0.23333333333333334,0.6666666666666666,0.0,0.1,0.0,1.0,1.0
862,0.6976744186046512,0.0,0.23255813953488372,0.0,0.06976744186046512,0.0,0.0,1.0,0.0,0.0,0.0,1.0,1.0
863,1.0,0.0,0.0,0.0,0.0,0.25,0.0,0.675,0.0,0.075,0.0,1.0,1.0
864,1.0,0.0,0.0,0.0,0.0,0.25,0.0,0.675,0.0,0.075,0.0,1.0,1.0
865,1.0,0.0,0.0,0.0,0.0,0.25,0.0,0.675,0.0,0.075,0.0,1.0,1.0
866,1.0,0.0,0.0,0.0,0.0,0.23255813953488372,0.0,0.6976744186046512,0.06976744186046512,0.0,0.0,1.0,1.0
867,0.6976744186046512,0.0,0.23255813953488372,0.0,0.06976744186046512,0.0,0.0,1.0,0.0,0.0,0.0,1.0,1.0
868,0.6976744186046512,0.0,0.23255813953488372,0.0,0.06976744186046512,0.0,0.0,1.0,0.0,0.0,0.0,1.0,1.0
869,0.6976744186046512,0.0,0.23255813953488372,0.0,0.06976744186046512,0.0,0.0,1.0,0.0,0.0,0.0,1.0,1.0
870,1.0,0.0,0.0,0.0,0.0,0.25,0.0,0.675,0.0,0.075,0.0,1.0,1.0
871,1.0,0.0,0.0,0.0,0.0,0.25,0.0,0.675,0.0,0.075,0.0,1.0,1.0
872,1.0,0.0,0.0,0.0,0.0,0.23255813953488372,0.0,0.6976744186046512,0.06976744186046512,0.0,0.0,1.0,1.0
873,0.84375,0.0,0.0625,0.09375,0.0,0.0,0.26666666666666666,0.7333333333333333,0.0,0.0,0.0,1.0,1.0
874,1.0,0.0,0.0,0.0,0.0,0.10810810810810811,0.16216216216216217,0.6486486486486487,0.08108108108108109,0.0,0.0,1.0,1.0
875,0.6976744186046512,0.0,0.23255813953488372,0.0,0.06976744186046512,0.0,0.0,1.0,0.0,0.0,0.0,1.0,1.0
876,1.0,0.0,0.0,0.0,0.0,0.23255813953488372,0.0,0.6976744186046512,0.06976744186046512,0.0,0.0,1.0,1.0
877,1.0,0.0,0.0,0.0,0.0,0.23255813953488372,0.0,0.6976744186046512,0.06976744186046512,0.0,0.0,1.0,1.0
878,1.0,0.0,0.0,0.0,0.0,0.23255813953488372,0.0,0.6976744186046512,0.06976744186046512,0.0,0.0,1.0,1.0
879,1.0,0.0,0.0,0.0,0.0,0.25,0.0,0.675,0.0,0.075,0.0,1.0,1.0
880,0.6976744186046512,0.0,0.23255813953488372,0.0,0.06976744186046512,0.0,0.0,1.0,0.0,0.0,0.0,1.0,1.0
881,0.6976744186046512,0.0,0.23255813953488372,0.0,0.06976744186046512,0.0,0.0,1.0,0.0,0.0,0.0,1.0,1.0
882,1.0,0.0,0.0,0.0,0.0,0.25,0.0,0.675,0.0,0.075,0.0,1.0,1.0
883,1.0,0.0,0.0,0.0,0.0,0.23255813953488372,0.0,0.6976744186046512,0.06976744186046512,0.0,0.0,1.0,1.0
884,1.0,0.0,0.0,0.0,0.0,0.23255813953488372,0.0,0.6976744186046512,0.06976744186046512,0.0,0.0,1.0,1.0
885,1.0,0.0,0.0,0.0,0.0,0.23255813953488372,0.0,0.6976744186046512,0.06976744186046512,0.0,0.0,1.0,1.0
886,1.0,0.0,0.0,0.0,0.0,0.23255813953488372,0.0,0.6976744186046512,0.06976744186046512,0.0,0.0,1.0,1.0
887,0.6976744186046512,0.0,0.23255813953488372,0.0,0.06976744186046512,0.0,0.0,1.0,0.0,0.0,0.0,1.0,1.0
888,1.0,0.0,0.0,0.0,0.0,0.25,0.0,0.675,0.0,0.075,0.0,1.0,1.0
889,1.0,0.0,0.0,0.0,0.0,0.25,0.0,0.675,0.0,0.075,0.0,1.0,1.0
890,1.0,0.0,0.0,0.0,0.0,0.25,0.0,0.675,0.0,0.075,0.0,1.0,1.0
891,1.0,0.0,0.0,0.0,0.0,0.25,0.0,0.675,0.0,0.075,0.0,1.0,1.0
892,1.0,0.0,0.0,0.0,0.0,0.25,0.0,0.675,0.0,0.075,0.0,1.0,1.0
893,1.0,0.0,0.0,0.0,0.0,0.25,0.0,0.675,0.0,0.075,0.0,1.0,1.0
894,1.0,0.0,0.0,0.0,0.0,0.23255813953488372,0.0,0.6976744186046512,0.06976744186046512,0.0,0.0,1.0,1.0
895,0.6976744186046512,0.0,0.23255813953488372,0.0,0.06976744186046512,0.0,0.0,1.0,0.0,0.0,0.0,1.0,1.0
896,1.0,0.0,0.0,0.0,0.0,0.25,0.0,0.675,0.0,0.075,0.0,1.0,1.0
897,0.6976744186046512,0.0,0.23255813953488372,0.0,0.06976744186046512,0.0,0.0,1.0,0.0,0.0,0.0,1.0,1.0
898,1.0,0.0,0.0,0.0,0.0,0.25,0.0,0.675,0.0,0.075,0.0,1.0,1.0
899,1.0,0.0,0.0,0.0,0.0,0.25,0.0,0.675,0.0,0.075,0.0,1.0,1.0
900,0.6976744186046512,0.0,0.23255813953488372,0.0,0.06976744186046512,0.0,0.0,1.0,0.0,0.0,0.0,1.0,1.0
901,1.0,0.0,0.0,0.0,0.0,0.23255813953488372,0.0,0.6976744186046512,0.06976744186046512,0.0,0.0,1.0,1.0
902,1.0,0.0,0.0,0.0,0.0,0.23255813953488372,0.0,0.6976744186046512,0.06976744186046512,0.0,0.0,1.0,1.0
903,1.0,0.0,0.0,0.0,0.0,0.23255813953488372,0.0,0.6976744186046512,0.06976744186046512,0.0,0.0,1.0,1.0
904,1.0,0.0,0.0,0.0,0.0,0.23255813953488372,0.0,0.6976744186046512,0.06976744186046512,0.0,0.0,1.0,1.0
905,0.675,0.0,0.25,0.075,0.0,0.0,0.0,1.0,0.0,0.0,0.0,1.0,1.0
906,1.0,0.0,0.0,0.0,0.0,0.23255813953488372,0.0,0.6976744186046512,0.06976744186046512,0.0,0.0,1.0,1.0
907,1.0,0.0,0.0,0.0,0.0,0.23255813953488372,0.0,0.6976744186046512,0.06976744186046512,0.0,0.0,1.0,1.0
908,1.0,0.0,0.0,0.0,0.0,0.23255813953488372,0.0,0.6976744186046512,0.06976744186046512,0.0,0.0,1.0,1.0
909,0.675,0.0,0.25,0.075,0.0,0.0,0.0,1.0,0.0,0.0,0.0,1.0,1.0
910,1.0,0.0,0.0,0.0,0.0,0.25,0.0,0.675,0.0,0.075,0.0,1.0,1.0
911,0.675,0.0,0.25,0.075,0.0,0.0,0.0,1.0,0.0,0.0,0.0,1.0,1.0
912,0.675,0.0,0.25,0.075,0.0,0.0,0.0,1.0,0.0,0.0,0.0,1.0,1.0
913,0.675,0.0,0.25,0.075,0.0,0.0,0.0,1.0,0.0,0.0,0.0,1.0,1.0
914,0.7,0.3,0.0,0.0,0.0,0.0,0.030303030303030304,0.8787878787878788,0.09090909090909091,0.0,0.0,1.0,1.0
915,0.675,0.0,0.25,0.075,0.0,0.0,0.0,1.0,0.0,0.0,0.0,1.0,1.0
916,0.675,0.0,0.25,0.075,0.0,0.0,0.0,1.0,0.0,0.0,0.0,1.0,1.0
917,0.675,0.0,0.25,0.075,0.0,0.0,0.0,1.0,0.0,0.0,0.0,1.0,1.0
918,0.675,0.0,0.25,0.075,0.0,0.0,0.0,1.0,0.0,0.0,0.0,1.0,1.0
919,0.675,0.0,0.25,0.075,0.0,0.0,0.0,1.0,0.0,0.0,0.0,1.0,1.0
920,0.675,0.0,0.25,0.075,0.0,0.0,0.0,1.0,0.0,0.0,0.0,1.0,1.0
921,0.675,0.0,0.25,0.075,0.0,0.0,0.0,1.0,0.0,0.0,0.0,1.0,1.0
922,1.0,0.0,0.0,0.0,0.0,0.25,0.0,0.675,0.0,0.075,0.0,1.0,1.0
923,1.0,0.0,0.0,0.0,0.0,0.25,0.0,0.675,0.0,0.075,0.0,1.0,1.0
924,0.675,0.0,0.25,0.075,0.0,0.0,0.0,1.0,0.0,0.0,0.0,1.0,1.0
925,1.0,0.0,0.0,0.0,0.0,0.25,0.0,0.675,0.0,0.075,0.0,1.0,1.0
926,1.0,0.0,0.0,0.0,0.0,0.25,0.0,0.675,0.0,0.075,0.0,1.0,1.0
927,1.0,0.0,0.0,0.0,0.0,0.25,0.0,0.675,0.0,0.075,0.0,1.0,1.0
928,1.0,0.0,0.0,0.0,0.0,0.25,0.0,0.675,0.0,0.075,0.0,1.0,1.0
929,1.0,0.0,0.0,0.0,0.0,0.25,0.0,0.675,0.0,0.075,0.0,1.0,1.0
930,1.0,0.0,0.0,0.0,0.0,0.25,0.0,0.675,0.0,0.075,0.0,1.0,1.0
931,1.0,0.0,0.0,0.0,0.0,0.25,0.0,0.675,0.0,0.075,0.0,1.0,1.0
932,1.0,0.0,0.0,0.0,0.0,0.25,0.0,0.675,0.0,0.075,0.0,1.0,1.0
933,1.0,0.0,0.0,0.0,0.0,0.25,0.0,0.675,0.0,0.075,0.0,1.0,1.0
934,0.675,0.0,0.25,0.075,0.0,0.0,0.0,1.0,0.0,0.0,0.0,1.0,1.0
935,1.0,0.0,0.0,0.0,0.0,0.25,0.0,0.675,0.0,0.075,0.0,1.0,1.0
936,1.0,0.0,0.0,0.0,0.0,0.25,0.0,0.675,0.0,0.075,0.0,1.0,1.0
937,1.0,0.0,0.0,0.0,0.0,0.25,0.0,0.675,0.0,0.075,0.0,1.0,1.0
938,1.0,0.0,0.0,0.0,0.0,0.25,0.0,0.675,0.0,0.075,0.0,1.0,1.0
939,0.675,0.0,0.25,0.075,0.0,0.0,0.0,1.0,0.0,0.0,0.0,1.0,1.0
940,0.675,0.0,0.25,0.075,0.0,0.0,0.0,1.0,0.0,0.0,0.0,1.0,1.0
941,0.675,0.0,0.25,0.075,0.0,0.0,0.0,1.0,0.0,0.0,0.0,1.0,1.0
942,1.0,0.0,0.0,0.0,0.0,0.25,0.0,0.675,0.0,0.075,0.0,1.0,1.0
943,1.0,0.0,0.0,0.0,0.0,0.25,0.0,0.675,0.0,0.075,0.0,1.0,1.0
944,0.675,0.0,0.25,0.075,0.0,0.0,0.0,1.0,0.0,0.0,0.0,1.0,1.0
945,0.9,0.0,0.0,0.1,0.0,0.25,0.0,0.75,0.0,0.0,0.0,1.0,1.0
946,0.9,0.0,0.0,0.1,0.0,0.25,0.0,0.75,0.0,0.0,0.0,1.0,1.0
947,0.675,0.0,0.25,0.075,0.0,0.0,0.0,1.0,0.0,0.0,0.0,1.0,1.0
948,0.675,0.0,0.25,0.075,0.0,0.0,0.0,1.0,0.0,0.0,0.0,1.0,1.0
949,0.675,0.0,0.25,0.075,0.0,0.0,0.0,1.0,0.0,0.0,0.0,1.0,1.0
950,0.75,0.0,0.25,0.0,0.0,0.0,0.0,0.9,0.0,0.1,0.0,1.0,1.0
951,0.675,0.0,0.25,0.075,0.0,0.0,0.0,1.0,0.0,0.0,0.0,1.0,1.0
952,0.675,0.0,0.25,0.075,0.0,0.0,0.0,1.0,0.0,0.0,0.0,1.0,1.0
953,0.675,0.0,0.25,0.075,0.0,0.0,0.0,1.0,0.0,0.0,0.0,1.0,1.0
954,0.675,0.0,0.25,0.075,0.0,0.0,0.0,1.0,0.0,0.0,0.0,1.0,1.0
955,0.675,0.0,0.25,0.075,0.0,0.0,0.0,1.0,0.0,0.0,0.0,1.0,1.0
956,0.675,0.0,0.25,0.075,0.0,0.0,0.0,1.0,0.0,0.0,0.0,1.0,1.0
957,0.675,0.0,0.25,0.075,0.0,0.0,0.0,1.0,0.0,0.0,0.0,1.0,1.0
958,0.675,0.0,0.25,0.075,0.0,0.0,0.0,1.0,0.0,0.0,0.0,1.0,1.0
959,0.75,0.0,0.25,0.0,0.0,0.0,0.0,0.9,0.0,0.1,0.0,1.0,1.0
960,0.75,0.0,0.25,0.0,0.0,0.0,0.0,0.9,0.0,0.1,0.0,1.0,1.0
961,0.675,0.0,0.25,0.075,0.0,0.0,0.0,1.0,0.0,0.0,0.0,1.0,1.0
962,0.675,0.0,0.25,0.075,0.0,0.0,0.0,1.0,0.0,0.0,0.0,1.0,1.0
963,0.675,0.0,0.25,0.075,0.0,0.0,0.0,1.0,0.0,0.0,0.0,1.0,1.0
964,0.75,0.0,0.25,0.0,0.0,0.0,0.0,0.9,0.0,0.1,0.0,1.0,1.0
965,0.75,0.0,0.25,0.0,0.0,0.0,0.0,0.9,0.0,0.1,0.0,1.0,1.0
966,0.75,0.0,0.25,0.0,0.0,0.0,0.0,0.9,0.0,0.1,0.0,1.0,1.0
967,0.675,0.0,0.25,0.075,0.0,0.0,0.0,1.0,0.0,0.0,0.0,1.0,1.0
968,0.675,0.0,0.25,0.075,0.0,0.0,0.0,1.0,0.0,0.0,0.0,1.0,1.0
969,0.675,0.0,0.25,0.075,0.0,0.0,0.0,1.0,0.0,0.0,0.0,1.0,1.0
970,0.675,0.0,0.25,0.075,0.0,0.0,0.0,1.0,0.0,0.0,0.0,1.0,1.0
971,0.75,0.0,0.25,0.0,0.0,0.0,0.0,0.9,0.0,0.1,0.0,1.0,1.0
972,0.75,0.0,0.25,0.0,0.0,0.0,0.0,0.9,0.0,0.1,0.0,1.0,1.0
973,1.0,0.0,0.0,0.0,0.0,0.25,0.0,0.675,0.0,0.075,0.0,1.0,1.0
974,1.0,0.0,0.0,0.0,0.0,0.25,0.0,0.675,0.0,0.075,0.0,1.0,1.0
975,1.0,0.0,0.0,0.0,0.0,0.25,0.0,0.675,0.0,0.075,0.0,1.0,1.0
976,1.0,0.0,0.0,0.0,0.0,0.25,0.0,0.675,0.0,0.075,0.0,1.0,1.0
977,1.0,0.0,0.0,0.0,0.0,0.25,0.0,0.675,0.0,0.075,0.0,1.0,1.0
978,1.0,0.0,0.0,0.0,0.0,0.25,0.0,0.675,0.0,0.075,0.0,1.0,1.0
979,1.0,0.0,0.0,0.0,0.0,0.25,0.0,0.675,0.0,0.075,0.0,1.0,1.0
980,1.0,0.0,0.0,0.0,0.0,0.25,0.0,0.675,0.0,0.075,0.0,1.0,1.0
981,0.75,0.0,0.25,0.0,0.0,0.0,0.0,0.9,0.0,0.1,0.0,1.0,1.0
982,0.75,0.0,0.25,0.0,0.0,0.0,0.0,0.9,0.0,0.1,0.0,1.0,1.0
983,0.75,0.0,0.25,0.0,0.0,0.0,0.0,0.9,0.0,0.1,0.0,1.0,1.0
984,0.75,0.0,0.25,0.0,0.0,0.0,0.0,0.9,0.0,0.1,0.0,1.0,1.0
985,0.75,0.0,0.25,0.0,0.0,0.0,0.0,0.9,0.0,0.1,0.0,1.0,1.0
986,0.75,0.0,0.25,0.0,0.0,0.0,0.0,0.9,0.0,0.1,0.0,1.0,1.0
987,0.75,0.0,0.25,0.0,0.0,0.0,0.0,0.9,0.0,0.1,0.0,1.0,1.0
988,0.8333333333333334,0.06666666666666667,0.0,0.1,0.0,0.0,0.26666666666666666,0.7333333333333333,0.0,0.0,0.0,1.0,1.0
989,0.675,0.0,0.25,0.075,0.0,0.0,0.0,1.0,0.0,0.0,0.0,1.0,1.0
990,0.675,0.0,0.25,0.075,0.0,0.0,0.0,1.0,0.0,0.0,0.0,1.0,1.0
991,0.675,0.0,0.25,0.075,0.0,0.0,0.0,1.0,0.0,0.0,0.0,1.0,1.0
992,0.675,0.0,0.25,0.075,0.0,0.0,0.0,1.0,0.0,0.0,0.0,1.0,1.0
993,0.675,0.0,0.25,0.075,0.0,0.0,0.0,1.0,0.0,0.0,0.0,1.0,1.0
994,0.675,0.0,0.25,0.075,0.0,0.0,0.0,1.0,0.0,0.0,0.0,1.0,1.0
995,0.675,0.0,0.25,0.075,0.0,0.0,0.0,1.0,0.0,0.0,0.0,1.0,1.0
996,0.675,0.0,0.25,0.075,0.0,0.0,0.0,1.0,0.0,0.0,0.0,1.0,1.0
997,0.675,0.0,0.25,0.075,0.0,0.0,0.0,1.0,0.0,0.0,0.0,1.0,1.0
998,0.75,0.0,0.25,0.0,0.0,0.0,0.0,0.9,0.0,0.1,0.0,1.0,1.0
999,0.75,0.0,0.25,0.0,0.0,0.0,0.0,0.9,0.0,0.1,0.0,1.0,1.0
1000,0.675,0.0,0.25,0.075,0.0,0.0,0.0,1.0,0.0,0.0,0.0,1.0,1.0
1001,0.675,0.0,0.25,0.075,0.0,0.0,0.0,1.0,0.0,0.0,0.0,1.0,1.0
1002,0.75,0.0,0.25,0.0,0.0,0.0,0.0,0.9,0.0,0.1,0.0,1.0,1.0
1003,0.675,0.0,0.25,0.075,0.0,0.0,0.0,1.0,0.0,0.0,0.0,1.0,1.0
1004,0.675,0.0,0.25,0.075,0.0,0.0,0.0,1.0,0.0,0.0,0.0,1.0,1.0
1005,0.75,0.0,0.25,0.0,0.0,0.0,0.0,0.9,0.0,0.1,0.0,1.0,1.0
1006,0.75,0.0,0.25,0.0,0.0,0.0,0.0,0.9,0.0,0.1,0.0,1.0,1.0
1007,0.75,0.0,0.25,0.0,0.0,0.0,0.0,0.9,0.0,0.1,0.0,1.0,1.0
1008,0.675,0.0,0.25,0.075,0.0,0.0,0.0,1.0,0.0,0.0,0.0,1.0,1.0
1009,0.675,0.0,0.25,0.075,0.0,0.0,0.0,1.0,0.0,0.0,0.0,1.0,1.0
1010,0.75,0.0,0.25,0.0,0.0,0.0,0.0,0.9,0.0,0.1,0.0,1.0,1.0
1011,0.75,0.0,0.25,0.0,0.0,0.0,0.0,0.9,0.0,0.1,0.0,1.0,1.0
1012,0.75,0.0,0.25,0.0,0.0,0.0,0.0,0.9,0.0,0.1,0.0,1.0,1.0
1013,0.75,0.0,0.25,0.0,0.0,0.0,0.0,0.9,0.0,0.1,0.0,1.0,1.0
1014,0.75,0.0,0.25,0.0,0.0,0.0,0.0,0.9,0.0,0.1,0.0,1.0,1.0
1015,0.675,0.0,0.25,0.075,0.0,0.0,0.0,1.0,0.0,0.0,0.0,1.0,1.0
1016,1.0,0.0,0.0,0.0,0.0,0.23255813953488372,0.0,0.6976744186046512,0.06976744186046512,0.0,0.0,1.0,1.0
1017,0.75,0.0,0.25,0.0,0.0,0.0,0.0,0.9,0.0,0.1,0.0,1.0,1.0
1018,0.675,0.0,0.25,0.075,0.0,0.0,0.0,1.0,0.0,0.0,0.0,1.0,1.0
1019,0.675,0.0,0.25,0.075,0.0,0.0,0.0,1.0,0.0,0.0,0.0,1.0,1.0
1020,0.675,0.0,0.25,0.075,0.0,0.0,0.0,1.0,0.0,0.0,0.0,1.0,1.0
1021,0.75,0.0,0.25,0.0,0.0,0.0,0.0,0.9,0.0,0.1,0.0,1.0,1.0
1022,0.75,0.0,0.25,0.0,0.0,0.0,0.0,0.9,0.0,0.1,0.0,1.0,1.0
1023,0.7,0.3,0.0,0.0,0.0,0.0,0.0,0.9,0.0,0.1,0.07142857142857142,0.9285714285714286,1.0
1024,0.9333333333333333,0.06666666666666667,0.0,0.0,0.0,0.0,0.26666666666666666,0.6333333333333333,0.0,0.1,0.0,1.0,1.0
1025,0.675,0.0,0.25,0.075,0.0,0.0,0.0,1.0,0.0,0.0,0.0,1.0,1.0
1026,0.675,0.0,0.25,0.075,0.0,0.0,0.0,1.0,0.0,0.0,0.0,1.0,1.0
1027,1.0,0.0,0.0,0.0,0.0,0.23255813953488372,0.0,0.6976744186046512,0.06976744186046512,0.0,0.0,1.0,1.0
1028,0.8333333333333334,0.06666666666666667,0.0,0.1,0.0,0.0,0.26666666666666666,0.7333333333333333,0.0,0.0,0.0,1.0,1.0
1029,0.7333333333333333,0.16666666666666666,0.0,0.1,0.0,0.0,0.16666666666666666,0.8333333333333334,0.0,0.0,0.0,1.0,1.0
1030,0.84375,0.0,0.0625,0.09375,0.0,0.0,0.26666666666666666,0.7333333333333333,0.0,0.0,0.0,1.0,1.0
1031,0.8181818181818182,0.0,0.09090909090909091,0.09090909090909091,0.0,0.0,0.23333333333333334,0.7666666666666667,0.0,0.0,0.0,1.0,1.0
1032,1.0,0.0,0.0,0.0,0.0,0.23255813953488372,0.0,0.6976744186046512,0.06976744186046512,0.0,0.0,1.0,1.0
1033,0.675,0.0,0.25,0.075,0.0,0.0,0.0,1.0,0.0,0.0,0.0,1.0,1.0
1034,1.0,0.0,0.0,0.0,0.0,0.23255813953488372,0.0,0.6976744186046512,0.06976744186046512,0.0,0.0,1.0,1.0
1035,1.0,0.0,0.0,0.0,0.0,0.23255813953488372,0.0,0.6976744186046512,0.06976744186046512,0.0,0.0,1.0,1.0
1036,0.75,0.0,0.25,0.0,0.0,0.0,0.0,0.9,0.0,0.1,0.0,1.0,1.0
1037,1.0,0.0,0.0,0.0,0.0,0.23255813953488372,0.0,0.6976744186046512,0.06976744186046512,0.0,0.0,1.0,1.0
1038,1.0,0.0,0.0,0.0,0.0,0.23255813953488372,0.0,0.6976744186046512,0.06976744186046512,0.0,0.0,1.0,1.0
1039,1.0,0.0,0.0,0.0,0.0,0.23255813953488372,0.0,0.6976744186046512,0.06976744186046512,0.0,0.0,1.0,1.0
1040,0.675,0.0,0.25,0.075,0.0,0.0,0.0,1.0,0.0,0.0,0.0,1.0,1.0
1041,0.75,0.0,0.25,0.0,0.0,0.0,0.0,0.9,0.0,0.1,0.0,1.0,1.0
1042,0.75,0.0,0.25,0.0,0.0,0.0,0.0,0.9,0.0,0.1,0.0,1.0,1.0
1043,0.75,0.0,0.25,0.0,0.0,0.0,0.0,0.9,0.0,0.1,0.0,1.0,1.0
1044,0.75,0.0,0.25,0.0,0.0,0.0,0.0,0.9,0.0,0.1,0.0,1.0,1.0
1045,0.75,0.0,0.25,0.0,0.0,0.0,0.0,0.9,0.0,0.1,0.0,1.0,1.0
1046,0.675,0.0,0.25,0.075,0.0,0.0,0.0,1.0,0.0,0.0,0.0,1.0,1.0
1047,0.675,0.0,0.25,0.075,0.0,0.0,0.0,1.0,0.0,0.0,0.0,1.0,1.0
1048,1.0,0.0,0.0,0.0,0.0,0.23255813953488372,0.0,0.6976744186046512,0.06976744186046512,0.0,0.0,1.0,1.0
1049,1.0,0.0,0.0,0.0,0.0,0.23255813953488372,0.0,0.6976744186046512,0.06976744186046512,0.0,0.0,1.0,1.0
1050,0.675,0.0,0.25,0.075,0.0,0.0,0.0,1.0,0.0,0.0,0.0,1.0,1.0
1051,0.675,0.0,0.25,0.075,0.0,0.0,0.0,1.0,0.0,0.0,0.0,1.0,1.0
1052,0.675,0.0,0.25,0.075,0.0,0.0,0.0,1.0,0.0,0.0,0.0,1.0,1.0
1053,0.675,0.0,0.25,0.075,0.0,0.0,0.0,1.0,0.0,0.0,0.0,1.0,1.0
1054,0.75,0.0,0.25,0.0,0.0,0.0,0.0,0.9,0.0,0.1,0.0,1.0,1.0
1055,0.75,0.0,0.25,0.0,0.0,0.0,0.0,0.9,0.0,0.1,0.0,1.0,1.0
1056,0.75,0.0,0.25,0.0,0.0,0.0,0.0,0.9,0.0,0.1,0.0,1.0,1.0
1057,1.0,0.0,0.0,0.0,0.0,0.23255813953488372,0.0,0.6976744186046512,0.06976744186046512,0.0,0.0,1.0,1.0
1058,0.6976744186046512,0.0,0.23255813953488372,0.0,0.06976744186046512,0.0,0.0,1.0,0.0,0.0,0.0,1.0,1.0
1059,0.6976744186046512,0.0,0.23255813953488372,0.0,0.06976744186046512,0.0,0.0,1.0,0.0,0.0,0.0,1.0,1.0
1060,0.75,0.0,0.25,0.0,0.0,0.0,0.0,0.9,0.0,0.1,0.0,1.0,1.0
1061,0.75,0.0,0.25,0.0,0.0,0.0,0.0,0.9,0.0,0.1,0.0,1.0,1.0
1062,0.675,0.0,0.25,0.075,0.0,0.0,0.0,1.0,0.0,0.0,0.0,1.0,1.0
1063,0.675,0.0,0.25,0.075,0.0,0.0,0.0,1.0,0.0,0.0,0.0,1.0,1.0
1064,0.6976744186046512,0.0,0.23255813953488372,0.0,0.06976744186046512,0.0,0.0,1.0,0.0,0.0,0.0,1.0,1.0
1065,0.6976744186046512,0.0,0.23255813953488372,0.0,0.06976744186046512,0.0,0.0,1.0,0.0,0.0,0.0,1.0,1.0
1066,0.6976744186046512,0.0,0.23255813953488372,0.0,0.06976744186046512,0.0,0.0,1.0,0.0,0.0,0.0,1.0,1.0
1067,0.75,0.0,0.25,0.0,0.0,0.0,0.0,0.9,0.0,0.1,0.0,1.0,1.0
1068,0.75,0.0,0.25,0.0,0.0,0.0,0.0,0.9,0.0,0.1,0.0,1.0,1.0
1069,0.675,0.0,0.25,0.075,0.0,0.0,0.0,1.0,0.0,0.0,0.0,1.0,1.0
1070,0.6976744186046512,0.0,0.23255813953488372,0.0,0.06976744186046512,0.0,0.0,1.0,0.0,0.0,0.0,1.0,1.0
1071,0.6976744186046512,0.0,0.23255813953488372,0.0,0.06976744186046512,0.0,0.0,1.0,0.0,0.0,0.0,1.0,1.0
1072,0.675,0.0,0.25,0.075,0.0,0.0,0.0,1.0,0.0,0.0,0.0,1.0,1.0
1073,0.75,0.0,0.25,0.0,0.0,0.0,0.0,0.9,0.0,0.1,0.0,1.0,1.0
1074,0.6976744186046512,0.0,0.23255813953488372,0.0,0.06976744186046512,0.0,0.0,1.0,0.0,0.0,0.0,1.0,1.0
1075,1.0,0.0,0.0,0.0,0.0,0.23255813953488372,0.0,0.6976744186046512,0.06976744186046512,0.0,0.0,1.0,1.0
1076,1.0,0.0,0.0,0.0,0.0,0.23255813953488372,0.0,0.6976744186046512,0.06976744186046512,0.0,0.0,1.0,1.0
1077,1.0,0.0,0.0,0.0,0.0,0.23255813953488372,0.0,0.6976744186046512,0.06976744186046512,0.0,0.0,1.0,1.0
1078,1.0,0.0,0.0,0.0,0.0,0.23255813953488372,0.0,0.6976744186046512,0.06976744186046512,0.0,0.0,1.0,1.0
1079,1.0,0.0,0.0,0.0,0.0,0.23255813953488372,0.0,0.6976744186046512,0.06976744186046512,0.0,0.0,1.0,1.0
1080,0.6976744186046512,0.0,0.23255813953488372,0.0,0.06976744186046512,0.0,0.0,1.0,0.0,0.0,0.0,1.0,1.0
1081,1.0,0.0,0.0,0.0,0.0,0.23255813953488372,0.0,0.6976744186046512,0.06976744186046512,0.0,0.0,1.0,1.0
1082,1.0,0.0,0.0,0.0,0.0,0.23255813953488372,0.0,0.6976744186046512,0.06976744186046512,0.0,0.0,1.0,1.0
1083,1.0,0.0,0.0,0.0,0.0,0.23255813953488372,0.0,0.6976744186046512,0.06976744186046512,0.0,0.0,1.0,1.0
1084,1.0,0.0,0.0,0.0,0.0,0.23255813953488372,0.0,0.6976744186046512,0.06976744186046512,0.0,0.0,1.0,1.0
1085,1.0,0.0,0.0,0.0,0.0,0.23255813953488372,0.0,0.6976744186046512,0.06976744186046512,0.0,0.0,1.0,1.0
1086,1.0,0.0,0.0,0.0,0.0,0.23255813953488372,0.0,0.6976744186046512,0.06976744186046512,0.0,0.0,1.0,1.0
1087,0.75,0.0,0.25,0.0,0.0,0.0,0.0,0.9,0.0,0.1,0.0,1.0,1.0
1088,0.75,0.0,0.25,0.0,0.0,0.0,0.0,0.9,0.0,0.1,0.0,1.0,1.0
1089,0.75,0.0,0.25,0.0,0.0,0.0,0.0,0.9,0.0,0.1,0.0,1.0,1.0
1090,0.75,0.0,0.25,0.0,0.0,0.0,0.0,0.9,0.0,0.1,0.0,1.0,1.0
1091,0.75,0.0,0.25,0.0,0.0,0.0,0.0,0.9,0.0,0.1,0.0,1.0,1.0
1092,0.75,0.0,0.25,0.0,0.0,0.0,0.0,0.9,0.0,0.1,0.0,1.0,1.0
1093,0.75,0.0,0.25,0.0,0.0,0.0,0.0,0.9,0.0,0.1,0.0,1.0,1.0
1094,0.75,0.0,0.25,0.0,0.0,0.0,0.0,0.9,0.0,0.1,0.0,1.0,1.0
1095,0.75,0.0,0.25,0.0,0.0,0.0,0.0,0.9,0.0,0.1,0.0,1.0,1.0
1096,0.75,0.0,0.25,0.0,0.0,0.0,0.0,0.9,0.0,0.1,0.0,1.0,1.0
1097,0.75,0.0,0.25,0.0,0.0,0.0,0.0,0.9,0.0,0.1,0.0,1.0,1.0
1098,0.75,0.0,0.25,0.0,0.0,0.0,0.0,0.9,0.0,0.1,0.0,1.0,1.0
1099,0.675,0.0,0.25,0.075,0.0,0.0,0.0,1.0,0.0,0.0,0.0,1.0,1.0
1100,0.675,0.0,0.25,0.075,0.0,0.0,0.0,1.0,0.0,0.0,0.0,1.0,1.0
1101,0.75,0.0,0.25,0.0,0.0,0.0,0.0,0.9,0.0,0.1,0.0,1.0,1.0
1102,0.75,0.0,0.25,0.0,0.0,0.0,0.0,0.9,0.0,0.1,0.0,1.0,1.0
1103,0.75,0.0,0.25,0.0,0.0,0.0,0.0,0.9,0.0,0.1,0.0,1.0,1.0
1104,0.75,0.0,0.25,0.0,0.0,0.0,0.0,0.9,0.0,0.1,0.0,1.0,1.0
1105,0.75,0.0,0.25,0.0,0.0,0.0,0.0,0.9,0.0,0.1,0.0,1.0,1.0
1106,1.0,0.0,0.0,0.0,0.0,0.23255813953488372,0.0,0.6976744186046512,0.06976744186046512,0.0,0.0,1.0,1.0
1107,1.0,0.0,0.0,0.0,0.0,0.23255813953488372,0.0,0.6976744186046512,0.06976744186046512,0.0,0.0,1.0,1.0
1108,1.0,0.0,0.0,0.0,0.0,0.23255813953488372,0.0,0.6976744186046512,0.06976744186046512,0.0,0.0,1.0,1.0
1109,0.75,0.0,0.25,0.0,0.0,0.0,0.0,0.9,0.0,0.1,0.0,1.0,1.0
1110,0.75,0.0,0.25,0.0,0.0,0.0,0.0,0.9,0.0,0.1,0.0,1.0,1.0
1111,0.75,0.0,0.25,0.0,0.0,0.0,0.0,0.9,0.0,0.1,0.0,1.0,1.0
1112,0.75,0.0,0.25,0.0,0.0,0.0,0.0,0.9,0.0,0.1,0.0,1.0,1.0
1113,0.75,0.0,0.25,0.0,0.0,0.0,0.0,0.9,0.0,0.1,0.0,1.0,1.0
1114,0.675,0.0,0.25,0.075,0.0,0.0,0.0,1.0,0.0,0.0,0.0,1.0,1.0
1115,1.0,0.0,0.0,0.0,0.0,0.23255813953488372,0.0,0.6976744186046512,0.06976744186046512,0.0,0.0,1.0,1.0
1116,1.0,0.0,0.0,0.0,0.0,0.23255813953488372,0.0,0.6976744186046512,0.06976744186046512,0.0,0.0,1.0,1.0
1117,0.75,0.0,0.25,0.0,0.0,0.0,0.0,0.9,0.0,0.1,0.0,1.0,1.0
1118,0.75,0.0,0.25,0.0,0.0,0.0,0.0,0.9,0.0,0.1,0.0,1.0,1.0
1119,0.75,0.0,0.25,0.0,0.0,0.0,0.0,0.9,0.0,0.1,0.0,1.0,1.0
1120,0.675,0.0,0.25,0.075,0.0,0.0,0.0,1.0,0.0,0.0,0.0,1.0,1.0
1121,0.675,0.0,0.25,0.075,0.0,0.0,0.0,1.0,0.0,0.0,0.0,1.0,1.0
1122,0.675,0.0,0.25,0.075,0.0,0.0,0.0,1.0,0.0,0.0,0.0,1.0,1.0
1123,0.675,0.0,0.25,0.075,0.0,0.0,0.0,1.0,0.0,0.0,0.0,1.0,1.0
1124,0.8823529411764706,0.0,0.11764705882352941,0.0,0.0,0.0,0.2,0.7,0.0,0.1,0.0,1.0,1.0
1125,0.6578947368421053,0.13157894736842105,0.13157894736842105,0.0,0.07894736842105263,0.0,0.0,1.0,0.0,0.0,0.0,1.0,1.0
1126,0.675,0.0,0.25,0.075,0.0,0.0,0.0,1.0,0.0,0.0,0.0,1.0,1.0
1127,0.75,0.0,0.25,0.0,0.0,0.0,0.0,0.9,0.0,0.1,0.0,1.0,1.0
1128,0.75,0.0,0.25,0.0,0.0,0.0,0.0,0.9090909090909091,0.09090909090909091,0.0,0.0,1.0,1.0
1129,0.675,0.0,0.25,0.075,0.0,0.0,0.0,1.0,0.0,0.0,0.0,1.0,1.0
1130,0.675,0.0,0.25,0.075,0.0,0.0,0.0,1.0,0.0,0.0,0.0,1.0,1.0
1131,0.75,0.0,0.25,0.0,0.0,0.0,0.0,0.9,0.0,0.1,0.0,1.0,1.0
1132,0.75,0.0,0.25,0.0,0.0,0.0,0.0,0.9,0.0,0.1,0.0,1.0,1.0
1133,0.75,0.0,0.25,0.0,0.0,0.0,0.0,0.9090909090909091,0.09090909090909091,0.0,0.0,1.0,1.0
1134,0.75,0.0,0.25,0.0,0.0,0.0,0.0,0.9090909090909091,0.09090909090909091,0.0,0.0,1.0,1.0
1135,0.75,0.0,0.25,0.0,0.0,0.0,0.0,0.9090909090909091,0.09090909090909091,0.0,0.0,1.0,1.0
1136,0.75,0.0,0.25,0.0,0.0,0.0,0.0,0.9090909090909091,0.09090909090909091,0.0,0.0,1.0,1.0
1137,0.75,0.0,0.25,0.0,0.0,0.0,0.0,0.9090909090909091,0.09090909090909091,0.0,0.0,1.0,1.0
1138,0.75,0.0,0.25,0.0,0.0,0.0,0.0,0.9090909090909091,0.09090909090909091,0.0,0.0,1.0,1.0
1139,0.675,0.0,0.25,0.075,0.0,0.0,0.0,1.0,0.0,0.0,0.0,1.0,1.0
1140,0.675,0.0,0.25,0.075,0.0,0.0,0.0,1.0,0.0,0.0,0.0,1.0,1.0
1141,0.675,0.0,0.25,0.075,0.0,0.0,0.0,1.0,0.0,0.0,0.0,1.0,1.0
1142,0.75,0.0,0.25,0.0,0.0,0.0,0.0,0.9,0.0,0.1,0.0,1.0,1.0
1143,0.75,0.0,0.25,0.0,0.0,0.0,0.0,0.9,0.0,0.1,0.0,1.0,1.0
1144,0.75,0.0,0.25,0.0,0.0,0.0,0.0,0.9090909090909091,0.09090909090909091,0.0,0.0,1.0,1.0
1145,0.9,0.0,0.0,0.1,0.0,0.25,0.0,0.75,0.0,0.0,0.0,1.0,1.0
1146,0.9,0.0,0.0,0.1,0.0,0.25,0.0,0.75,0.0,0.0,0.0,1.0,1.0
1147,0.9,0.0,0.0,0.1,0.0,0.25,0.0,0.75,0.0,0.0,0.0,1.0,1.0
1148,0.75,0.0,0.25,0.0,0.0,0.0,0.0,0.9090909090909091,0.09090909090909091,0.0,0.0,1.0,1.0
1149,0.75,0.0,0.25,0.0,0.0,0.0,0.0,0.9090909090909091,0.09090909090909091,0.0,0.0,1.0,1.0
1150,0.75,0.0,0.25,0.0,0.0,0.0,0.0,0.9090909090909091,0.09090909090909091,0.0,0.0,1.0,1.0
1151,0.75,0.0,0.25,0.0,0.0,0.0,0.0,0.9090909090909091,0.09090909090909091,0.0,0.0,1.0,1.0
1152,0.75,0.0,0.25,0.0,0.0,0.0,0.0,0.9090909090909091,0.09090909090909091,0.0,0.0,1.0,1.0
1153,0.9090909090909091,0.0,0.0,0.0,0.09090909090909091,0.25,0.0,0.75,0.0,0.0,0.0,1.0,1.0
1154,0.75,0.0,0.25,0.0,0.0,0.0,0.0,0.9,0.0,0.1,0.0,1.0,1.0
1155,0.75,0.0,0.25,0.0,0.0,0.0,0.0,0.9,0.0,0.1,0.0,1.0,1.0
1156,0.9,0.0,0.0,0.1,0.0,0.25,0.0,0.75,0.0,0.0,0.0,1.0,1.0
1157,0.75,0.0,0.25,0.0,0.0,0.0,0.0,0.9090909090909091,0.09090909090909091,0.0,0.0,1.0,1.0
1158,0.9,0.0,0.0,0.1,0.0,0.25,0.0,0.75,0.0,0.0,0.0,1.0,1.0
1159,0.75,0.0,0.25,0.0,0.0,0.0,0.0,0.9,0.0,0.1,0.0,1.0,1.0
1160,0.75,0.0,0.25,0.0,0.0,0.0,0.0,0.9090909090909091,0.09090909090909091,0.0,0.0,1.0,1.0
1161,0.75,0.0,0.25,0.0,0.0,0.0,0.0,0.9090909090909091,0.09090909090909091,0.0,0.0,1.0,1.0
1162,0.75,0.0,0.25,0.0,0.0,0.0,0.0,0.9090909090909091,0.09090909090909091,0.0,0.0,1.0,1.0
1163,0.9090909090909091,0.0,0.0,0.0,0.09090909090909091,0.25,0.0,0.75,0.0,0.0,0.0,1.0,1.0
1164,0.9090909090909091,0.0,0.0,0.0,0.09090909090909091,0.25,0.0,0.75,0.0,0.0,0.0,1.0,1.0
1165,0.9090909090909091,0.0,0.0,0.0,0.09090909090909091,0.25,0.0,0.75,0.0,0.0,0.0,1.0,1.0
1166,0.9090909090909091,0.0,0.0,0.0,0.09090909090909091,0.25,0.0,0.75,0.0,0.0,0.0,1.0,1.0
1167,0.9090909090909091,0.0,0.0,0.0,0.09090909090909091,0.25,0.0,0.75,0.0,0.0,0.0,1.0,1.0
1168,0.9,0.0,0.0,0.1,0.0,0.25,0.0,0.75,0.0,0.0,0.0,1.0,1.0
1169,0.75,0.0,0.25,0.0,0.0,0.0,0.0,0.9090909090909091,0.09090909090909091,0.0,0.0,1.0,1.0
1170,0.75,0.0,0.25,0.0,0.0,0.0,0.0,0.9090909090909091,0.09090909090909091,0.0,0.0,1.0,1.0
1171,0.75,0.0,0.25,0.0,0.0,0.0,0.0,0.9,0.0,0.1,0.0,1.0,1.0
1172,0.75,0.0,0.25,0.0,0.0,0.0,0.0,0.9,0.0,0.1,0.0,1.0,1.0
1173,0.75,0.0,0.25,0.0,0.0,0.0,0.0,0.9,0.0,0.1,0.0,1.0,1.0
1174,0.9090909090909091,0.0,0.0,0.0,0.09090909090909091,0.25,0.0,0.75,0.0,0.0,0.0,1.0,1.0
1175,0.75,0.0,0.25,0.0,0.0,0.0,0.0,0.9090909090909091,0.09090909090909091,0.0,0.0,1.0,1.0
1176,0.9090909090909091,0.0,0.0,0.0,0.09090909090909091,0.25,0.0,0.75,0.0,0.0,0.0,1.0,1.0
1177,0.75,0.0,0.25,0.0,0.0,0.0,0.0,0.9,0.0,0.1,0.0,1.0,1.0
1178,0.9090909090909091,0.0,0.0,0.0,0.09090909090909091,0.25,0.0,0.75,0.0,0.0,0.0,1.0,1.0
1179,0.75,0.0,0.25,0.0,0.0,0.0,0.0,0.9,0.0,0.1,0.0,1.0,1.0
1180,0.75,0.0,0.25,0.0,0.0,0.0,0.0,0.9,0.0,0.1,0.0,1.0,1.0
1181,0.75,0.0,0.25,0.0,0.0,0.0,0.0,0.9,0.0,0.1,0.0,1.0,1.0
1182,0.675,0.0,0.25,0.075,0.0,0.0,0.0,1.0,0.0,0.0,0.0,1.0,1.0
1183,0.675,0.0,0.25,0.075,0.0,0.0,0.0,1.0,0.0,0.0,0.0,1.0,1.0
1184,0.675,0.0,0.25,0.075,0.0,0.0,0.0,1.0,0.0,0.0,0.0,1.0,1.0
1185,0.9090909090909091,0.0,0.0,0.0,0.09090909090909091,0.25,0.0,0.75,0.0,0.0,0.0,1.0,1.0
1186,0.75,0.0,0.25,0.0,0.0,0.0,0.0,0.9090909090909091,0.09090909090909091,0.0,0.0,1.0,1.0
1187,0.75,0.0,0.25,0.0,0.0,0.0,0.0,0.9,0.0,0.1,0.0,1.0,1.0
1188,0.75,0.0,0.25,0.0,0.0,0.0,0.0,0.9,0.0,0.1,0.0,1.0,1.0
1189,0.75,0.0,0.25,0.0,0.0,0.0,0.0,0.9090909090909091,0.09090909090909091,0.0,0.0,1.0,1.0
1190,0.75,0.0,0.25,0.0,0.0,0.0,0.0,0.9090909090909091,0.09090909090909091,0.0,0.0,1.0,1.0
1191,0.6976744186046512,0.0,0.23255813953488372,0.0,0.06976744186046512,0.0,0.0,1.0,0.0,0.0,0.0,1.0,1.0
1192,0.9090909090909091,0.0,0.0,0.0,0.09090909090909091,0.25,0.0,0.75,0.0,0.0,0.0,1.0,1.0
1193,0.9090909090909091,0.0,0.0,0.0,0.09090909090909091,0.25,0.0,0.75,0.0,0.0,0.0,1.0,1.0
1194,0.9090909090909091,0.0,0.0,0.0,0.09090909090909091,0.25,0.0,0.75,0.0,0.0,0.0,1.0,1.0
1195,0.9090909090909091,0.0,0.0,0.0,0.09090909090909091,0.25,0.0,0.75,0.0,0.0,0.0,1.0,1.0
1196,0.9090909090909091,0.0,0.0,0.0,0.09090909090909091,0.25,0.0,0.75,0.0,0.0,0.0,1.0,1.0
1197,0.9090909090909091,0.0,0.0,0.0,0.09090909090909091,0.25,0.0,0.75,0.0,0.0,0.0,1.0,1.0
1198,0.9090909090909091,0.0,0.0,0.0,0.09090909090909091,0.25,0.0,0.75,0.0,0.0,0.0,1.0,1.0
1199,0.75,0.0,0.25,0.0,0.0,0.0,0.0,0.9090909090909091,0.09090909090909091,0.0,0.0,1.0,1.0
1200,0.6976744186046512,0.0,0.23255813953488372,0.0,0.06976744186046512,0.0,0.0,1.0,0.0,0.0,0.0,1.0,1.0
1201,0.6976744186046512,0.0,0.23255813953488372,0.0,0.06976744186046512,0.0,0.0,1.0,0.0,0.0,0.0,1.0,1.0
1202,0.75,0.0,0.25,0.0,0.0,0.0,0.0,0.9090909090909091,0.09090909090909091,0.0,0.0,1.0,1.0
1203,0.9090909090909091,0.0,0.0,0.0,0.09090909090909091,0.25,0.0,0.75,0.0,0.0,0.0,1.0,1.0
1204,0.75,0.0,0.25,0.0,0.0,0.0,0.0,0.9090909090909091,0.09090909090909091,0.0,0.0,1.0,1.0
1205,0.75,0.0,0.25,0.0,0.0,0.0,0.0,0.9090909090909091,0.09090909090909091,0.0,0.0,1.0,1.0
1206,0.75,0.0,0.25,0.0,0.0,0.0,0.0,0.9,0.0,0.1,0.0,1.0,1.0
1207,0.75,0.0,0.25,0.0,0.0,0.0,0.0,0.9090909090909091,0.09090909090909091,0.0,0.0,1.0,1.0
1208,0.75,0.0,0.25,0.0,0.0,0.0,0.0,0.9090909090909091,0.09090909090909091,0.0,0.0,1.0,1.0
1209,0.75,0.0,0.25,0.0,0.0,0.0,0.0,0.9090909090909091,0.09090909090909091,0.0,0.0,1.0,1.0
1210,0.75,0.0,0.25,0.0,0.0,0.0,0.0,0.9090909090909091,0.09090909090909091,0.0,0.0,1.0,1.0
1211,0.6976744186046512,0.0,0.23255813953488372,0.0,0.06976744186046512,0.0,0.0,1.0,0.0,0.0,0.0,1.0,1.0
1212,0.75,0.0,0.25,0.0,0.0,0.0,0.0,0.9090909090909091,0.09090909090909091,0.0,0.0,1.0,1.0
1213,0.6976744186046512,0.0,0.23255813953488372,0.0,0.06976744186046512,0.0,0.0,1.0,0.0,0.0,0.0,1.0,1.0
1214,0.6976744186046512,0.0,0.23255813953488372,0.0,0.06976744186046512,0.0,0.0,1.0,0.0,0.0,0.0,1.0,1.0
1215,0.6976744186046512,0.0,0.23255813953488372,0.0,0.06976744186046512,0.0,0.0,1.0,0.0,0.0,0.0,1.0,1.0
1216,0.9090909090909091,0.0,0.0,0.0,0.09090909090909091,0.25,0.0,0.75,0.0,0.0,0.0,1.0,1.0
1217,0.75,0.0,0.25,0.0,0.0,0.0,0.0,0.9,0.0,0.1,0.0,1.0,1.0
1218,0.75,0.0,0.25,0.0,0.0,0.0,0.0,0.9090909090909091,0.09090909090909091,0.0,0.0,1.0,1.0
1219,0.75,0.0,0.25,0.0,0.0,0.0,0.0,0.9090909090909091,0.09090909090909091,0.0,0.0,1.0,1.0
1220,0.6976744186046512,0.0,0.23255813953488372,0.0,0.06976744186046512,0.0,0.0,1.0,0.0,0.0,0.0,1.0,1.0
1221,0.75,0.0,0.25,0.0,0.0,0.0,0.0,0.9090909090909091,0.09090909090909091,0.0,0.0,1.0,1.0
1222,0.75,0.0,0.25,0.0,0.0,0.0,0.0,0.9090909090909091,0.09090909090909091,0.0,0.0,1.0,1.0
1223,0.75,0.0,0.25,0.0,0.0,0.0,0.0,0.9090909090909091,0.09090909090909091,0.0,0.0,1.0,1.0
1224,0.75,0.0,0.25,0.0,0.0,0.0,0.0,0.9090909090909091,0.09090909090909091,0.0,0.0,1.0,1.0
1225,0.75,0.0,0.25,0.0,0.0,0.0,0.0,0.9,0.0,0.1,0.0,1.0,1.0
1226,0.9090909090909091,0.0,0.0,0.0,0.09090909090909091,0.25,0.0,0.75,0.0,0.0,0.0,1.0,1.0
1227,0.9090909090909091,0.0,0.0,0.0,0.09090909090909091,0.25,0.0,0.75,0.0,0.0,0.0,1.0,1.0
1228,0.6976744186046512,0.0,0.23255813953488372,0.0,0.06976744186046512,0.0,0.0,1.0,0.0,0.0,0.0,1.0,1.0
1229,0.6976744186046512,0.0,0.23255813953488372,0.0,0.06976744186046512,0.0,0.0,1.0,0.0,0.0,0.0,1.0,1.0
1230,0.6976744186046512,0.0,0.23255813953488372,0.0,0.06976744186046512,0.0,0.0,1.0,0.0,0.0,0.0,1.0,1.0
1231,0.75,0.0,0.25,0.0,0.0,0.0,0.0,0.9,0.0,0.1,0.0,1.0,1.0
1232,0.75,0.0,0.25,0.0,0.0,0.0,0.0,0.9,0.0,0.1,0.0,1.0,1.0
1233,0.75,0.0,0.25,0.0,0.0,0.0,0.0,0.9,0.0,0.1,0.0,1.0,1.0
1234,0.9090909090909091,0.0,0.0,0.0,0.09090909090909091,0.25,0.0,0.75,0.0,0.0,0.0,1.0,1.0
1235,0.75,0.0,0.25,0.0,0.0,0.0,0.0,0.9090909090909091,0.09090909090909091,0.0,0.0,1.0,1.0
1236,0.9090909090909091,0.0,0.0,0.0,0.09090909090909091,0.25,0.0,0.75,0.0,0.0,0.0,1.0,1.0
1237,0.9090909090909091,0.0,0.0,0.0,0.09090909090909091,0.25,0.0,0.75,0.0,0.0,0.0,1.0,1.0
1238,0.9090909090909091,0.0,0.0,0.0,0.09090909090909091,0.25,0.0,0.75,0.0,0.0,0.0,1.0,1.0
1239,0.9090909090909091,0.0,0.0,0.0,0.09090909090909091,0.25,0.0,0.75,0.0,0.0,0.0,1.0,1.0
1240,0.9090909090909091,0.0,0.0,0.0,0.09090909090909091,0.25,0.0,0.75,0.0,0.0,0.0,1.0,1.0
1241,0.9090909090909091,0.0,0.0,0.0,0.09090909090909091,0.25,0.0,0.75,0.0,0.0,0.0,1.0,1.0
1242,0.9090909090909091,0.0,0.0,0.0,0.09090909090909091,0.25,0.0,0.75,0.0,0.0,0.0,1.0,1.0
1243,0.75,0.0,0.25,0.0,0.0,0.0,0.0,0.9090909090909091,0.09090909090909091,0.0,0.0,1.0,1.0
1244,0.75,0.0,0.25,0.0,0.0,0.0,0.0,0.9,0.0,0.1,0.0,1.0,1.0
1245,0.9090909090909091,0.0,0.0,0.0,0.09090909090909091,0.25,0.0,0.75,0.0,0.0,0.0,1.0,1.0
1246,0.9090909090909091,0.0,0.0,0.0,0.09090909090909091,0.25,0.0,0.75,0.0,0.0,0.0,1.0,1.0
1247,0.75,0.0,0.25,0.0,0.0,0.0,0.0,0.9090909090909091,0.09090909090909091,0.0,0.0,1.0,1.0
1248,0.75,0.0,0.25,0.0,0.0,0.0,0.0,0.9090909090909091,0.09090909090909091,0.0,0.0,1.0,1.0
1249,0.75,0.0,0.25,0.0,0.0,0.0,0.0,0.9,0.0,0.1,0.0,1.0,1.0
