model,alpha,forgetting,run,k,b,prob_ka
Regularization,1,0,1,84,42,0.666666667
Regularization,1,0,2,84,42,0.666666667
Regularization,1,0,3,84,42,0.666666667
Regularization,1,0,4,84,42,0.666666667
Regularization,1,0,5,84,42,0.666666667
Regularization,1,0,6,84,42,0.666666667
Regularization,1,0,7,84,42,0.666666667
Regularization,1,0,8,84,42,0.666666667
Regularization,1,0,9,84,42,0.666666667
Regularization,1,0,10,84,42,0.666666667
Regularization,0.5,0,1,84,42,0.668
Regularization,0.5,0,2,84,42,0.668
Regularization,0.5,0,3,84,42,0.668
Regularization,0.5,0,4,84,42,0.668
Regularization,0.5,0,5,84,42,0.668
Regularization,0.5,0,6,84,42,0.668
Regularization,0.5,0,7,84,42,0.668
Regularization,0.5,0,8,84,42,0.668
Regularization,0.5,0,9,84,42,0.668
Regularization,0.5,0,10,84,42,0.668
Regularization,0.05,0,1,84,42,0.669218372
Regularization,0.05,0,2,84,42,0.669218372
Regularization,0.05,0,3,84,42,0.669218372
Regularization,0.05,0,4,84,42,0.669218372
Regularization,0.05,0,5,84,42,0.669218372
Regularization,0.05,0,6,84,42,0.669218372
Regularization,0.05,0,7,84,42,0.669218372
Regularization,0.05,0,8,84,42,0.669218372
Regularization,0.05,0,9,84,42,0.669218372
Regularization,0.05,0,10,84,42,0.669218372
Regularization,0.0001,0,1,84,42,0.669354566
Regularization,0.0001,0,2,84,42,0.669354566
Regularization,0.0001,0,3,84,42,0.669354566
Regularization,0.0001,0,4,84,42,0.669354566
Regularization,0.0001,0,5,84,42,0.669354566
Regularization,0.0001,0,6,84,42,0.669354566
Regularization,0.0001,0,7,84,42,0.669354566
Regularization,0.0001,0,8,84,42,0.669354566
Regularization,0.0001,0,9,84,42,0.669354566
Regularization,0.0001,0,10,84,42,0.669354566
Regularization,1,0.4,1,55,28,0.662650602
Regularization,1,0.4,2,51,27,0.653846154
Regularization,1,0.4,3,47,20,0.701492537
Regularization,1,0.4,4,54,27,0.666666667
Regularization,1,0.4,5,43,25,0.632352941
Regularization,1,0.4,6,56,27,0.674698795
Regularization,1,0.4,7,54,29,0.65060241
Regularization,1,0.4,8,45,28,0.616438356
Regularization,1,0.4,9,46,23,0.666666667
Regularization,1,0.4,10,57,25,0.695121951
Regularization,0.5,0.4,1,55,28,0.664634146
Regularization,0.5,0.4,2,51,27,0.655844156
Regularization,0.5,0.4,3,47,20,0.704545455
Regularization,0.5,0.4,4,54,27,0.66875
Regularization,0.5,0.4,5,43,25,0.634328358
Regularization,0.5,0.4,6,56,27,0.676829268
Regularization,0.5,0.4,7,54,29,0.652439024
Regularization,0.5,0.4,8,45,28,0.618055556
Regularization,0.5,0.4,9,46,23,0.669117647
Regularization,0.5,0.4,10,57,25,0.697530864
Regularization,0.05,0.4,1,55,28,0.666461159
Regularization,0.05,0.4,2,51,27,0.657687254
Regularization,0.05,0.4,3,47,20,0.707373272
Regularization,0.05,0.4,4,54,27,0.670670038
Regularization,0.05,0.4,5,43,25,0.636157337
Regularization,0.05,0.4,6,56,27,0.678791615
Regularization,0.05,0.4,7,54,29,0.654130703
Regularization,0.05,0.4,8,45,28,0.61954993
Regularization,0.05,0.4,9,46,23,0.671385991
Regularization,0.05,0.4,10,57,25,0.699750312
Regularization,0.0001,0.4,1,55,28,0.666666255
Regularization,0.0001,0.4,2,51,27,0.657894321
Regularization,0.0001,0.4,3,47,20,0.707691669
Regularization,0.0001,0.4,4,54,27,0.670885643
Regularization,0.0001,0.4,5,43,25,0.636363223
Regularization,0.0001,0.4,6,56,27,0.679011904
Regularization,0.0001,0.4,7,54,29,0.654320607
Regularization,0.0001,0.4,8,45,28,0.619717973
Regularization,0.0001,0.4,9,46,23,0.671641279
Regularization,0.0001,0.4,10,57,25,0.6999995
Regularization,1,0.8,1,12,4,0.75
Regularization,1,0.8,2,11,4,0.733333333
Regularization,1,0.8,3,19,9,0.678571429
Regularization,1,0.8,4,23,10,0.696969697
Regularization,1,0.8,5,14,9,0.608695652
Regularization,1,0.8,6,20,8,0.714285714
Regularization,1,0.8,7,14,8,0.636363636
Regularization,1,0.8,8,14,9,0.608695652
Regularization,1,0.8,9,15,8,0.652173913
Regularization,1,0.8,10,15,6,0.714285714
Regularization,0.5,0.8,1,12,4,0.766666667
Regularization,0.5,0.8,2,11,4,0.75
Regularization,0.5,0.8,3,19,9,0.685185185
Regularization,0.5,0.8,4,23,10,0.703125
Regularization,0.5,0.8,5,14,9,0.613636364
Regularization,0.5,0.8,6,20,8,0.722222222
Regularization,0.5,0.8,7,14,8,0.642857143
Regularization,0.5,0.8,8,14,9,0.613636364
Regularization,0.5,0.8,9,15,8,0.659090909
Regularization,0.5,0.8,10,15,6,0.725
Regularization,0.05,0.8,1,12,4,0.783687943
Regularization,0.05,0.8,2,11,4,0.767175573
Regularization,0.05,0.8,3,19,9,0.691570881
Regularization,0.05,0.8,4,23,10,0.709003215
Regularization,0.05,0.8,5,14,9,0.618483412
Regularization,0.05,0.8,6,20,8,0.729885057
Regularization,0.05,0.8,7,14,8,0.649253731
Regularization,0.05,0.8,8,14,9,0.618483412
Regularization,0.05,0.8,9,15,8,0.665876777
Regularization,0.05,0.8,10,15,6,0.735602094
Regularization,0.0001,0.8,1,12,4,0.785710204
Regularization,0.0001,0.8,2,11,4,0.769226627
Regularization,0.0001,0.8,3,19,9,0.692306213
Regularization,0.0001,0.8,4,23,10,0.709676067
Regularization,0.0001,0.8,5,14,9,0.619046485
Regularization,0.0001,0.8,6,20,8,0.730767456
Regularization,0.0001,0.8,7,14,8,0.6499985
Regularization,0.0001,0.8,8,14,9,0.619046485
Regularization,0.0001,0.8,9,15,8,0.666665079
Regularization,0.0001,0.8,10,15,6,0.736839612
Regularization,0.5,0.8,1,12,4,0.766666667
Regularization,0.5,0.8,2,11,4,0.75
Regularization,0.5,0.8,3,19,9,0.685185185
Regularization,0.5,0.8,4,23,10,0.703125
Regularization,0.5,0.8,5,14,9,0.613636364
Regularization,0.5,0.8,6,20,8,0.722222222
Regularization,0.5,0.8,7,14,8,0.642857143
Regularization,0.5,0.8,8,14,9,0.613636364
Regularization,0.5,0.8,9,15,8,0.659090909
Regularization,0.5,0.8,10,15,6,0.725
Regularization,1,0.9,1,5,6,0.454545455
Regularization,1,0.9,2,11,7,0.611111111
Regularization,1,0.9,3,11,4,0.733333333
Regularization,1,0.9,4,8,4,0.666666667
Regularization,1,0.9,5,10,2,0.833333333
Regularization,1,0.9,6,11,5,0.6875
Regularization,1,0.9,7,6,5,0.545454545
Regularization,1,0.9,8,8,6,0.571428571
Regularization,1,0.9,9,7,2,0.777777778
Regularization,1,0.9,10,8,2,0.8
Regularization,0.5,0.9,1,5,6,0.45
Regularization,0.5,0.9,2,11,7,0.617647059
Regularization,0.5,0.9,3,11,4,0.75
Regularization,0.5,0.9,4,8,4,0.681818182
Regularization,0.5,0.9,5,10,2,0.863636364
Regularization,0.5,0.9,6,11,5,0.7
Regularization,0.5,0.9,7,6,5,0.55
Regularization,0.5,0.9,8,8,6,0.576923077
Regularization,0.5,0.9,9,7,2,0.8125
Regularization,0.5,0.9,10,8,2,0.833333333
Regularization,0.05,0.9,1,5,6,0.445054945
Regularization,0.05,0.9,2,11,7,0.624223602
Regularization,0.05,0.9,3,11,4,0.767175573
Regularization,0.05,0.9,4,8,4,0.698019802
Regularization,0.05,0.9,5,10,2,0.896039604
Regularization,0.05,0.9,6,11,5,0.712765957
Regularization,0.05,0.9,7,6,5,0.554945055
Regularization,0.05,0.9,8,8,6,0.582644628
Regularization,0.05,0.9,9,7,2,0.852112676
Regularization,0.05,0.9,10,8,2,0.87037037
Regularization,0.0001,0.9,1,5,6,0.444445679
Regularization,0.0001,0.9,2,11,7,0.624998438
Regularization,0.0001,0.9,3,11,4,0.769226627
Regularization,0.0001,0.9,4,8,4,0.699996
Regularization,0.0001,0.9,5,10,2,0.899992
Regularization,0.0001,0.9,6,11,5,0.714282653
Regularization,0.0001,0.9,7,6,5,0.555554321
Regularization,0.0001,0.9,8,8,6,0.583331944
Regularization,0.0001,0.9,9,7,2,0.857132653
Regularization,0.0001,0.9,10,8,2,0.874990625
Regularization,1,0.95,1,2,1,0.666666667
Regularization,1,0.95,2,6,2,0.75
Regularization,1,0.95,3,5,2,0.714285714
Regularization,1,0.95,4,3,1,0.75
Regularization,1,0.95,5,6,3,0.666666667
Regularization,1,0.95,6,4,3,0.571428571
Regularization,1,0.95,7,7,4,0.636363636
Regularization,1,0.95,8,6,3,0.666666667
Regularization,1,0.95,9,5,2,0.714285714
Regularization,1,0.95,10,6,5,0.545454545
Regularization,0.5,0.95,1,2,1,0.75
Regularization,0.5,0.95,2,6,2,0.785714286
Regularization,0.5,0.95,3,5,2,0.75
Regularization,0.5,0.95,4,3,1,0.833333333
Regularization,0.5,0.95,5,6,3,0.6875
Regularization,0.5,0.95,6,4,3,0.583333333
Regularization,0.5,0.95,7,7,4,0.65
Regularization,0.5,0.95,8,6,3,0.6875
Regularization,0.5,0.95,9,5,2,0.75
Regularization,0.5,0.95,10,6,5,0.55
Regularization,0.05,0.95,1,2,1,0.954545455
Regularization,0.05,0.95,2,6,2,0.827868852
Regularization,0.05,0.95,3,5,2,0.794117647
Regularization,0.05,0.95,4,3,1,0.976190476
Regularization,0.05,0.95,5,6,3,0.711267606
Regularization,0.05,0.95,6,4,3,0.598039216
Regularization,0.05,0.95,7,7,4,0.664835165
Regularization,0.05,0.95,8,6,3,0.711267606
Regularization,0.05,0.95,9,5,2,0.794117647
Regularization,0.05,0.95,10,6,5,0.554945055
Regularization,0.0001,0.95,1,2,1,0.99990002
Regularization,0.0001,0.95,2,6,2,0.833322223
Regularization,0.0001,0.95,3,5,2,0.799988
Regularization,0.0001,0.95,4,3,1,0.999950005
Regularization,0.0001,0.95,5,6,3,0.714279592
Regularization,0.0001,0.95,6,4,3,0.599996
Regularization,0.0001,0.95,7,7,4,0.666662963
Regularization,0.0001,0.95,8,6,3,0.714279592
Regularization,0.0001,0.95,9,5,2,0.799988
Regularization,0.0001,0.95,10,6,5,0.555554321
Regularization,1,0.98,1,3,2,0.6
Regularization,1,0.98,2,2,1,0.666666667
Regularization,1,0.98,3,3,1,0.75
Regularization,1,0.98,4,3,2,0.6
Regularization,1,0.98,5,2,1,0.666666667
Regularization,1,0.98,6,2,1,0.666666667
Regularization,1,0.98,7,4,1,0.8
Regularization,1,0.98,8,2,1,0.666666667
Regularization,1,0.98,9,2,1,0.666666667
Regularization,1,0.98,10,3,2,0.6
Regularization,0.5,0.98,1,3,2,0.625
Regularization,0.5,0.98,2,2,1,0.75
Regularization,0.5,0.98,3,3,1,0.833333333
Regularization,0.5,0.98,4,3,2,0.625
Regularization,0.5,0.98,5,2,1,0.75
Regularization,0.5,0.98,6,2,1,0.75
Regularization,0.5,0.98,7,4,1,0.875
Regularization,0.5,0.98,8,2,1,0.75
Regularization,0.5,0.98,9,2,1,0.75
Regularization,0.5,0.98,10,3,2,0.625
Regularization,0.05,0.98,1,3,2,0.661290323
Regularization,0.05,0.98,2,2,1,0.954545455
Regularization,0.05,0.98,3,3,1,0.976190476
Regularization,0.05,0.98,4,3,2,0.661290323
Regularization,0.05,0.98,5,2,1,0.954545455
Regularization,0.05,0.98,6,2,1,0.954545455
Regularization,0.05,0.98,7,4,1,0.983870968
Regularization,0.05,0.98,8,2,1,0.954545455
Regularization,0.05,0.98,9,2,1,0.954545455
Regularization,0.05,0.98,10,3,2,0.661290323
Regularization,0.0001,0.98,1,3,2,0.666655556
Regularization,0.0001,0.98,2,2,1,0.99990002
Regularization,0.0001,0.98,3,3,1,0.999950005
Regularization,0.0001,0.98,4,3,2,0.666655556
Regularization,0.0001,0.98,5,2,1,0.99990002
Regularization,0.0001,0.98,6,2,1,0.99990002
Regularization,0.0001,0.98,7,4,1,0.999966669
Regularization,0.0001,0.98,8,2,1,0.99990002
Regularization,0.0001,0.98,9,2,1,0.99990002
Regularization,0.0001,0.98,10,3,2,0.666655556
NoisyGrammars,,0,1,84,42,0.727502103
NoisyGrammars,,0,2,84,42,0.727502103
NoisyGrammars,,0,3,84,42,0.727502103
NoisyGrammars,,0,4,84,42,0.727502103
NoisyGrammars,,0,5,84,42,0.727502103
NoisyGrammars,,0,6,84,42,0.727502103
NoisyGrammars,,0,7,84,42,0.727502103
NoisyGrammars,,0,8,84,42,0.727502103
NoisyGrammars,,0,9,84,42,0.727502103
NoisyGrammars,,0,10,84,42,0.727502103
NoisyGrammars,,0.4,1,55,28,0.7210913
NoisyGrammars,,0.4,2,51,27,0.709721602
NoisyGrammars,,0.4,3,47,20,0.767176671
NoisyGrammars,,0.4,4,54,27,0.72600941
NoisyGrammars,,0.4,5,43,25,0.681504997
NoisyGrammars,,0.4,6,56,27,0.736066615
NoisyGrammars,,0.4,7,54,29,0.705846231
NoisyGrammars,,0.4,8,45,28,0.660866941
NoisyGrammars,,0.4,9,46,23,0.725258499
NoisyGrammars,,0.4,10,57,25,0.760734097
NoisyGrammars,,0.8,1,12,4,0.801282295
NoisyGrammars,,0.8,2,11,4,0.782389728
NoisyGrammars,,0.8,3,19,9,0.732371508
NoisyGrammars,,0.8,4,23,10,0.755957165
NoisyGrammars,,0.8,5,14,9,0.643604104
NoisyGrammars,,0.8,6,20,8,0.773644525
NoisyGrammars,,0.8,7,14,8,0.678000987
NoisyGrammars,,0.8,8,14,9,0.643604104
NoisyGrammars,,0.8,9,15,8,0.698034002
NoisyGrammars,,0.8,10,15,6,0.769068531
NoisyGrammars,,0.9,1,5,6,0.443429495
NoisyGrammars,,0.9,2,11,7,0.643996524
NoisyGrammars,,0.9,3,11,4,0.782389728
NoisyGrammars,,0.9,4,8,4,0.703493412
NoisyGrammars,,0.9,5,10,2,0.869949983
NoisyGrammars,,0.9,6,11,5,0.733690794
NoisyGrammars,,0.9,7,6,5,0.556570505
NoisyGrammars,,0.9,8,8,6,0.591194671
NoisyGrammars,,0.9,9,7,2,0.809577338
NoisyGrammars,,0.9,10,8,2,0.83422767
NoisyGrammars,,0.95,1,2,1,0.65
NoisyGrammars,,0.95,2,6,2,0.778113383
NoisyGrammars,,0.95,3,5,2,0.7370317
NoisyGrammars,,0.95,4,3,1,0.740384615
NoisyGrammars,,0.95,5,6,3,0.695816532
NoisyGrammars,,0.95,6,4,3,0.582288401
NoisyGrammars,,0.95,7,7,4,0.666485926
NoisyGrammars,,0.95,8,6,3,0.695816532
NoisyGrammars,,0.95,9,5,2,0.7370317
NoisyGrammars,,0.95,10,6,5,0.556570505
NoisyGrammars,,0.98,1,3,2,0.606382979
NoisyGrammars,,0.98,2,2,1,0.65
NoisyGrammars,,0.98,3,3,1,0.740384615
NoisyGrammars,,0.98,4,3,2,0.606382979
NoisyGrammars,,0.98,5,2,1,0.65
NoisyGrammars,,0.98,6,2,1,0.65
NoisyGrammars,,0.98,7,4,1,0.798165138
NoisyGrammars,,0.98,8,2,1,0.65
NoisyGrammars,,0.98,9,2,1,0.65
NoisyGrammars,,0.98,10,3,2,0.606382979